evaluation_track,scenario,method,hypothesis_group_id,root_source,edge_source,edge_target,source,target,parameter,direction,manipulation_level,manipulation_success,source_significant,target_significant,propagation_order_supported,primary_class,underlying_class,intervention_scope,root_onset,source_onset,target_onset,intervention_delay,observational_lag,observational_beta,lag_difference,temporal_direction_concordant,lag_concordant,root_effect,source_effect,target_effect,not_applicable_reason
primary_discovery,deffuant,unrestricted_temporal_search,unrestricted,,macro_network_assortativity,macro_opinion_global_mean,macro_network_assortativity,macro_opinion_global_mean,,,none,False,False,False,False,not_applicable,not_applicable,none,-1,-1,-1,,4,0.1204018324916313,,,,,,,no_legal_upstream_micro_manipulation_root
primary_discovery,deffuant,unrestricted_temporal_search,unrestricted,,macro_network_assortativity,meso_neighborhood_abs_opinion_variance,macro_network_assortativity,meso_neighborhood_abs_opinion_variance,,,none,False,False,False,False,not_applicable,not_applicable,none,-1,-1,-1,,5,0.0704833352415787,,,,,,,no_legal_upstream_micro_manipulation_root
primary_discovery,deffuant,unrestricted_temporal_search,unrestricted,,macro_network_assortativity,meso_neighborhood_agent_shift_variance,macro_network_assortativity,meso_neighborhood_agent_shift_variance,,,none,False,False,False,False,not_applicable,not_applicable,none,-1,-1,-1,,5,0.1707774993484276,,,,,,,no_legal_upstream_micro_manipulation_root
primary_discovery,deffuant,unrestricted_temporal_search,unrestricted,,macro_network_assortativity,micro_accepted_count,macro_network_assortativity,micro_accepted_count,,,none,False,False,False,False,not_applicable,not_applicable,none,-1,-1,-1,,5,0.5170356836582523,,,,,,,no_legal_upstream_micro_manipulation_root
primary_discovery,deffuant,unrestricted_temporal_search,unrestricted,,macro_network_assortativity,micro_accepted_fraction,macro_network_assortativity,micro_accepted_fraction,,,none,False,False,False,False,not_applicable,not_applicable,none,-1,-1,-1,,5,0.5170356836582451,,,,,,,no_legal_upstream_micro_manipulation_root
primary_discovery,deffuant,unrestricted_temporal_search,unrestricted,,macro_network_assortativity,micro_agent_shift_std,macro_network_assortativity,micro_agent_shift_std,,,none,False,False,False,False,not_applicable,not_applicable,none,-1,-1,-1,,5,0.179050377126157,,,,,,,no_legal_upstream_micro_manipulation_root
primary_discovery,deffuant,unrestricted_temporal_search,unrestricted,,macro_network_assortativity,micro_backfire_fraction,macro_network_assortativity,micro_backfire_fraction,,,none,False,False,False,False,not_applicable,not_applicable,none,-1,-1,-1,,1,-0.8520623195967676,,,,,,,no_legal_upstream_micro_manipulation_root
primary_discovery,deffuant,unrestricted_temporal_search,unrestricted,,macro_network_assortativity,micro_extreme_agent_fraction,macro_network_assortativity,micro_extreme_agent_fraction,,,none,False,False,False,False,not_applicable,not_applicable,none,-1,-1,-1,,2,-0.6875183643981968,,,,,,,no_legal_upstream_micro_manipulation_root
primary_discovery,deffuant,unrestricted_temporal_search,unrestricted,,macro_network_assortativity,micro_opinion_p25,macro_network_assortativity,micro_opinion_p25,,,none,False,False,False,False,not_applicable,not_applicable,none,-1,-1,-1,,5,0.1166666295359252,,,,,,,no_legal_upstream_micro_manipulation_root
primary_discovery,deffuant,unrestricted_temporal_search,unrestricted,,macro_network_assortativity,micro_opinion_std,macro_network_assortativity,micro_opinion_std,,,none,False,False,False,False,not_applicable,not_applicable,none,-1,-1,-1,,3,-0.0078844515220411,,,,,,,no_legal_upstream_micro_manipulation_root
primary_discovery,deffuant,unrestricted_temporal_search,unrestricted,,macro_network_assortativity,micro_rejected_fraction,macro_network_assortativity,micro_rejected_fraction,,,none,False,False,False,False,not_applicable,not_applicable,none,-1,-1,-1,,5,-1.5408181841467117,,,,,,,no_legal_upstream_micro_manipulation_root
primary_discovery,deffuant,unrestricted_temporal_search,unrestricted,,macro_network_assortativity,micro_sign_flip_fraction,macro_network_assortativity,micro_sign_flip_fraction,,,none,False,False,False,False,not_applicable,not_applicable,none,-1,-1,-1,,4,-4.164970656278265,,,,,,,no_legal_upstream_micro_manipulation_root
primary_discovery,deffuant,unrestricted_temporal_search,unrestricted,,macro_opinion_global_mean,meso_neighborhood_abs_opinion_std,macro_opinion_global_mean,meso_neighborhood_abs_opinion_std,,,none,False,False,False,False,not_applicable,not_applicable,none,-1,-1,-1,,4,-0.053158944962181,,,,,,,no_legal_upstream_micro_manipulation_root
primary_discovery,deffuant,unrestricted_temporal_search,unrestricted,,macro_opinion_global_mean,meso_neighborhood_abs_opinion_variance,macro_opinion_global_mean,meso_neighborhood_abs_opinion_variance,,,none,False,False,False,False,not_applicable,not_applicable,none,-1,-1,-1,,4,-0.0792599839687117,,,,,,,no_legal_upstream_micro_manipulation_root
primary_discovery,deffuant,unrestricted_temporal_search,unrestricted,,macro_opinion_global_mean,micro_accepted_count,macro_opinion_global_mean,micro_accepted_count,,,none,False,False,False,False,not_applicable,not_applicable,none,-1,-1,-1,,2,0.2354590420951096,,,,,,,no_legal_upstream_micro_manipulation_root
primary_discovery,deffuant,unrestricted_temporal_search,unrestricted,,macro_opinion_global_mean,micro_accepted_fraction,macro_opinion_global_mean,micro_accepted_fraction,,,none,False,False,False,False,not_applicable,not_applicable,none,-1,-1,-1,,2,0.2354590420951083,,,,,,,no_legal_upstream_micro_manipulation_root
primary_discovery,deffuant,unrestricted_temporal_search,unrestricted,,macro_opinion_global_mean,micro_edge_rewired_count,macro_opinion_global_mean,micro_edge_rewired_count,,,none,False,False,False,False,not_applicable,not_applicable,none,-1,-1,-1,,1,0.9911411897203264,,,,,,,no_legal_upstream_micro_manipulation_root
primary_discovery,deffuant,unrestricted_temporal_search,unrestricted,,macro_opinion_global_mean,micro_mean_interaction_distance,macro_opinion_global_mean,micro_mean_interaction_distance,,,none,False,False,False,False,not_applicable,not_applicable,none,-1,-1,-1,,5,0.1529185269477794,,,,,,,no_legal_upstream_micro_manipulation_root
primary_discovery,deffuant,unrestricted_temporal_search,unrestricted,,macro_opinion_global_mean,micro_opinion_p25,macro_opinion_global_mean,micro_opinion_p25,,,none,False,False,False,False,not_applicable,not_applicable,none,-1,-1,-1,,2,-0.1695040973767895,,,,,,,no_legal_upstream_micro_manipulation_root
primary_discovery,deffuant,unrestricted_temporal_search,unrestricted,,macro_opinion_global_mean,micro_rejected_fraction,macro_opinion_global_mean,micro_rejected_fraction,,,none,False,False,False,False,not_applicable,not_applicable,none,-1,-1,-1,,1,0.5006531322197326,,,,,,,no_legal_upstream_micro_manipulation_root
primary_discovery,deffuant,unrestricted_temporal_search,unrestricted,,macro_opinion_global_mean,micro_rewiring_fraction,macro_opinion_global_mean,micro_rewiring_fraction,,,none,False,False,False,False,not_applicable,not_applicable,none,-1,-1,-1,,1,0.9911411897203302,,,,,,,no_legal_upstream_micro_manipulation_root
primary_discovery,deffuant,unrestricted_temporal_search,unrestricted,,macro_opinion_global_variance,micro_accepted_count,macro_opinion_global_variance,micro_accepted_count,,,none,False,False,False,False,not_applicable,not_applicable,none,-1,-1,-1,,3,5.601192600208191,,,,,,,no_legal_upstream_micro_manipulation_root
primary_discovery,deffuant,unrestricted_temporal_search,unrestricted,,macro_opinion_global_variance,micro_accepted_fraction,macro_opinion_global_variance,micro_accepted_fraction,,,none,False,False,False,False,not_applicable,not_applicable,none,-1,-1,-1,,3,5.601192600208673,,,,,,,no_legal_upstream_micro_manipulation_root
primary_discovery,deffuant,unrestricted_temporal_search,unrestricted,,macro_opinion_global_variance,micro_mean_interaction_distance,macro_opinion_global_variance,micro_mean_interaction_distance,,,none,False,False,False,False,not_applicable,not_applicable,none,-1,-1,-1,,1,0.2398052141616088,,,,,,,no_legal_upstream_micro_manipulation_root
primary_discovery,deffuant,unrestricted_temporal_search,unrestricted,,meso_neighborhood_abs_opinion_std,meso_neighborhood_agent_shift_std,meso_neighborhood_abs_opinion_std,meso_neighborhood_agent_shift_std,,,none,False,False,False,False,not_applicable,not_applicable,none,-1,-1,-1,,1,0.8572309600512107,,,,,,,no_legal_upstream_micro_manipulation_root
primary_discovery,deffuant,unrestricted_temporal_search,unrestricted,,meso_neighborhood_abs_opinion_std,meso_neighborhood_agent_shift_variance,meso_neighborhood_abs_opinion_std,meso_neighborhood_agent_shift_variance,,,none,False,False,False,False,not_applicable,not_applicable,none,-1,-1,-1,,1,0.8745801241877103,,,,,,,no_legal_upstream_micro_manipulation_root
primary_discovery,deffuant,unrestricted_temporal_search,unrestricted,,meso_neighborhood_abs_opinion_std,micro_accepted_count,meso_neighborhood_abs_opinion_std,micro_accepted_count,,,none,False,False,False,False,not_applicable,not_applicable,none,-1,-1,-1,,2,1.0364984170628646,,,,,,,no_legal_upstream_micro_manipulation_root
primary_discovery,deffuant,unrestricted_temporal_search,unrestricted,,meso_neighborhood_abs_opinion_std,micro_accepted_fraction,meso_neighborhood_abs_opinion_std,micro_accepted_fraction,,,none,False,False,False,False,not_applicable,not_applicable,none,-1,-1,-1,,2,1.0364984170628428,,,,,,,no_legal_upstream_micro_manipulation_root
primary_discovery,deffuant,unrestricted_temporal_search,unrestricted,,meso_neighborhood_abs_opinion_std,micro_agent_shift_std,meso_neighborhood_abs_opinion_std,micro_agent_shift_std,,,none,False,False,False,False,not_applicable,not_applicable,none,-1,-1,-1,,1,0.9630470181643316,,,,,,,no_legal_upstream_micro_manipulation_root
primary_discovery,deffuant,unrestricted_temporal_search,unrestricted,,meso_neighborhood_abs_opinion_std,micro_mean_abs_agent_shift,meso_neighborhood_abs_opinion_std,micro_mean_abs_agent_shift,,,none,False,False,False,False,not_applicable,not_applicable,none,-1,-1,-1,,1,0.8799527844795497,,,,,,,no_legal_upstream_micro_manipulation_root
primary_discovery,deffuant,unrestricted_temporal_search,unrestricted,,meso_neighborhood_abs_opinion_std,micro_mean_interaction_distance,meso_neighborhood_abs_opinion_std,micro_mean_interaction_distance,,,none,False,False,False,False,not_applicable,not_applicable,none,-1,-1,-1,,2,-0.7676599482291862,,,,,,,no_legal_upstream_micro_manipulation_root
primary_discovery,deffuant,unrestricted_temporal_search,unrestricted,,meso_neighborhood_abs_opinion_std,micro_rejected_fraction,meso_neighborhood_abs_opinion_std,micro_rejected_fraction,,,none,False,False,False,False,not_applicable,not_applicable,none,-1,-1,-1,,2,-1.7639014267513666,,,,,,,no_legal_upstream_micro_manipulation_root
primary_discovery,deffuant,unrestricted_temporal_search,unrestricted,,meso_neighborhood_abs_opinion_variance,meso_neighborhood_agent_shift_std,meso_neighborhood_abs_opinion_variance,meso_neighborhood_agent_shift_std,,,none,False,False,False,False,not_applicable,not_applicable,none,-1,-1,-1,,1,-0.0846502268133906,,,,,,,no_legal_upstream_micro_manipulation_root
primary_discovery,deffuant,unrestricted_temporal_search,unrestricted,,meso_neighborhood_abs_opinion_variance,micro_accepted_count,meso_neighborhood_abs_opinion_variance,micro_accepted_count,,,none,False,False,False,False,not_applicable,not_applicable,none,-1,-1,-1,,2,-0.5290123099505935,,,,,,,no_legal_upstream_micro_manipulation_root
primary_discovery,deffuant,unrestricted_temporal_search,unrestricted,,meso_neighborhood_abs_opinion_variance,micro_accepted_fraction,meso_neighborhood_abs_opinion_variance,micro_accepted_fraction,,,none,False,False,False,False,not_applicable,not_applicable,none,-1,-1,-1,,2,-0.5290123099505853,,,,,,,no_legal_upstream_micro_manipulation_root
primary_discovery,deffuant,unrestricted_temporal_search,unrestricted,,meso_neighborhood_abs_opinion_variance,micro_agent_shift_std,meso_neighborhood_abs_opinion_variance,micro_agent_shift_std,,,none,False,False,False,False,not_applicable,not_applicable,none,-1,-1,-1,,1,-0.1539194611936322,,,,,,,no_legal_upstream_micro_manipulation_root
primary_discovery,deffuant,unrestricted_temporal_search,unrestricted,,meso_neighborhood_abs_opinion_variance,micro_mean_abs_agent_shift,meso_neighborhood_abs_opinion_variance,micro_mean_abs_agent_shift,,,none,False,False,False,False,not_applicable,not_applicable,none,-1,-1,-1,,1,-0.1294869426128415,,,,,,,no_legal_upstream_micro_manipulation_root
primary_discovery,deffuant,unrestricted_temporal_search,unrestricted,,meso_neighborhood_abs_opinion_variance,micro_median_opinion,meso_neighborhood_abs_opinion_variance,micro_median_opinion,,,none,False,False,False,False,not_applicable,not_applicable,none,-1,-1,-1,,3,-0.0343118940662325,,,,,,,no_legal_upstream_micro_manipulation_root
primary_discovery,deffuant,unrestricted_temporal_search,unrestricted,,meso_neighborhood_abs_opinion_variance,micro_rejected_fraction,meso_neighborhood_abs_opinion_variance,micro_rejected_fraction,,,none,False,False,False,False,not_applicable,not_applicable,none,-1,-1,-1,,2,1.6913903408905913,,,,,,,no_legal_upstream_micro_manipulation_root
primary_discovery,deffuant,unrestricted_temporal_search,unrestricted,,meso_neighborhood_abs_opinion_variance,micro_sign_flip_fraction,meso_neighborhood_abs_opinion_variance,micro_sign_flip_fraction,,,none,False,False,False,False,not_applicable,not_applicable,none,-1,-1,-1,,1,0.4093108119768138,,,,,,,no_legal_upstream_micro_manipulation_root
primary_discovery,deffuant,unrestricted_temporal_search,unrestricted,micro_backfire_fraction,meso_neighborhood_agent_shift_std,macro_opinion_global_mean,meso_neighborhood_agent_shift_std,macro_opinion_global_mean,backfire_threshold,minus,micro,False,False,False,False,manipulation_failure,manipulation_failure,upstream_mediated,0,-1,-1,,1,0.049110827891579,,True,,0.084013836920408,-0.0432400345416868,-0.046454595793415,
primary_discovery,deffuant,unrestricted_temporal_search,unrestricted,micro_backfire_fraction,meso_neighborhood_agent_shift_std,macro_opinion_global_mean,meso_neighborhood_agent_shift_std,macro_opinion_global_mean,backfire_threshold,plus,micro,True,False,False,False,no_stable_downstream_effect,no_stable_downstream_effect,upstream_mediated,0,-1,-1,,1,0.049110827891579,,True,,-0.4870857469652804,-0.0640640645111414,-0.0809022014515266,
primary_discovery,deffuant,unrestricted_temporal_search,unrestricted,micro_mean_abs_agent_shift,meso_neighborhood_agent_shift_std,macro_opinion_global_mean,meso_neighborhood_agent_shift_std,macro_opinion_global_mean,assimilation_strength,minus,micro,False,False,False,False,manipulation_failure,manipulation_failure,upstream_mediated,0,0,-1,,1,0.049110827891579,,False,,-0.0862345684606112,-0.127388057277158,0.0522606799435477,
primary_discovery,deffuant,unrestricted_temporal_search,unrestricted,micro_mean_abs_agent_shift,meso_neighborhood_agent_shift_std,macro_opinion_global_mean,meso_neighborhood_agent_shift_std,macro_opinion_global_mean,assimilation_strength,plus,micro,True,True,False,False,no_stable_downstream_effect,no_stable_downstream_effect,upstream_mediated,0,0,-1,,1,0.049110827891579,,True,,0.2127103551405639,0.2616147051366791,0.1048786282602606,
primary_discovery,deffuant,unrestricted_temporal_search,unrestricted,,meso_neighborhood_agent_shift_std,meso_neighborhood_abs_opinion_std,meso_neighborhood_agent_shift_std,meso_neighborhood_abs_opinion_std,,,none,False,False,False,False,not_applicable,not_applicable,none,-1,-1,-1,,4,0.0377728366222097,,,,,,,no_legal_upstream_micro_manipulation_root
primary_discovery,deffuant,unrestricted_temporal_search,unrestricted,,meso_neighborhood_agent_shift_std,meso_neighborhood_abs_opinion_variance,meso_neighborhood_agent_shift_std,meso_neighborhood_abs_opinion_variance,,,none,False,False,False,False,not_applicable,not_applicable,none,-1,-1,-1,,4,0.0744902502788615,,,,,,,no_legal_upstream_micro_manipulation_root
primary_discovery,deffuant,unrestricted_temporal_search,unrestricted,,meso_neighborhood_agent_shift_std,micro_backfire_fraction,meso_neighborhood_agent_shift_std,micro_backfire_fraction,,,none,False,False,False,False,not_applicable,not_applicable,none,-1,-1,-1,,2,0.3513832393473481,,,,,,,no_legal_upstream_micro_manipulation_root
primary_discovery,deffuant,unrestricted_temporal_search,unrestricted,,meso_neighborhood_agent_shift_std,micro_sign_flip_fraction,meso_neighborhood_agent_shift_std,micro_sign_flip_fraction,,,none,False,False,False,False,not_applicable,not_applicable,none,-1,-1,-1,,1,1.2777000423238138,,,,,,,no_legal_upstream_micro_manipulation_root
primary_discovery,deffuant,unrestricted_temporal_search,unrestricted,,meso_neighborhood_agent_shift_variance,macro_opinion_global_mean,meso_neighborhood_agent_shift_variance,macro_opinion_global_mean,,,none,False,False,False,False,not_applicable,not_applicable,none,-1,-1,-1,,1,-0.028639478646913,,,,,,,no_legal_upstream_micro_manipulation_root
primary_discovery,deffuant,unrestricted_temporal_search,unrestricted,,meso_neighborhood_agent_shift_variance,macro_opinion_global_variance,meso_neighborhood_agent_shift_variance,macro_opinion_global_variance,,,none,False,False,False,False,not_applicable,not_applicable,none,-1,-1,-1,,1,-0.013599360154865,,,,,,,no_legal_upstream_micro_manipulation_root
primary_discovery,deffuant,unrestricted_temporal_search,unrestricted,,meso_neighborhood_agent_shift_variance,meso_neighborhood_abs_opinion_std,meso_neighborhood_agent_shift_variance,meso_neighborhood_abs_opinion_std,,,none,False,False,False,False,not_applicable,not_applicable,none,-1,-1,-1,,3,-0.0186837418227016,,,,,,,no_legal_upstream_micro_manipulation_root
primary_discovery,deffuant,unrestricted_temporal_search,unrestricted,,meso_neighborhood_agent_shift_variance,meso_neighborhood_abs_opinion_variance,meso_neighborhood_agent_shift_variance,meso_neighborhood_abs_opinion_variance,,,none,False,False,False,False,not_applicable,not_applicable,none,-1,-1,-1,,3,-0.0432150637044485,,,,,,,no_legal_upstream_micro_manipulation_root
primary_discovery,deffuant,unrestricted_temporal_search,unrestricted,,meso_neighborhood_agent_shift_variance,meso_neighborhood_interaction_distance_variance,meso_neighborhood_agent_shift_variance,meso_neighborhood_interaction_distance_variance,,,none,False,False,False,False,not_applicable,not_applicable,none,-1,-1,-1,,2,-0.2310028398789586,,,,,,,no_legal_upstream_micro_manipulation_root
primary_discovery,deffuant,unrestricted_temporal_search,unrestricted,,meso_neighborhood_agent_shift_variance,micro_accepted_count,meso_neighborhood_agent_shift_variance,micro_accepted_count,,,none,False,False,False,False,not_applicable,not_applicable,none,-1,-1,-1,,3,0.0469015205033868,,,,,,,no_legal_upstream_micro_manipulation_root
primary_discovery,deffuant,unrestricted_temporal_search,unrestricted,,meso_neighborhood_agent_shift_variance,micro_accepted_fraction,meso_neighborhood_agent_shift_variance,micro_accepted_fraction,,,none,False,False,False,False,not_applicable,not_applicable,none,-1,-1,-1,,3,0.0469015205033868,,,,,,,no_legal_upstream_micro_manipulation_root
primary_discovery,deffuant,unrestricted_temporal_search,unrestricted,,meso_neighborhood_agent_shift_variance,micro_backfire_fraction,meso_neighborhood_agent_shift_variance,micro_backfire_fraction,,,none,False,False,False,False,not_applicable,not_applicable,none,-1,-1,-1,,2,-0.168752386717638,,,,,,,no_legal_upstream_micro_manipulation_root
primary_discovery,deffuant,unrestricted_temporal_search,unrestricted,,meso_neighborhood_agent_shift_variance,micro_mean_abs_agent_shift,meso_neighborhood_agent_shift_variance,micro_mean_abs_agent_shift,,,none,False,False,False,False,not_applicable,not_applicable,none,-1,-1,-1,,1,-0.0741919141271523,,,,,,,no_legal_upstream_micro_manipulation_root
primary_discovery,deffuant,unrestricted_temporal_search,unrestricted,,meso_neighborhood_agent_shift_variance,micro_mean_abs_opinion,meso_neighborhood_agent_shift_variance,micro_mean_abs_opinion,,,none,False,False,False,False,not_applicable,not_applicable,none,-1,-1,-1,,1,-0.0165710646531806,,,,,,,no_legal_upstream_micro_manipulation_root
primary_discovery,deffuant,unrestricted_temporal_search,unrestricted,,meso_neighborhood_agent_shift_variance,micro_median_opinion,meso_neighborhood_agent_shift_variance,micro_median_opinion,,,none,False,False,False,False,not_applicable,not_applicable,none,-1,-1,-1,,5,0.0110411953368507,,,,,,,no_legal_upstream_micro_manipulation_root
primary_discovery,deffuant,unrestricted_temporal_search,unrestricted,,meso_neighborhood_agent_shift_variance,micro_opinion_std,meso_neighborhood_agent_shift_variance,micro_opinion_std,,,none,False,False,False,False,not_applicable,not_applicable,none,-1,-1,-1,,1,-0.0160746217185569,,,,,,,no_legal_upstream_micro_manipulation_root
primary_discovery,deffuant,unrestricted_temporal_search,unrestricted,,meso_neighborhood_agent_shift_variance,micro_sign_flip_fraction,meso_neighborhood_agent_shift_variance,micro_sign_flip_fraction,,,none,False,False,False,False,not_applicable,not_applicable,none,-1,-1,-1,,2,0.2706203642581055,,,,,,,no_legal_upstream_micro_manipulation_root
primary_discovery,deffuant,unrestricted_temporal_search,unrestricted,micro_backfire_fraction,meso_neighborhood_interaction_distance_std,macro_network_assortativity,meso_neighborhood_interaction_distance_std,macro_network_assortativity,backfire_threshold,minus,micro,False,False,False,False,manipulation_failure,manipulation_failure,upstream_mediated,0,11,-1,,5,-0.0145684809062451,,False,,0.084013836920408,0.0802655920269371,0.0123667882452513,
primary_discovery,deffuant,unrestricted_temporal_search,unrestricted,micro_backfire_fraction,meso_neighborhood_interaction_distance_std,macro_network_assortativity,meso_neighborhood_interaction_distance_std,macro_network_assortativity,backfire_threshold,plus,micro,True,True,False,False,no_stable_downstream_effect,no_stable_downstream_effect,upstream_mediated,0,7,-1,,5,-0.0145684809062451,,False,,-0.4870857469652804,-0.2618982167764531,-0.0422863610710013,
primary_discovery,deffuant,unrestricted_temporal_search,unrestricted,micro_mean_abs_agent_shift,meso_neighborhood_interaction_distance_std,macro_network_assortativity,meso_neighborhood_interaction_distance_std,macro_network_assortativity,assimilation_strength,minus,micro,False,False,False,False,manipulation_failure,manipulation_failure,upstream_mediated,0,-1,-1,,5,-0.0145684809062451,,True,,-0.0862345684606112,0.1115657932388304,-0.0862291596661703,
primary_discovery,deffuant,unrestricted_temporal_search,unrestricted,micro_mean_abs_agent_shift,meso_neighborhood_interaction_distance_std,macro_network_assortativity,meso_neighborhood_interaction_distance_std,macro_network_assortativity,assimilation_strength,plus,micro,True,False,False,False,no_stable_downstream_effect,no_stable_downstream_effect,upstream_mediated,0,-1,-1,,5,-0.0145684809062451,,True,,0.2127103551405639,-0.0477715322882395,0.0324873884309337,
primary_discovery,deffuant,unrestricted_temporal_search,unrestricted,,meso_neighborhood_interaction_distance_std,macro_opinion_global_mean,meso_neighborhood_interaction_distance_std,macro_opinion_global_mean,,,none,False,False,False,False,not_applicable,not_applicable,none,-1,-1,-1,,1,-0.0109553457006111,,,,,,,no_legal_upstream_micro_manipulation_root
primary_discovery,deffuant,unrestricted_temporal_search,unrestricted,,meso_neighborhood_interaction_distance_std,meso_neighborhood_abs_opinion_variance,meso_neighborhood_interaction_distance_std,meso_neighborhood_abs_opinion_variance,,,none,False,False,False,False,not_applicable,not_applicable,none,-1,-1,-1,,2,0.0465304767498654,,,,,,,no_legal_upstream_micro_manipulation_root
primary_discovery,deffuant,unrestricted_temporal_search,unrestricted,,meso_neighborhood_interaction_distance_std,meso_neighborhood_agent_shift_std,meso_neighborhood_interaction_distance_std,meso_neighborhood_agent_shift_std,,,none,False,False,False,False,not_applicable,not_applicable,none,-1,-1,-1,,1,-0.1673506330414406,,,,,,,no_legal_upstream_micro_manipulation_root
primary_discovery,deffuant,unrestricted_temporal_search,unrestricted,,meso_neighborhood_interaction_distance_std,meso_neighborhood_agent_shift_variance,meso_neighborhood_interaction_distance_std,meso_neighborhood_agent_shift_variance,,,none,False,False,False,False,not_applicable,not_applicable,none,-1,-1,-1,,1,-0.3607447988203289,,,,,,,no_legal_upstream_micro_manipulation_root
primary_discovery,deffuant,unrestricted_temporal_search,unrestricted,,meso_neighborhood_interaction_distance_std,meso_neighborhood_interaction_distance_variance,meso_neighborhood_interaction_distance_std,meso_neighborhood_interaction_distance_variance,,,none,False,False,False,False,not_applicable,not_applicable,none,-1,-1,-1,,4,-0.4732435966125524,,,,,,,no_legal_upstream_micro_manipulation_root
primary_discovery,deffuant,unrestricted_temporal_search,unrestricted,,meso_neighborhood_interaction_distance_std,micro_accepted_count,meso_neighborhood_interaction_distance_std,micro_accepted_count,,,none,False,False,False,False,not_applicable,not_applicable,none,-1,-1,-1,,1,-0.1323023584232287,,,,,,,no_legal_upstream_micro_manipulation_root
primary_discovery,deffuant,unrestricted_temporal_search,unrestricted,,meso_neighborhood_interaction_distance_std,micro_accepted_fraction,meso_neighborhood_interaction_distance_std,micro_accepted_fraction,,,none,False,False,False,False,not_applicable,not_applicable,none,-1,-1,-1,,1,-0.1323023584232267,,,,,,,no_legal_upstream_micro_manipulation_root
primary_discovery,deffuant,unrestricted_temporal_search,unrestricted,,meso_neighborhood_interaction_distance_std,micro_agent_shift_std,meso_neighborhood_interaction_distance_std,micro_agent_shift_std,,,none,False,False,False,False,not_applicable,not_applicable,none,-1,-1,-1,,1,-0.1898419062778903,,,,,,,no_legal_upstream_micro_manipulation_root
primary_discovery,deffuant,unrestricted_temporal_search,unrestricted,,meso_neighborhood_interaction_distance_std,micro_interaction_distance_std,meso_neighborhood_interaction_distance_std,micro_interaction_distance_std,,,none,False,False,False,False,not_applicable,not_applicable,none,-1,-1,-1,,4,-0.5500163932160617,,,,,,,no_legal_upstream_micro_manipulation_root
primary_discovery,deffuant,unrestricted_temporal_search,unrestricted,,meso_neighborhood_interaction_distance_std,micro_mean_abs_agent_shift,meso_neighborhood_interaction_distance_std,micro_mean_abs_agent_shift,,,none,False,False,False,False,not_applicable,not_applicable,none,-1,-1,-1,,1,-0.1215095047975395,,,,,,,no_legal_upstream_micro_manipulation_root
primary_discovery,deffuant,unrestricted_temporal_search,unrestricted,,meso_neighborhood_interaction_distance_variance,macro_network_assortativity,meso_neighborhood_interaction_distance_variance,macro_network_assortativity,,,none,False,False,False,False,not_applicable,not_applicable,none,-1,-1,-1,,5,0.0140860252459614,,,,,,,no_legal_upstream_micro_manipulation_root
primary_discovery,deffuant,unrestricted_temporal_search,unrestricted,,meso_neighborhood_interaction_distance_variance,meso_neighborhood_abs_opinion_std,meso_neighborhood_interaction_distance_variance,meso_neighborhood_abs_opinion_std,,,none,False,False,False,False,not_applicable,not_applicable,none,-1,-1,-1,,4,-0.0054178831556623,,,,,,,no_legal_upstream_micro_manipulation_root
primary_discovery,deffuant,unrestricted_temporal_search,unrestricted,,meso_neighborhood_interaction_distance_variance,meso_neighborhood_abs_opinion_variance,meso_neighborhood_interaction_distance_variance,meso_neighborhood_abs_opinion_variance,,,none,False,False,False,False,not_applicable,not_applicable,none,-1,-1,-1,,3,0.0508020662782445,,,,,,,no_legal_upstream_micro_manipulation_root
primary_discovery,deffuant,unrestricted_temporal_search,unrestricted,,meso_neighborhood_interaction_distance_variance,meso_neighborhood_agent_shift_std,meso_neighborhood_interaction_distance_variance,meso_neighborhood_agent_shift_std,,,none,False,False,False,False,not_applicable,not_applicable,none,-1,-1,-1,,1,0.1759363922324541,,,,,,,no_legal_upstream_micro_manipulation_root
primary_discovery,deffuant,unrestricted_temporal_search,unrestricted,,meso_neighborhood_interaction_distance_variance,meso_neighborhood_agent_shift_variance,meso_neighborhood_interaction_distance_variance,meso_neighborhood_agent_shift_variance,,,none,False,False,False,False,not_applicable,not_applicable,none,-1,-1,-1,,1,0.3020583580844023,,,,,,,no_legal_upstream_micro_manipulation_root
primary_discovery,deffuant,unrestricted_temporal_search,unrestricted,,meso_neighborhood_interaction_distance_variance,micro_accepted_count,meso_neighborhood_interaction_distance_variance,micro_accepted_count,,,none,False,False,False,False,not_applicable,not_applicable,none,-1,-1,-1,,1,0.1569998999532007,,,,,,,no_legal_upstream_micro_manipulation_root
primary_discovery,deffuant,unrestricted_temporal_search,unrestricted,,meso_neighborhood_interaction_distance_variance,micro_accepted_fraction,meso_neighborhood_interaction_distance_variance,micro_accepted_fraction,,,none,False,False,False,False,not_applicable,not_applicable,none,-1,-1,-1,,1,0.1569998999531997,,,,,,,no_legal_upstream_micro_manipulation_root
primary_discovery,deffuant,unrestricted_temporal_search,unrestricted,,meso_neighborhood_interaction_distance_variance,micro_agent_shift_std,meso_neighborhood_interaction_distance_variance,micro_agent_shift_std,,,none,False,False,False,False,not_applicable,not_applicable,none,-1,-1,-1,,1,0.1828121067308709,,,,,,,no_legal_upstream_micro_manipulation_root
primary_discovery,deffuant,unrestricted_temporal_search,unrestricted,,meso_neighborhood_interaction_distance_variance,micro_backfire_fraction,meso_neighborhood_interaction_distance_variance,micro_backfire_fraction,,,none,False,False,False,False,not_applicable,not_applicable,none,-1,-1,-1,,1,-0.0390774770763088,,,,,,,no_legal_upstream_micro_manipulation_root
primary_discovery,deffuant,unrestricted_temporal_search,unrestricted,,meso_neighborhood_interaction_distance_variance,micro_mean_abs_agent_shift,meso_neighborhood_interaction_distance_variance,micro_mean_abs_agent_shift,,,none,False,False,False,False,not_applicable,not_applicable,none,-1,-1,-1,,1,0.1407918297672595,,,,,,,no_legal_upstream_micro_manipulation_root
primary_discovery,deffuant,unrestricted_temporal_search,unrestricted,,meso_neighborhood_interaction_distance_variance,micro_mean_interaction_distance,meso_neighborhood_interaction_distance_variance,micro_mean_interaction_distance,,,none,False,False,False,False,not_applicable,not_applicable,none,-1,-1,-1,,1,-0.1008490577812275,,,,,,,no_legal_upstream_micro_manipulation_root
primary_discovery,deffuant,unrestricted_temporal_search,unrestricted,,meso_neighborhood_interaction_distance_variance,micro_opinion_p25,meso_neighborhood_interaction_distance_variance,micro_opinion_p25,,,none,False,False,False,False,not_applicable,not_applicable,none,-1,-1,-1,,1,0.0478105223144107,,,,,,,no_legal_upstream_micro_manipulation_root
primary_discovery,deffuant,unrestricted_temporal_search,unrestricted,,meso_neighborhood_opinion_std,meso_neighborhood_abs_opinion_std,meso_neighborhood_opinion_std,meso_neighborhood_abs_opinion_std,,,none,False,False,False,False,not_applicable,not_applicable,none,-1,-1,-1,,1,-0.0297907227361392,,,,,,,no_legal_upstream_micro_manipulation_root
primary_discovery,deffuant,unrestricted_temporal_search,unrestricted,,meso_neighborhood_opinion_std,meso_neighborhood_interaction_distance_std,meso_neighborhood_opinion_std,meso_neighborhood_interaction_distance_std,,,none,False,False,False,False,not_applicable,not_applicable,none,-1,-1,-1,,4,1.021783249510703,,,,,,,no_legal_upstream_micro_manipulation_root
primary_discovery,deffuant,unrestricted_temporal_search,unrestricted,,meso_neighborhood_opinion_std,meso_neighborhood_interaction_distance_variance,meso_neighborhood_opinion_std,meso_neighborhood_interaction_distance_variance,,,none,False,False,False,False,not_applicable,not_applicable,none,-1,-1,-1,,4,0.5000397793250868,,,,,,,no_legal_upstream_micro_manipulation_root
primary_discovery,deffuant,unrestricted_temporal_search,unrestricted,,meso_neighborhood_opinion_std,micro_interaction_distance_std,meso_neighborhood_opinion_std,micro_interaction_distance_std,,,none,False,False,False,False,not_applicable,not_applicable,none,-1,-1,-1,,4,1.0623321147295115,,,,,,,no_legal_upstream_micro_manipulation_root
primary_discovery,deffuant,unrestricted_temporal_search,unrestricted,,meso_neighborhood_opinion_variance,meso_neighborhood_interaction_distance_variance,meso_neighborhood_opinion_variance,meso_neighborhood_interaction_distance_variance,,,none,False,False,False,False,not_applicable,not_applicable,none,-1,-1,-1,,1,0.8330351940843768,,,,,,,no_legal_upstream_micro_manipulation_root
primary_discovery,deffuant,unrestricted_temporal_search,unrestricted,,meso_neighborhood_opinion_variance,meso_neighborhood_opinion_std,meso_neighborhood_opinion_variance,meso_neighborhood_opinion_std,,,none,False,False,False,False,not_applicable,not_applicable,none,-1,-1,-1,,5,0.0295285633623759,,,,,,,no_legal_upstream_micro_manipulation_root
primary_discovery,deffuant,unrestricted_temporal_search,unrestricted,,meso_neighborhood_opinion_variance,micro_extreme_agent_fraction,meso_neighborhood_opinion_variance,micro_extreme_agent_fraction,,,none,False,False,False,False,not_applicable,not_applicable,none,-1,-1,-1,,4,-1.198840243152678,,,,,,,no_legal_upstream_micro_manipulation_root
primary_discovery,deffuant,unrestricted_temporal_search,unrestricted,,meso_neighborhood_opinion_variance,micro_interaction_distance_std,meso_neighborhood_opinion_variance,micro_interaction_distance_std,,,none,False,False,False,False,not_applicable,not_applicable,none,-1,-1,-1,,1,0.7294673937511198,,,,,,,no_legal_upstream_micro_manipulation_root
primary_discovery,deffuant,unrestricted_temporal_search,unrestricted,,meso_neighborhood_opinion_variance,micro_mean_interaction_distance,meso_neighborhood_opinion_variance,micro_mean_interaction_distance,,,none,False,False,False,False,not_applicable,not_applicable,none,-1,-1,-1,,1,0.2898129959018244,,,,,,,no_legal_upstream_micro_manipulation_root
primary_discovery,deffuant,unrestricted_temporal_search,unrestricted,,micro_accepted_count,macro_network_assortativity,micro_accepted_count,macro_network_assortativity,,,none,False,False,False,False,not_applicable,not_applicable,none,-1,-1,-1,,1,0.0130286357485107,,,,,,,no_legal_upstream_micro_manipulation_root
primary_discovery,deffuant,unrestricted_temporal_search,unrestricted,,micro_accepted_count,meso_neighborhood_abs_opinion_std,micro_accepted_count,meso_neighborhood_abs_opinion_std,,,none,False,False,False,False,not_applicable,not_applicable,none,-1,-1,-1,,5,0.0030924347971574,,,,,,,no_legal_upstream_micro_manipulation_root
primary_discovery,deffuant,unrestricted_temporal_search,unrestricted,,micro_accepted_count,meso_neighborhood_abs_opinion_variance,micro_accepted_count,meso_neighborhood_abs_opinion_variance,,,none,False,False,False,False,not_applicable,not_applicable,none,-1,-1,-1,,3,-0.0251576351717918,,,,,,,no_legal_upstream_micro_manipulation_root
primary_discovery,deffuant,unrestricted_temporal_search,unrestricted,,micro_accepted_count,meso_neighborhood_agent_shift_variance,micro_accepted_count,meso_neighborhood_agent_shift_variance,,,none,False,False,False,False,not_applicable,not_applicable,none,-1,-1,-1,,1,-0.1565734318420304,,,,,,,no_legal_upstream_micro_manipulation_root
primary_discovery,deffuant,unrestricted_temporal_search,unrestricted,,micro_accepted_count,meso_neighborhood_opinion_std,micro_accepted_count,meso_neighborhood_opinion_std,,,none,False,False,False,False,not_applicable,not_applicable,none,-1,-1,-1,,1,-0.0113341563234436,,,,,,,no_legal_upstream_micro_manipulation_root
primary_discovery,deffuant,unrestricted_temporal_search,unrestricted,,micro_accepted_count,meso_neighborhood_opinion_variance,micro_accepted_count,meso_neighborhood_opinion_variance,,,none,False,False,False,False,not_applicable,not_applicable,none,-1,-1,-1,,1,-0.0208161192765869,,,,,,,no_legal_upstream_micro_manipulation_root
primary_discovery,deffuant,unrestricted_temporal_search,unrestricted,,micro_accepted_count,micro_agent_shift_std,micro_accepted_count,micro_agent_shift_std,,,none,False,False,False,False,not_applicable,not_applicable,none,-1,-1,-1,,1,-0.1091093098019062,,,,,,,no_legal_upstream_micro_manipulation_root
primary_discovery,deffuant,unrestricted_temporal_search,unrestricted,,micro_accepted_count,micro_extreme_agent_fraction,micro_accepted_count,micro_extreme_agent_fraction,,,none,False,False,False,False,not_applicable,not_applicable,none,-1,-1,-1,,1,0.1303506421136118,,,,,,,no_legal_upstream_micro_manipulation_root
primary_discovery,deffuant,unrestricted_temporal_search,unrestricted,,micro_accepted_count,micro_mean_abs_agent_shift,micro_accepted_count,micro_mean_abs_agent_shift,,,none,False,False,False,False,not_applicable,not_applicable,none,-1,-1,-1,,2,0.0676848994426718,,,,,,,no_legal_upstream_micro_manipulation_root
primary_discovery,deffuant,unrestricted_temporal_search,unrestricted,,micro_accepted_count,micro_opinion_p25,micro_accepted_count,micro_opinion_p25,,,none,False,False,False,False,not_applicable,not_applicable,none,-1,-1,-1,,1,-0.0269191185387391,,,,,,,no_legal_upstream_micro_manipulation_root
primary_discovery,deffuant,unrestricted_temporal_search,unrestricted,,micro_accepted_fraction,macro_network_assortativity,micro_accepted_fraction,macro_network_assortativity,,,none,False,False,False,False,not_applicable,not_applicable,none,-1,-1,-1,,1,0.0130286357485107,,,,,,,no_legal_upstream_micro_manipulation_root
primary_discovery,deffuant,unrestricted_temporal_search,unrestricted,micro_accepted_fraction,micro_accepted_fraction,meso_neighborhood_abs_opinion_std,micro_accepted_fraction,meso_neighborhood_abs_opinion_std,confidence_bound,minus,micro,True,True,True,True,supported,supported,direct_root,0,0,1,1.0,5,0.0030924347971583,-4.0,False,False,-0.8313759904925954,-0.8313759904925954,1.2739810080945135,
primary_discovery,deffuant,unrestricted_temporal_search,unrestricted,micro_accepted_fraction,micro_accepted_fraction,meso_neighborhood_abs_opinion_std,micro_accepted_fraction,meso_neighborhood_abs_opinion_std,confidence_bound,plus,micro,True,True,True,True,supported,supported,direct_root,0,0,13,13.0,5,0.0030924347971583,8.0,True,False,0.6414189382753075,0.6414189382753075,0.5441427942512459,
primary_discovery,deffuant,unrestricted_temporal_search,unrestricted,micro_accepted_fraction,micro_accepted_fraction,meso_neighborhood_abs_opinion_variance,micro_accepted_fraction,meso_neighborhood_abs_opinion_variance,confidence_bound,minus,micro,True,True,True,True,supported,supported,direct_root,0,0,1,1.0,3,-0.0251576351718778,-2.0,True,True,-0.8313759904925954,-0.8313759904925954,1.7788837381893383,
primary_discovery,deffuant,unrestricted_temporal_search,unrestricted,micro_accepted_fraction,micro_accepted_fraction,meso_neighborhood_abs_opinion_variance,micro_accepted_fraction,meso_neighborhood_abs_opinion_variance,confidence_bound,plus,micro,True,True,True,True,supported,supported,direct_root,0,0,13,13.0,3,-0.0251576351718778,10.0,False,False,0.6414189382753075,0.6414189382753075,0.5402749979139813,
primary_discovery,deffuant,unrestricted_temporal_search,unrestricted,micro_accepted_fraction,micro_accepted_fraction,meso_neighborhood_agent_shift_variance,micro_accepted_fraction,meso_neighborhood_agent_shift_variance,confidence_bound,minus,micro,True,True,False,True,no_stable_downstream_effect,no_stable_downstream_effect,direct_root,0,0,0,0.0,1,-0.1565734318420332,-1.0,False,True,-0.8313759904925954,-0.8313759904925954,-0.0403247255987085,
primary_discovery,deffuant,unrestricted_temporal_search,unrestricted,micro_accepted_fraction,micro_accepted_fraction,meso_neighborhood_agent_shift_variance,micro_accepted_fraction,meso_neighborhood_agent_shift_variance,confidence_bound,plus,micro,True,True,True,True,supported,supported,direct_root,0,0,0,0.0,1,-0.1565734318420332,-1.0,False,True,0.6414189382753075,0.6414189382753075,2.263974242029592,
primary_discovery,deffuant,unrestricted_temporal_search,unrestricted,micro_accepted_fraction,micro_accepted_fraction,meso_neighborhood_opinion_std,micro_accepted_fraction,meso_neighborhood_opinion_std,confidence_bound,minus,micro,True,True,True,True,supported,supported,direct_root,0,0,7,7.0,1,-0.0113341563234443,6.0,True,False,-0.8313759904925954,-0.8313759904925954,0.4704083639003456,
primary_discovery,deffuant,unrestricted_temporal_search,unrestricted,micro_accepted_fraction,micro_accepted_fraction,meso_neighborhood_opinion_std,micro_accepted_fraction,meso_neighborhood_opinion_std,confidence_bound,plus,micro,True,True,True,True,supported,supported,direct_root,0,0,2,2.0,1,-0.0113341563234443,1.0,True,True,0.6414189382753075,0.6414189382753075,-0.7477673879659644,
primary_discovery,deffuant,unrestricted_temporal_search,unrestricted,micro_accepted_fraction,micro_accepted_fraction,meso_neighborhood_opinion_variance,micro_accepted_fraction,meso_neighborhood_opinion_variance,confidence_bound,minus,micro,True,True,True,True,supported,supported,direct_root,0,0,4,4.0,1,-0.0208161192765868,3.0,True,False,-0.8313759904925954,-0.8313759904925954,0.5407655409175115,
primary_discovery,deffuant,unrestricted_temporal_search,unrestricted,micro_accepted_fraction,micro_accepted_fraction,meso_neighborhood_opinion_variance,micro_accepted_fraction,meso_neighborhood_opinion_variance,confidence_bound,plus,micro,True,True,True,True,supported,supported,direct_root,0,0,2,2.0,1,-0.0208161192765868,1.0,True,True,0.6414189382753075,0.6414189382753075,-1.044836590453872,
primary_discovery,deffuant,unrestricted_temporal_search,unrestricted,,micro_accepted_fraction,micro_agent_shift_std,micro_accepted_fraction,micro_agent_shift_std,,,none,False,False,False,False,not_applicable,not_applicable,none,-1,-1,-1,,1,-0.1091093098019082,,,,,,,no_legal_upstream_micro_manipulation_root
primary_discovery,deffuant,unrestricted_temporal_search,unrestricted,,micro_accepted_fraction,micro_extreme_agent_fraction,micro_accepted_fraction,micro_extreme_agent_fraction,,,none,False,False,False,False,not_applicable,not_applicable,none,-1,-1,-1,,1,0.1303506421135991,,,,,,,no_legal_upstream_micro_manipulation_root
primary_discovery,deffuant,unrestricted_temporal_search,unrestricted,,micro_accepted_fraction,micro_mean_abs_agent_shift,micro_accepted_fraction,micro_mean_abs_agent_shift,,,none,False,False,False,False,not_applicable,not_applicable,none,-1,-1,-1,,2,0.067684899442674,,,,,,,no_legal_upstream_micro_manipulation_root
primary_discovery,deffuant,unrestricted_temporal_search,unrestricted,,micro_accepted_fraction,micro_opinion_p25,micro_accepted_fraction,micro_opinion_p25,,,none,False,False,False,False,not_applicable,not_applicable,none,-1,-1,-1,,1,-0.0269191185387414,,,,,,,no_legal_upstream_micro_manipulation_root
primary_discovery,deffuant,unrestricted_temporal_search,unrestricted,,micro_agent_shift_std,meso_neighborhood_abs_opinion_std,micro_agent_shift_std,meso_neighborhood_abs_opinion_std,,,none,False,False,False,False,not_applicable,not_applicable,none,-1,-1,-1,,3,0.0379445483741797,,,,,,,no_legal_upstream_micro_manipulation_root
primary_discovery,deffuant,unrestricted_temporal_search,unrestricted,,micro_agent_shift_std,meso_neighborhood_abs_opinion_variance,micro_agent_shift_std,meso_neighborhood_abs_opinion_variance,,,none,False,False,False,False,not_applicable,not_applicable,none,-1,-1,-1,,3,0.06636243777015,,,,,,,no_legal_upstream_micro_manipulation_root
primary_discovery,deffuant,unrestricted_temporal_search,unrestricted,,micro_agent_shift_std,meso_neighborhood_agent_shift_std,micro_agent_shift_std,meso_neighborhood_agent_shift_std,,,none,False,False,False,False,not_applicable,not_applicable,none,-1,-1,-1,,1,0.2425269953627121,,,,,,,no_legal_upstream_micro_manipulation_root
primary_discovery,deffuant,unrestricted_temporal_search,unrestricted,,micro_agent_shift_std,meso_neighborhood_agent_shift_variance,micro_agent_shift_std,meso_neighborhood_agent_shift_variance,,,none,False,False,False,False,not_applicable,not_applicable,none,-1,-1,-1,,1,0.2714723636021448,,,,,,,no_legal_upstream_micro_manipulation_root
primary_discovery,deffuant,unrestricted_temporal_search,unrestricted,,micro_agent_shift_std,micro_mean_abs_agent_shift,micro_agent_shift_std,micro_mean_abs_agent_shift,,,none,False,False,False,False,not_applicable,not_applicable,none,-1,-1,-1,,1,0.1867312058887436,,,,,,,no_legal_upstream_micro_manipulation_root
primary_discovery,deffuant,unrestricted_temporal_search,unrestricted,,micro_agent_shift_std,micro_mean_abs_opinion,micro_agent_shift_std,micro_mean_abs_opinion,,,none,False,False,False,False,not_applicable,not_applicable,none,-1,-1,-1,,1,0.0132213229368268,,,,,,,no_legal_upstream_micro_manipulation_root
primary_discovery,deffuant,unrestricted_temporal_search,unrestricted,,micro_agent_shift_std,micro_opinion_std,micro_agent_shift_std,micro_opinion_std,,,none,False,False,False,False,not_applicable,not_applicable,none,-1,-1,-1,,1,0.0123343460303774,,,,,,,no_legal_upstream_micro_manipulation_root
primary_discovery,deffuant,unrestricted_temporal_search,unrestricted,,micro_backfire_fraction,macro_network_assortativity,micro_backfire_fraction,macro_network_assortativity,,,none,False,False,False,False,not_applicable,not_applicable,none,-1,-1,-1,,1,-0.0148769998077844,,,,,,,no_legal_upstream_micro_manipulation_root
primary_discovery,deffuant,unrestricted_temporal_search,unrestricted,micro_backfire_fraction,micro_backfire_fraction,meso_neighborhood_abs_opinion_std,micro_backfire_fraction,meso_neighborhood_abs_opinion_std,backfire_threshold,minus,micro,False,False,False,True,manipulation_failure,manipulation_failure,direct_root,0,0,35,35.0,3,0.0134830601527589,32.0,False,False,0.084013836920408,0.084013836920408,-0.087379764038482,
primary_discovery,deffuant,unrestricted_temporal_search,unrestricted,micro_backfire_fraction,micro_backfire_fraction,meso_neighborhood_abs_opinion_std,micro_backfire_fraction,meso_neighborhood_abs_opinion_std,backfire_threshold,plus,micro,True,True,False,False,no_stable_downstream_effect,no_stable_downstream_effect,direct_root,0,0,-1,,3,0.0134830601527589,,False,,-0.4870857469652804,-0.4870857469652804,0.0659603531112091,
primary_discovery,deffuant,unrestricted_temporal_search,unrestricted,micro_backfire_fraction,micro_backfire_fraction,meso_neighborhood_abs_opinion_variance,micro_backfire_fraction,meso_neighborhood_abs_opinion_variance,backfire_threshold,minus,micro,False,False,False,True,manipulation_failure,manipulation_failure,direct_root,0,0,13,13.0,3,0.0291719804659628,10.0,False,False,0.084013836920408,0.084013836920408,-0.107662156934765,
primary_discovery,deffuant,unrestricted_temporal_search,unrestricted,micro_backfire_fraction,micro_backfire_fraction,meso_neighborhood_abs_opinion_variance,micro_backfire_fraction,meso_neighborhood_abs_opinion_variance,backfire_threshold,plus,micro,True,True,False,False,no_stable_downstream_effect,no_stable_downstream_effect,direct_root,0,0,-1,,3,0.0291719804659628,,False,,-0.4870857469652804,-0.4870857469652804,0.1319852523720169,
primary_discovery,deffuant,unrestricted_temporal_search,unrestricted,micro_backfire_fraction,micro_backfire_fraction,meso_neighborhood_agent_shift_std,micro_backfire_fraction,meso_neighborhood_agent_shift_std,backfire_threshold,minus,micro,False,False,False,False,manipulation_failure,manipulation_failure,direct_root,0,0,-1,,1,0.1531636921069119,,False,,0.084013836920408,0.084013836920408,-0.0432400345416868,
primary_discovery,deffuant,unrestricted_temporal_search,unrestricted,micro_backfire_fraction,micro_backfire_fraction,meso_neighborhood_agent_shift_std,micro_backfire_fraction,meso_neighborhood_agent_shift_std,backfire_threshold,plus,micro,True,True,False,False,no_stable_downstream_effect,no_stable_downstream_effect,direct_root,0,0,-1,,1,0.1531636921069119,,True,,-0.4870857469652804,-0.4870857469652804,-0.0640640645111414,
primary_discovery,deffuant,unrestricted_temporal_search,unrestricted,micro_backfire_fraction,micro_backfire_fraction,meso_neighborhood_agent_shift_variance,micro_backfire_fraction,meso_neighborhood_agent_shift_variance,backfire_threshold,minus,micro,False,False,False,True,manipulation_failure,manipulation_failure,direct_root,0,0,23,23.0,1,0.2267345428957176,22.0,False,False,0.084013836920408,0.084013836920408,-0.0574590660939383,
primary_discovery,deffuant,unrestricted_temporal_search,unrestricted,micro_backfire_fraction,micro_backfire_fraction,meso_neighborhood_agent_shift_variance,micro_backfire_fraction,meso_neighborhood_agent_shift_variance,backfire_threshold,plus,micro,True,True,False,False,no_stable_downstream_effect,no_stable_downstream_effect,direct_root,0,0,-1,,1,0.2267345428957176,,True,,-0.4870857469652804,-0.4870857469652804,-0.0020300838480163,
primary_discovery,deffuant,unrestricted_temporal_search,unrestricted,micro_backfire_fraction,micro_backfire_fraction,meso_neighborhood_opinion_std,micro_backfire_fraction,meso_neighborhood_opinion_std,backfire_threshold,minus,micro,False,False,False,True,manipulation_failure,manipulation_failure,direct_root,0,0,13,13.0,1,0.014216825011567,12.0,True,False,0.084013836920408,0.084013836920408,0.0785322810031028,
primary_discovery,deffuant,unrestricted_temporal_search,unrestricted,micro_backfire_fraction,micro_backfire_fraction,meso_neighborhood_opinion_std,micro_backfire_fraction,meso_neighborhood_opinion_std,backfire_threshold,plus,micro,True,True,True,True,supported,supported,direct_root,0,0,6,6.0,1,0.014216825011567,5.0,True,False,-0.4870857469652804,-0.4870857469652804,-0.2347132699482915,
primary_discovery,deffuant,unrestricted_temporal_search,unrestricted,micro_backfire_fraction,micro_backfire_fraction,meso_neighborhood_opinion_variance,micro_backfire_fraction,meso_neighborhood_opinion_variance,backfire_threshold,minus,micro,False,False,True,True,manipulation_failure,manipulation_failure,direct_root,0,0,7,7.0,3,0.0199312087072402,4.0,True,False,0.084013836920408,0.084013836920408,0.153541797345537,
primary_discovery,deffuant,unrestricted_temporal_search,unrestricted,micro_backfire_fraction,micro_backfire_fraction,meso_neighborhood_opinion_variance,micro_backfire_fraction,meso_neighborhood_opinion_variance,backfire_threshold,plus,micro,True,True,True,True,supported,supported,direct_root,0,0,4,4.0,3,0.0199312087072402,1.0,True,True,-0.4870857469652804,-0.4870857469652804,-0.4314048539214258,
primary_discovery,deffuant,unrestricted_temporal_search,unrestricted,,micro_backfire_fraction,micro_agent_shift_std,micro_backfire_fraction,micro_agent_shift_std,,,none,False,False,False,False,not_applicable,not_applicable,none,-1,-1,-1,,1,0.1568946769802356,,,,,,,no_legal_upstream_micro_manipulation_root
primary_discovery,deffuant,unrestricted_temporal_search,unrestricted,,micro_backfire_fraction,micro_extreme_agent_fraction,micro_backfire_fraction,micro_extreme_agent_fraction,,,none,False,False,False,False,not_applicable,not_applicable,none,-1,-1,-1,,1,-0.1746537972065978,,,,,,,no_legal_upstream_micro_manipulation_root
primary_discovery,deffuant,unrestricted_temporal_search,unrestricted,,micro_backfire_fraction,micro_mean_abs_agent_shift,micro_backfire_fraction,micro_mean_abs_agent_shift,,,none,False,False,False,False,not_applicable,not_applicable,none,-1,-1,-1,,1,0.1594844813292117,,,,,,,no_legal_upstream_micro_manipulation_root
primary_discovery,deffuant,unrestricted_temporal_search,unrestricted,,micro_backfire_fraction,micro_rejected_fraction,micro_backfire_fraction,micro_rejected_fraction,,,none,False,False,False,False,not_applicable,not_applicable,none,-1,-1,-1,,1,-0.1335013410431047,,,,,,,no_legal_upstream_micro_manipulation_root
primary_discovery,deffuant,unrestricted_temporal_search,unrestricted,,micro_edge_rewired_count,macro_network_assortativity,micro_edge_rewired_count,macro_network_assortativity,,,none,False,False,False,False,not_applicable,not_applicable,none,-1,-1,-1,,1,0.0156718451980738,,,,,,,no_legal_upstream_micro_manipulation_root
primary_discovery,deffuant,unrestricted_temporal_search,unrestricted,,micro_edge_rewired_count,macro_opinion_global_mean,micro_edge_rewired_count,macro_opinion_global_mean,,,none,False,False,False,False,not_applicable,not_applicable,none,-1,-1,-1,,4,0.002759772662328,,,,,,,no_legal_upstream_micro_manipulation_root
primary_discovery,deffuant,unrestricted_temporal_search,unrestricted,,micro_edge_rewired_count,macro_opinion_global_variance,micro_edge_rewired_count,macro_opinion_global_variance,,,none,False,False,False,False,not_applicable,not_applicable,none,-1,-1,-1,,3,-0.000704188735707,,,,,,,no_legal_upstream_micro_manipulation_root
primary_discovery,deffuant,unrestricted_temporal_search,unrestricted,,micro_edge_rewired_count,meso_neighborhood_abs_opinion_std,micro_edge_rewired_count,meso_neighborhood_abs_opinion_std,,,none,False,False,False,False,not_applicable,not_applicable,none,-1,-1,-1,,1,-0.0021080320417518,,,,,,,no_legal_upstream_micro_manipulation_root
primary_discovery,deffuant,unrestricted_temporal_search,unrestricted,,micro_edge_rewired_count,meso_neighborhood_abs_opinion_variance,micro_edge_rewired_count,meso_neighborhood_abs_opinion_variance,,,none,False,False,False,False,not_applicable,not_applicable,none,-1,-1,-1,,1,-0.0029266036713001,,,,,,,no_legal_upstream_micro_manipulation_root
primary_discovery,deffuant,unrestricted_temporal_search,unrestricted,,micro_edge_rewired_count,meso_neighborhood_agent_shift_std,micro_edge_rewired_count,meso_neighborhood_agent_shift_std,,,none,False,False,False,False,not_applicable,not_applicable,none,-1,-1,-1,,1,0.011978129390735,,,,,,,no_legal_upstream_micro_manipulation_root
primary_discovery,deffuant,unrestricted_temporal_search,unrestricted,,micro_edge_rewired_count,meso_neighborhood_agent_shift_variance,micro_edge_rewired_count,meso_neighborhood_agent_shift_variance,,,none,False,False,False,False,not_applicable,not_applicable,none,-1,-1,-1,,1,0.0204132047224925,,,,,,,no_legal_upstream_micro_manipulation_root
primary_discovery,deffuant,unrestricted_temporal_search,unrestricted,,micro_edge_rewired_count,meso_neighborhood_interaction_distance_variance,micro_edge_rewired_count,meso_neighborhood_interaction_distance_variance,,,none,False,False,False,False,not_applicable,not_applicable,none,-1,-1,-1,,1,-0.0215368802227037,,,,,,,no_legal_upstream_micro_manipulation_root
primary_discovery,deffuant,unrestricted_temporal_search,unrestricted,,micro_edge_rewired_count,meso_neighborhood_opinion_std,micro_edge_rewired_count,meso_neighborhood_opinion_std,,,none,False,False,False,False,not_applicable,not_applicable,none,-1,-1,-1,,1,-0.0148309911025783,,,,,,,no_legal_upstream_micro_manipulation_root
primary_discovery,deffuant,unrestricted_temporal_search,unrestricted,,micro_edge_rewired_count,meso_neighborhood_opinion_variance,micro_edge_rewired_count,meso_neighborhood_opinion_variance,,,none,False,False,False,False,not_applicable,not_applicable,none,-1,-1,-1,,1,-0.0187732857902035,,,,,,,no_legal_upstream_micro_manipulation_root
primary_discovery,deffuant,unrestricted_temporal_search,unrestricted,,micro_edge_rewired_count,micro_accepted_count,micro_edge_rewired_count,micro_accepted_count,,,none,False,False,False,False,not_applicable,not_applicable,none,-1,-1,-1,,1,0.021766078175671,,,,,,,no_legal_upstream_micro_manipulation_root
primary_discovery,deffuant,unrestricted_temporal_search,unrestricted,,micro_edge_rewired_count,micro_accepted_fraction,micro_edge_rewired_count,micro_accepted_fraction,,,none,False,False,False,False,not_applicable,not_applicable,none,-1,-1,-1,,1,0.0217660781720921,,,,,,,no_legal_upstream_micro_manipulation_root
primary_discovery,deffuant,unrestricted_temporal_search,unrestricted,,micro_edge_rewired_count,micro_agent_shift_std,micro_edge_rewired_count,micro_agent_shift_std,,,none,False,False,False,False,not_applicable,not_applicable,none,-1,-1,-1,,1,0.0127886780482505,,,,,,,no_legal_upstream_micro_manipulation_root
primary_discovery,deffuant,unrestricted_temporal_search,unrestricted,,micro_edge_rewired_count,micro_backfire_fraction,micro_edge_rewired_count,micro_backfire_fraction,,,none,False,False,False,False,not_applicable,not_applicable,none,-1,-1,-1,,1,-0.0177258076965406,,,,,,,no_legal_upstream_micro_manipulation_root
primary_discovery,deffuant,unrestricted_temporal_search,unrestricted,,micro_edge_rewired_count,micro_interaction_distance_std,micro_edge_rewired_count,micro_interaction_distance_std,,,none,False,False,False,False,not_applicable,not_applicable,none,-1,-1,-1,,1,-0.0260479873632843,,,,,,,no_legal_upstream_micro_manipulation_root
primary_discovery,deffuant,unrestricted_temporal_search,unrestricted,,micro_edge_rewired_count,micro_mean_abs_agent_shift,micro_edge_rewired_count,micro_mean_abs_agent_shift,,,none,False,False,False,False,not_applicable,not_applicable,none,-1,-1,-1,,1,0.0119781566237876,,,,,,,no_legal_upstream_micro_manipulation_root
primary_discovery,deffuant,unrestricted_temporal_search,unrestricted,,micro_edge_rewired_count,micro_mean_interaction_distance,micro_edge_rewired_count,micro_mean_interaction_distance,,,none,False,False,False,False,not_applicable,not_applicable,none,-1,-1,-1,,1,-0.013116173620428,,,,,,,no_legal_upstream_micro_manipulation_root
primary_discovery,deffuant,unrestricted_temporal_search,unrestricted,,micro_edge_rewired_count,micro_median_opinion,micro_edge_rewired_count,micro_median_opinion,,,none,False,False,False,False,not_applicable,not_applicable,none,-1,-1,-1,,4,0.0017161687584258,,,,,,,no_legal_upstream_micro_manipulation_root
primary_discovery,deffuant,unrestricted_temporal_search,unrestricted,,micro_edge_rewired_count,micro_opinion_p25,micro_edge_rewired_count,micro_opinion_p25,,,none,False,False,False,False,not_applicable,not_applicable,none,-1,-1,-1,,4,0.0030506167287706,,,,,,,no_legal_upstream_micro_manipulation_root
primary_discovery,deffuant,unrestricted_temporal_search,unrestricted,,micro_edge_rewired_count,micro_opinion_std,micro_edge_rewired_count,micro_opinion_std,,,none,False,False,False,False,not_applicable,not_applicable,none,-1,-1,-1,,3,-0.0008756809083555,,,,,,,no_legal_upstream_micro_manipulation_root
primary_discovery,deffuant,unrestricted_temporal_search,unrestricted,,micro_edge_rewired_count,micro_rejected_fraction,micro_edge_rewired_count,micro_rejected_fraction,,,none,False,False,False,False,not_applicable,not_applicable,none,-1,-1,-1,,1,-0.0223845063908632,,,,,,,no_legal_upstream_micro_manipulation_root
primary_discovery,deffuant,unrestricted_temporal_search,unrestricted,,micro_edge_rewired_count,micro_rewiring_fraction,micro_edge_rewired_count,micro_rewiring_fraction,,,none,False,False,False,False,not_applicable,not_applicable,none,-1,-1,-1,,3,-0.0450197016684734,,,,,,,no_legal_upstream_micro_manipulation_root
primary_discovery,deffuant,unrestricted_temporal_search,unrestricted,,micro_extreme_agent_fraction,macro_opinion_global_mean,micro_extreme_agent_fraction,macro_opinion_global_mean,,,none,False,False,False,False,not_applicable,not_applicable,none,-1,-1,-1,,1,0.0050405193251868,,,,,,,no_legal_upstream_micro_manipulation_root
primary_discovery,deffuant,unrestricted_temporal_search,unrestricted,,micro_extreme_agent_fraction,macro_opinion_global_variance,micro_extreme_agent_fraction,macro_opinion_global_variance,,,none,False,False,False,False,not_applicable,not_applicable,none,-1,-1,-1,,4,-0.0011774966035703,,,,,,,no_legal_upstream_micro_manipulation_root
primary_discovery,deffuant,unrestricted_temporal_search,unrestricted,,micro_extreme_agent_fraction,meso_neighborhood_abs_opinion_variance,micro_extreme_agent_fraction,meso_neighborhood_abs_opinion_variance,,,none,False,False,False,False,not_applicable,not_applicable,none,-1,-1,-1,,1,-0.006576093143904,,,,,,,no_legal_upstream_micro_manipulation_root
primary_discovery,deffuant,unrestricted_temporal_search,unrestricted,,micro_extreme_agent_fraction,meso_neighborhood_agent_shift_variance,micro_extreme_agent_fraction,meso_neighborhood_agent_shift_variance,,,none,False,False,False,False,not_applicable,not_applicable,none,-1,-1,-1,,5,-0.0319390688223286,,,,,,,no_legal_upstream_micro_manipulation_root
primary_discovery,deffuant,unrestricted_temporal_search,unrestricted,,micro_extreme_agent_fraction,micro_accepted_count,micro_extreme_agent_fraction,micro_accepted_count,,,none,False,False,False,False,not_applicable,not_applicable,none,-1,-1,-1,,4,-0.0345942234385545,,,,,,,no_legal_upstream_micro_manipulation_root
primary_discovery,deffuant,unrestricted_temporal_search,unrestricted,,micro_extreme_agent_fraction,micro_accepted_fraction,micro_extreme_agent_fraction,micro_accepted_fraction,,,none,False,False,False,False,not_applicable,not_applicable,none,-1,-1,-1,,4,-0.0345942234385544,,,,,,,no_legal_upstream_micro_manipulation_root
primary_discovery,deffuant,unrestricted_temporal_search,unrestricted,,micro_extreme_agent_fraction,micro_agent_shift_std,micro_extreme_agent_fraction,micro_agent_shift_std,,,none,False,False,False,False,not_applicable,not_applicable,none,-1,-1,-1,,5,-0.024911043222604,,,,,,,no_legal_upstream_micro_manipulation_root
primary_discovery,deffuant,unrestricted_temporal_search,unrestricted,,micro_extreme_agent_fraction,micro_backfire_fraction,micro_extreme_agent_fraction,micro_backfire_fraction,,,none,False,False,False,False,not_applicable,not_applicable,none,-1,-1,-1,,4,0.0233909747100227,,,,,,,no_legal_upstream_micro_manipulation_root
primary_discovery,deffuant,unrestricted_temporal_search,unrestricted,,micro_extreme_agent_fraction,micro_mean_abs_opinion,micro_extreme_agent_fraction,micro_mean_abs_opinion,,,none,False,False,False,False,not_applicable,not_applicable,none,-1,-1,-1,,4,-0.0008414144458549,,,,,,,no_legal_upstream_micro_manipulation_root
primary_discovery,deffuant,unrestricted_temporal_search,unrestricted,,micro_extreme_agent_fraction,micro_mean_interaction_distance,micro_extreme_agent_fraction,micro_mean_interaction_distance,,,none,False,False,False,False,not_applicable,not_applicable,none,-1,-1,-1,,4,0.0314497901532613,,,,,,,no_legal_upstream_micro_manipulation_root
primary_discovery,deffuant,unrestricted_temporal_search,unrestricted,,micro_extreme_agent_fraction,micro_median_opinion,micro_extreme_agent_fraction,micro_median_opinion,,,none,False,False,False,False,not_applicable,not_applicable,none,-1,-1,-1,,5,0.0053436700939884,,,,,,,no_legal_upstream_micro_manipulation_root
primary_discovery,deffuant,unrestricted_temporal_search,unrestricted,,micro_extreme_agent_fraction,micro_opinion_std,micro_extreme_agent_fraction,micro_opinion_std,,,none,False,False,False,False,not_applicable,not_applicable,none,-1,-1,-1,,4,-0.0011073297676947,,,,,,,no_legal_upstream_micro_manipulation_root
primary_discovery,deffuant,unrestricted_temporal_search,unrestricted,,micro_extreme_agent_fraction,micro_rejected_fraction,micro_extreme_agent_fraction,micro_rejected_fraction,,,none,False,False,False,False,not_applicable,not_applicable,none,-1,-1,-1,,5,-0.0577929571737036,,,,,,,no_legal_upstream_micro_manipulation_root
primary_discovery,deffuant,unrestricted_temporal_search,unrestricted,,micro_extreme_agent_fraction,micro_sign_flip_fraction,micro_extreme_agent_fraction,micro_sign_flip_fraction,,,none,False,False,False,False,not_applicable,not_applicable,none,-1,-1,-1,,1,-0.1352781416219414,,,,,,,no_legal_upstream_micro_manipulation_root
primary_discovery,deffuant,unrestricted_temporal_search,unrestricted,,micro_interaction_distance_std,meso_neighborhood_abs_opinion_std,micro_interaction_distance_std,meso_neighborhood_abs_opinion_std,,,none,False,False,False,False,not_applicable,not_applicable,none,-1,-1,-1,,1,0.0131927919301818,,,,,,,no_legal_upstream_micro_manipulation_root
primary_discovery,deffuant,unrestricted_temporal_search,unrestricted,,micro_interaction_distance_std,meso_neighborhood_opinion_std,micro_interaction_distance_std,meso_neighborhood_opinion_std,,,none,False,False,False,False,not_applicable,not_applicable,none,-1,-1,-1,,1,-0.0156488247148563,,,,,,,no_legal_upstream_micro_manipulation_root
primary_discovery,deffuant,unrestricted_temporal_search,unrestricted,,micro_interaction_distance_std,meso_neighborhood_opinion_variance,micro_interaction_distance_std,meso_neighborhood_opinion_variance,,,none,False,False,False,False,not_applicable,not_applicable,none,-1,-1,-1,,1,-0.0201040419884958,,,,,,,no_legal_upstream_micro_manipulation_root
primary_discovery,deffuant,unrestricted_temporal_search,unrestricted,,micro_interaction_distance_std,micro_mean_abs_agent_shift,micro_interaction_distance_std,micro_mean_abs_agent_shift,,,none,False,False,False,False,not_applicable,not_applicable,none,-1,-1,-1,,2,-0.0305202836177496,,,,,,,no_legal_upstream_micro_manipulation_root
primary_discovery,deffuant,unrestricted_temporal_search,unrestricted,,micro_interaction_distance_std,micro_mean_abs_opinion,micro_interaction_distance_std,micro_mean_abs_opinion,,,none,False,False,False,False,not_applicable,not_applicable,none,-1,-1,-1,,1,-0.0061257173373221,,,,,,,no_legal_upstream_micro_manipulation_root
primary_discovery,deffuant,unrestricted_temporal_search,unrestricted,,micro_interaction_distance_std,micro_opinion_std,micro_interaction_distance_std,micro_opinion_std,,,none,False,False,False,False,not_applicable,not_applicable,none,-1,-1,-1,,1,-0.0044126268517014,,,,,,,no_legal_upstream_micro_manipulation_root
primary_discovery,deffuant,unrestricted_temporal_search,unrestricted,,micro_mean_abs_agent_shift,macro_network_assortativity,micro_mean_abs_agent_shift,macro_network_assortativity,,,none,False,False,False,False,not_applicable,not_applicable,none,-1,-1,-1,,5,-0.00527365357334,,,,,,,no_legal_upstream_micro_manipulation_root
primary_discovery,deffuant,unrestricted_temporal_search,unrestricted,,micro_mean_abs_agent_shift,macro_opinion_global_variance,micro_mean_abs_agent_shift,macro_opinion_global_variance,,,none,False,False,False,False,not_applicable,not_applicable,none,-1,-1,-1,,1,-0.014199857079083,,,,,,,no_legal_upstream_micro_manipulation_root
primary_discovery,deffuant,unrestricted_temporal_search,unrestricted,micro_mean_abs_agent_shift,micro_mean_abs_agent_shift,meso_neighborhood_abs_opinion_std,micro_mean_abs_agent_shift,meso_neighborhood_abs_opinion_std,assimilation_strength,minus,micro,False,False,True,True,manipulation_failure,manipulation_failure,direct_root,0,0,2,2.0,1,-0.0513985283004071,1.0,True,True,-0.0862345684606112,-0.0862345684606112,0.8449205169425184,
primary_discovery,deffuant,unrestricted_temporal_search,unrestricted,micro_mean_abs_agent_shift,micro_mean_abs_agent_shift,meso_neighborhood_abs_opinion_std,micro_mean_abs_agent_shift,meso_neighborhood_abs_opinion_std,assimilation_strength,plus,micro,True,True,True,True,supported,supported,direct_root,0,0,3,3.0,1,-0.0513985283004071,2.0,True,True,0.2127103551405639,0.2127103551405639,-0.2549430363466989,
primary_discovery,deffuant,unrestricted_temporal_search,unrestricted,micro_mean_abs_agent_shift,micro_mean_abs_agent_shift,meso_neighborhood_abs_opinion_variance,micro_mean_abs_agent_shift,meso_neighborhood_abs_opinion_variance,assimilation_strength,minus,micro,False,False,True,True,manipulation_failure,manipulation_failure,direct_root,0,0,1,1.0,1,-0.0993480816384452,0.0,True,True,-0.0862345684606112,-0.0862345684606112,0.8048526616099485,
primary_discovery,deffuant,unrestricted_temporal_search,unrestricted,micro_mean_abs_agent_shift,micro_mean_abs_agent_shift,meso_neighborhood_abs_opinion_variance,micro_mean_abs_agent_shift,meso_neighborhood_abs_opinion_variance,assimilation_strength,plus,micro,True,True,True,True,supported,supported,direct_root,0,0,2,2.0,1,-0.0993480816384452,1.0,True,True,0.2127103551405639,0.2127103551405639,-0.2392761592170874,
primary_discovery,deffuant,unrestricted_temporal_search,unrestricted,micro_mean_abs_agent_shift,micro_mean_abs_agent_shift,meso_neighborhood_opinion_std,micro_mean_abs_agent_shift,meso_neighborhood_opinion_std,assimilation_strength,minus,micro,False,False,True,True,manipulation_failure,manipulation_failure,direct_root,0,0,23,23.0,1,-0.0311463218005817,22.0,True,False,-0.0862345684606112,-0.0862345684606112,0.2054652532642656,
primary_discovery,deffuant,unrestricted_temporal_search,unrestricted,micro_mean_abs_agent_shift,micro_mean_abs_agent_shift,meso_neighborhood_opinion_std,micro_mean_abs_agent_shift,meso_neighborhood_opinion_std,assimilation_strength,plus,micro,True,True,False,False,no_stable_downstream_effect,no_stable_downstream_effect,direct_root,0,0,-1,,1,-0.0311463218005817,,True,,0.2127103551405639,0.2127103551405639,-0.0592485619012456,
primary_discovery,deffuant,unrestricted_temporal_search,unrestricted,micro_mean_abs_agent_shift,micro_mean_abs_agent_shift,meso_neighborhood_opinion_variance,micro_mean_abs_agent_shift,meso_neighborhood_opinion_variance,assimilation_strength,minus,micro,False,False,True,True,manipulation_failure,manipulation_failure,direct_root,0,0,7,7.0,1,-0.0337369219754684,6.0,True,False,-0.0862345684606112,-0.0862345684606112,0.1491503226741312,
primary_discovery,deffuant,unrestricted_temporal_search,unrestricted,micro_mean_abs_agent_shift,micro_mean_abs_agent_shift,meso_neighborhood_opinion_variance,micro_mean_abs_agent_shift,meso_neighborhood_opinion_variance,assimilation_strength,plus,micro,True,True,False,False,no_stable_downstream_effect,no_stable_downstream_effect,direct_root,0,0,-1,,1,-0.0337369219754684,,True,,0.2127103551405639,0.2127103551405639,-0.0518915241680771,
primary_discovery,deffuant,unrestricted_temporal_search,unrestricted,,micro_mean_abs_agent_shift,micro_backfire_fraction,micro_mean_abs_agent_shift,micro_backfire_fraction,,,none,False,False,False,False,not_applicable,not_applicable,none,-1,-1,-1,,2,-0.2267575321747092,,,,,,,no_legal_upstream_micro_manipulation_root
primary_discovery,deffuant,unrestricted_temporal_search,unrestricted,,micro_mean_abs_agent_shift,micro_extreme_agent_fraction,micro_mean_abs_agent_shift,micro_extreme_agent_fraction,,,none,False,False,False,False,not_applicable,not_applicable,none,-1,-1,-1,,1,-0.3105781030662735,,,,,,,no_legal_upstream_micro_manipulation_root
primary_discovery,deffuant,unrestricted_temporal_search,unrestricted,,micro_mean_abs_agent_shift,micro_mean_interaction_distance,micro_mean_abs_agent_shift,micro_mean_interaction_distance,,,none,False,False,False,False,not_applicable,not_applicable,none,-1,-1,-1,,2,-0.2358936055534118,,,,,,,no_legal_upstream_micro_manipulation_root
primary_discovery,deffuant,unrestricted_temporal_search,unrestricted,,micro_mean_abs_agent_shift,micro_opinion_std,micro_mean_abs_agent_shift,micro_opinion_std,,,none,False,False,False,False,not_applicable,not_applicable,none,-1,-1,-1,,1,-0.0165486905411625,,,,,,,no_legal_upstream_micro_manipulation_root
primary_discovery,deffuant,unrestricted_temporal_search,unrestricted,,micro_mean_abs_agent_shift,micro_sign_flip_fraction,micro_mean_abs_agent_shift,micro_sign_flip_fraction,,,none,False,False,False,False,not_applicable,not_applicable,none,-1,-1,-1,,1,-1.3187811103295162,,,,,,,no_legal_upstream_micro_manipulation_root
primary_discovery,deffuant,unrestricted_temporal_search,unrestricted,,micro_mean_abs_opinion,meso_neighborhood_abs_opinion_std,micro_mean_abs_opinion,meso_neighborhood_abs_opinion_std,,,none,False,False,False,False,not_applicable,not_applicable,none,-1,-1,-1,,2,-0.0986053195690408,,,,,,,no_legal_upstream_micro_manipulation_root
primary_discovery,deffuant,unrestricted_temporal_search,unrestricted,,micro_mean_abs_opinion,meso_neighborhood_abs_opinion_variance,micro_mean_abs_opinion,meso_neighborhood_abs_opinion_variance,,,none,False,False,False,False,not_applicable,not_applicable,none,-1,-1,-1,,2,-0.1908303676473878,,,,,,,no_legal_upstream_micro_manipulation_root
primary_discovery,deffuant,unrestricted_temporal_search,unrestricted,,micro_mean_abs_opinion,micro_opinion_std,micro_mean_abs_opinion,micro_opinion_std,,,none,False,False,False,False,not_applicable,not_applicable,none,-1,-1,-1,,3,-0.0785536937914621,,,,,,,no_legal_upstream_micro_manipulation_root
primary_discovery,deffuant,unrestricted_temporal_search,unrestricted,,micro_mean_abs_opinion,micro_rejected_fraction,micro_mean_abs_opinion,micro_rejected_fraction,,,none,False,False,False,False,not_applicable,not_applicable,none,-1,-1,-1,,3,-4.5744846108374615,,,,,,,no_legal_upstream_micro_manipulation_root
primary_discovery,deffuant,unrestricted_temporal_search,unrestricted,,micro_mean_abs_opinion,micro_sign_flip_fraction,micro_mean_abs_opinion,micro_sign_flip_fraction,,,none,False,False,False,False,not_applicable,not_applicable,none,-1,-1,-1,,3,4.52671643077624,,,,,,,no_legal_upstream_micro_manipulation_root
primary_discovery,deffuant,unrestricted_temporal_search,unrestricted,,micro_mean_interaction_distance,macro_network_assortativity,micro_mean_interaction_distance,macro_network_assortativity,,,none,False,False,False,False,not_applicable,not_applicable,none,-1,-1,-1,,1,0.0549613869183453,,,,,,,no_legal_upstream_micro_manipulation_root
primary_discovery,deffuant,unrestricted_temporal_search,unrestricted,,micro_mean_interaction_distance,macro_opinion_global_mean,micro_mean_interaction_distance,macro_opinion_global_mean,,,none,False,False,False,False,not_applicable,not_applicable,none,-1,-1,-1,,2,-0.0281993697442085,,,,,,,no_legal_upstream_micro_manipulation_root
primary_discovery,deffuant,unrestricted_temporal_search,unrestricted,,micro_mean_interaction_distance,macro_opinion_global_variance,micro_mean_interaction_distance,macro_opinion_global_variance,,,none,False,False,False,False,not_applicable,not_applicable,none,-1,-1,-1,,1,0.0535294575236146,,,,,,,no_legal_upstream_micro_manipulation_root
primary_discovery,deffuant,unrestricted_temporal_search,unrestricted,,micro_mean_interaction_distance,meso_neighborhood_abs_opinion_std,micro_mean_interaction_distance,meso_neighborhood_abs_opinion_std,,,none,False,False,False,False,not_applicable,not_applicable,none,-1,-1,-1,,1,0.022363924738653,,,,,,,no_legal_upstream_micro_manipulation_root
primary_discovery,deffuant,unrestricted_temporal_search,unrestricted,,micro_mean_interaction_distance,meso_neighborhood_abs_opinion_variance,micro_mean_interaction_distance,meso_neighborhood_abs_opinion_variance,,,none,False,False,False,False,not_applicable,not_applicable,none,-1,-1,-1,,1,0.0524769031373448,,,,,,,no_legal_upstream_micro_manipulation_root
primary_discovery,deffuant,unrestricted_temporal_search,unrestricted,,micro_mean_interaction_distance,meso_neighborhood_agent_shift_std,micro_mean_interaction_distance,meso_neighborhood_agent_shift_std,,,none,False,False,False,False,not_applicable,not_applicable,none,-1,-1,-1,,1,-0.3023475048983474,,,,,,,no_legal_upstream_micro_manipulation_root
primary_discovery,deffuant,unrestricted_temporal_search,unrestricted,,micro_mean_interaction_distance,meso_neighborhood_agent_shift_variance,micro_mean_interaction_distance,meso_neighborhood_agent_shift_variance,,,none,False,False,False,False,not_applicable,not_applicable,none,-1,-1,-1,,1,-0.5501882788223731,,,,,,,no_legal_upstream_micro_manipulation_root
primary_discovery,deffuant,unrestricted_temporal_search,unrestricted,,micro_mean_interaction_distance,meso_neighborhood_opinion_std,micro_mean_interaction_distance,meso_neighborhood_opinion_std,,,none,False,False,False,False,not_applicable,not_applicable,none,-1,-1,-1,,3,-0.0348520130646564,,,,,,,no_legal_upstream_micro_manipulation_root
primary_discovery,deffuant,unrestricted_temporal_search,unrestricted,,micro_mean_interaction_distance,meso_neighborhood_opinion_variance,micro_mean_interaction_distance,meso_neighborhood_opinion_variance,,,none,False,False,False,False,not_applicable,not_applicable,none,-1,-1,-1,,3,-0.037102591601732,,,,,,,no_legal_upstream_micro_manipulation_root
primary_discovery,deffuant,unrestricted_temporal_search,unrestricted,,micro_mean_interaction_distance,micro_agent_shift_std,micro_mean_interaction_distance,micro_agent_shift_std,,,none,False,False,False,False,not_applicable,not_applicable,none,-1,-1,-1,,1,-0.3951069230476,,,,,,,no_legal_upstream_micro_manipulation_root
primary_discovery,deffuant,unrestricted_temporal_search,unrestricted,,micro_mean_interaction_distance,micro_extreme_agent_fraction,micro_mean_interaction_distance,micro_extreme_agent_fraction,,,none,False,False,False,False,not_applicable,not_applicable,none,-1,-1,-1,,1,0.541595448190538,,,,,,,no_legal_upstream_micro_manipulation_root
primary_discovery,deffuant,unrestricted_temporal_search,unrestricted,,micro_mean_interaction_distance,micro_mean_abs_agent_shift,micro_mean_interaction_distance,micro_mean_abs_agent_shift,,,none,False,False,False,False,not_applicable,not_applicable,none,-1,-1,-1,,1,-0.3524079724080908,,,,,,,no_legal_upstream_micro_manipulation_root
primary_discovery,deffuant,unrestricted_temporal_search,unrestricted,,micro_mean_interaction_distance,micro_mean_abs_opinion,micro_mean_interaction_distance,micro_mean_abs_opinion,,,none,False,False,False,False,not_applicable,not_applicable,none,-1,-1,-1,,1,0.0368756307826287,,,,,,,no_legal_upstream_micro_manipulation_root
primary_discovery,deffuant,unrestricted_temporal_search,unrestricted,,micro_mean_interaction_distance,micro_opinion_p25,micro_mean_interaction_distance,micro_opinion_p25,,,none,False,False,False,False,not_applicable,not_applicable,none,-1,-1,-1,,1,-0.1185863097611694,,,,,,,no_legal_upstream_micro_manipulation_root
primary_discovery,deffuant,unrestricted_temporal_search,unrestricted,,micro_mean_interaction_distance,micro_opinion_std,micro_mean_interaction_distance,micro_opinion_std,,,none,False,False,False,False,not_applicable,not_applicable,none,-1,-1,-1,,1,0.0544727283260983,,,,,,,no_legal_upstream_micro_manipulation_root
primary_discovery,deffuant,unrestricted_temporal_search,unrestricted,,micro_mean_interaction_distance,micro_rejected_fraction,micro_mean_interaction_distance,micro_rejected_fraction,,,none,False,False,False,False,not_applicable,not_applicable,none,-1,-1,-1,,1,0.253662742394237,,,,,,,no_legal_upstream_micro_manipulation_root
primary_discovery,deffuant,unrestricted_temporal_search,unrestricted,,micro_mean_interaction_distance,micro_sign_flip_fraction,micro_mean_interaction_distance,micro_sign_flip_fraction,,,none,False,False,False,False,not_applicable,not_applicable,none,-1,-1,-1,,5,-1.2363080370440414,,,,,,,no_legal_upstream_micro_manipulation_root
primary_discovery,deffuant,unrestricted_temporal_search,unrestricted,,micro_median_opinion,macro_network_assortativity,micro_median_opinion,macro_network_assortativity,,,none,False,False,False,False,not_applicable,not_applicable,none,-1,-1,-1,,4,-0.0328865270929195,,,,,,,no_legal_upstream_micro_manipulation_root
primary_discovery,deffuant,unrestricted_temporal_search,unrestricted,,micro_median_opinion,macro_opinion_global_variance,micro_median_opinion,macro_opinion_global_variance,,,none,False,False,False,False,not_applicable,not_applicable,none,-1,-1,-1,,3,-0.0288979093171261,,,,,,,no_legal_upstream_micro_manipulation_root
primary_discovery,deffuant,unrestricted_temporal_search,unrestricted,,micro_median_opinion,meso_neighborhood_abs_opinion_std,micro_median_opinion,meso_neighborhood_abs_opinion_std,,,none,False,False,False,False,not_applicable,not_applicable,none,-1,-1,-1,,1,-0.0535631039735775,,,,,,,no_legal_upstream_micro_manipulation_root
primary_discovery,deffuant,unrestricted_temporal_search,unrestricted,,micro_median_opinion,meso_neighborhood_abs_opinion_variance,micro_median_opinion,meso_neighborhood_abs_opinion_variance,,,none,False,False,False,False,not_applicable,not_applicable,none,-1,-1,-1,,1,-0.0956903964504595,,,,,,,no_legal_upstream_micro_manipulation_root
primary_discovery,deffuant,unrestricted_temporal_search,unrestricted,,micro_median_opinion,meso_neighborhood_agent_shift_variance,micro_median_opinion,meso_neighborhood_agent_shift_variance,,,none,False,False,False,False,not_applicable,not_applicable,none,-1,-1,-1,,3,0.0145878609467252,,,,,,,no_legal_upstream_micro_manipulation_root
primary_discovery,deffuant,unrestricted_temporal_search,unrestricted,,micro_median_opinion,micro_mean_abs_agent_shift,micro_median_opinion,micro_mean_abs_agent_shift,,,none,False,False,False,False,not_applicable,not_applicable,none,-1,-1,-1,,2,-0.2404687718296777,,,,,,,no_legal_upstream_micro_manipulation_root
primary_discovery,deffuant,unrestricted_temporal_search,unrestricted,,micro_median_opinion,micro_mean_abs_opinion,micro_median_opinion,micro_mean_abs_opinion,,,none,False,False,False,False,not_applicable,not_applicable,none,-1,-1,-1,,3,-0.0366658600974701,,,,,,,no_legal_upstream_micro_manipulation_root
primary_discovery,deffuant,unrestricted_temporal_search,unrestricted,,micro_median_opinion,micro_opinion_p25,micro_median_opinion,micro_opinion_p25,,,none,False,False,False,False,not_applicable,not_applicable,none,-1,-1,-1,,1,-0.1094003523756899,,,,,,,no_legal_upstream_micro_manipulation_root
primary_discovery,deffuant,unrestricted_temporal_search,unrestricted,,micro_opinion_p25,micro_accepted_count,micro_opinion_p25,micro_accepted_count,,,none,False,False,False,False,not_applicable,not_applicable,none,-1,-1,-1,,5,0.1526716275956497,,,,,,,no_legal_upstream_micro_manipulation_root
primary_discovery,deffuant,unrestricted_temporal_search,unrestricted,,micro_opinion_p25,micro_accepted_fraction,micro_opinion_p25,micro_accepted_fraction,,,none,False,False,False,False,not_applicable,not_applicable,none,-1,-1,-1,,5,0.1526716275956517,,,,,,,no_legal_upstream_micro_manipulation_root
primary_discovery,deffuant,unrestricted_temporal_search,unrestricted,,micro_opinion_p25,micro_agent_shift_std,micro_opinion_p25,micro_agent_shift_std,,,none,False,False,False,False,not_applicable,not_applicable,none,-1,-1,-1,,5,-0.0451856747990354,,,,,,,no_legal_upstream_micro_manipulation_root
primary_discovery,deffuant,unrestricted_temporal_search,unrestricted,,micro_opinion_p25,micro_edge_rewired_count,micro_opinion_p25,micro_edge_rewired_count,,,none,False,False,False,False,not_applicable,not_applicable,none,-1,-1,-1,,2,0.8246616276881723,,,,,,,no_legal_upstream_micro_manipulation_root
primary_discovery,deffuant,unrestricted_temporal_search,unrestricted,,micro_opinion_p25,micro_median_opinion,micro_opinion_p25,micro_median_opinion,,,none,False,False,False,False,not_applicable,not_applicable,none,-1,-1,-1,,3,0.0287110071465314,,,,,,,no_legal_upstream_micro_manipulation_root
primary_discovery,deffuant,unrestricted_temporal_search,unrestricted,,micro_opinion_p25,micro_rewiring_fraction,micro_opinion_p25,micro_rewiring_fraction,,,none,False,False,False,False,not_applicable,not_applicable,none,-1,-1,-1,,2,0.8246616276881726,,,,,,,no_legal_upstream_micro_manipulation_root
primary_discovery,deffuant,unrestricted_temporal_search,unrestricted,,micro_opinion_p25,micro_sign_flip_fraction,micro_opinion_p25,micro_sign_flip_fraction,,,none,False,False,False,False,not_applicable,not_applicable,none,-1,-1,-1,,4,-0.9655023659400056,,,,,,,no_legal_upstream_micro_manipulation_root
primary_discovery,deffuant,unrestricted_temporal_search,unrestricted,,micro_opinion_std,micro_accepted_count,micro_opinion_std,micro_accepted_count,,,none,False,False,False,False,not_applicable,not_applicable,none,-1,-1,-1,,4,5.329787692689196,,,,,,,no_legal_upstream_micro_manipulation_root
primary_discovery,deffuant,unrestricted_temporal_search,unrestricted,,micro_opinion_std,micro_accepted_fraction,micro_opinion_std,micro_accepted_fraction,,,none,False,False,False,False,not_applicable,not_applicable,none,-1,-1,-1,,4,5.329787692689635,,,,,,,no_legal_upstream_micro_manipulation_root
primary_discovery,deffuant,unrestricted_temporal_search,unrestricted,,micro_opinion_std,micro_rejected_fraction,micro_opinion_std,micro_rejected_fraction,,,none,False,False,False,False,not_applicable,not_applicable,none,-1,-1,-1,,3,9.554721454159834,,,,,,,no_legal_upstream_micro_manipulation_root
primary_discovery,deffuant,unrestricted_temporal_search,unrestricted,,micro_rejected_fraction,macro_network_assortativity,micro_rejected_fraction,macro_network_assortativity,,,none,False,False,False,False,not_applicable,not_applicable,none,-1,-1,-1,,1,-0.0065191327403929,,,,,,,no_legal_upstream_micro_manipulation_root
primary_discovery,deffuant,unrestricted_temporal_search,unrestricted,,micro_rejected_fraction,macro_opinion_global_variance,micro_rejected_fraction,macro_opinion_global_variance,,,none,False,False,False,False,not_applicable,not_applicable,none,-1,-1,-1,,1,-0.0042806655208195,,,,,,,no_legal_upstream_micro_manipulation_root
primary_discovery,deffuant,unrestricted_temporal_search,unrestricted,,micro_rejected_fraction,meso_neighborhood_abs_opinion_std,micro_rejected_fraction,meso_neighborhood_abs_opinion_std,,,none,False,False,False,False,not_applicable,not_applicable,none,-1,-1,-1,,3,0.0052387727412316,,,,,,,no_legal_upstream_micro_manipulation_root
primary_discovery,deffuant,unrestricted_temporal_search,unrestricted,,micro_rejected_fraction,meso_neighborhood_abs_opinion_variance,micro_rejected_fraction,meso_neighborhood_abs_opinion_variance,,,none,False,False,False,False,not_applicable,not_applicable,none,-1,-1,-1,,3,0.0128130012589016,,,,,,,no_legal_upstream_micro_manipulation_root
primary_discovery,deffuant,unrestricted_temporal_search,unrestricted,,micro_rejected_fraction,meso_neighborhood_agent_shift_variance,micro_rejected_fraction,meso_neighborhood_agent_shift_variance,,,none,False,False,False,False,not_applicable,not_applicable,none,-1,-1,-1,,4,0.0426383641666094,,,,,,,no_legal_upstream_micro_manipulation_root
primary_discovery,deffuant,unrestricted_temporal_search,unrestricted,,micro_rejected_fraction,micro_accepted_count,micro_rejected_fraction,micro_accepted_count,,,none,False,False,False,False,not_applicable,not_applicable,none,-1,-1,-1,,1,-0.0534584747812438,,,,,,,no_legal_upstream_micro_manipulation_root
primary_discovery,deffuant,unrestricted_temporal_search,unrestricted,,micro_rejected_fraction,micro_accepted_fraction,micro_rejected_fraction,micro_accepted_fraction,,,none,False,False,False,False,not_applicable,not_applicable,none,-1,-1,-1,,1,-0.0534584747812458,,,,,,,no_legal_upstream_micro_manipulation_root
primary_discovery,deffuant,unrestricted_temporal_search,unrestricted,,micro_rejected_fraction,micro_agent_shift_std,micro_rejected_fraction,micro_agent_shift_std,,,none,False,False,False,False,not_applicable,not_applicable,none,-1,-1,-1,,4,0.0321196581661425,,,,,,,no_legal_upstream_micro_manipulation_root
primary_discovery,deffuant,unrestricted_temporal_search,unrestricted,,micro_rejected_fraction,micro_backfire_fraction,micro_rejected_fraction,micro_backfire_fraction,,,none,False,False,False,False,not_applicable,not_applicable,none,-1,-1,-1,,4,-0.0716489621482762,,,,,,,no_legal_upstream_micro_manipulation_root
primary_discovery,deffuant,unrestricted_temporal_search,unrestricted,,micro_rejected_fraction,micro_mean_abs_opinion,micro_rejected_fraction,micro_mean_abs_opinion,,,none,False,False,False,False,not_applicable,not_applicable,none,-1,-1,-1,,1,-0.006674461887405,,,,,,,no_legal_upstream_micro_manipulation_root
primary_discovery,deffuant,unrestricted_temporal_search,unrestricted,,micro_rejected_fraction,micro_opinion_std,micro_rejected_fraction,micro_opinion_std,,,none,False,False,False,False,not_applicable,not_applicable,none,-1,-1,-1,,1,-0.0060592494355591,,,,,,,no_legal_upstream_micro_manipulation_root
primary_discovery,deffuant,unrestricted_temporal_search,unrestricted,,micro_rejected_fraction,micro_sign_flip_fraction,micro_rejected_fraction,micro_sign_flip_fraction,,,none,False,False,False,False,not_applicable,not_applicable,none,-1,-1,-1,,4,0.159896862306868,,,,,,,no_legal_upstream_micro_manipulation_root
primary_discovery,deffuant,unrestricted_temporal_search,unrestricted,,micro_rewiring_fraction,macro_network_assortativity,micro_rewiring_fraction,macro_network_assortativity,,,none,False,False,False,False,not_applicable,not_applicable,none,-1,-1,-1,,1,0.0156718451980748,,,,,,,no_legal_upstream_micro_manipulation_root
primary_discovery,deffuant,unrestricted_temporal_search,unrestricted,,micro_rewiring_fraction,macro_opinion_global_mean,micro_rewiring_fraction,macro_opinion_global_mean,,,none,False,False,False,False,not_applicable,not_applicable,none,-1,-1,-1,,4,0.0027597726623289,,,,,,,no_legal_upstream_micro_manipulation_root
primary_discovery,deffuant,unrestricted_temporal_search,unrestricted,,micro_rewiring_fraction,macro_opinion_global_variance,micro_rewiring_fraction,macro_opinion_global_variance,,,none,False,False,False,False,not_applicable,not_applicable,none,-1,-1,-1,,3,-0.0007041887356971,,,,,,,no_legal_upstream_micro_manipulation_root
primary_discovery,deffuant,unrestricted_temporal_search,unrestricted,,micro_rewiring_fraction,meso_neighborhood_abs_opinion_std,micro_rewiring_fraction,meso_neighborhood_abs_opinion_std,,,none,False,False,False,False,not_applicable,not_applicable,none,-1,-1,-1,,1,-0.0021080320417457,,,,,,,no_legal_upstream_micro_manipulation_root
primary_discovery,deffuant,unrestricted_temporal_search,unrestricted,,micro_rewiring_fraction,meso_neighborhood_abs_opinion_variance,micro_rewiring_fraction,meso_neighborhood_abs_opinion_variance,,,none,False,False,False,False,not_applicable,not_applicable,none,-1,-1,-1,,1,-0.0029266036712617,,,,,,,no_legal_upstream_micro_manipulation_root
primary_discovery,deffuant,unrestricted_temporal_search,unrestricted,,micro_rewiring_fraction,meso_neighborhood_agent_shift_std,micro_rewiring_fraction,meso_neighborhood_agent_shift_std,,,none,False,False,False,False,not_applicable,not_applicable,none,-1,-1,-1,,1,0.0119781293894691,,,,,,,no_legal_upstream_micro_manipulation_root
primary_discovery,deffuant,unrestricted_temporal_search,unrestricted,,micro_rewiring_fraction,meso_neighborhood_agent_shift_variance,micro_rewiring_fraction,meso_neighborhood_agent_shift_variance,,,none,False,False,False,False,not_applicable,not_applicable,none,-1,-1,-1,,1,0.0204132047224942,,,,,,,no_legal_upstream_micro_manipulation_root
primary_discovery,deffuant,unrestricted_temporal_search,unrestricted,,micro_rewiring_fraction,meso_neighborhood_interaction_distance_variance,micro_rewiring_fraction,meso_neighborhood_interaction_distance_variance,,,none,False,False,False,False,not_applicable,not_applicable,none,-1,-1,-1,,1,-0.0215368802227013,,,,,,,no_legal_upstream_micro_manipulation_root
primary_discovery,deffuant,unrestricted_temporal_search,unrestricted,,micro_rewiring_fraction,meso_neighborhood_opinion_std,micro_rewiring_fraction,meso_neighborhood_opinion_std,,,none,False,False,False,False,not_applicable,not_applicable,none,-1,-1,-1,,1,-0.0148309911025781,,,,,,,no_legal_upstream_micro_manipulation_root
primary_discovery,deffuant,unrestricted_temporal_search,unrestricted,,micro_rewiring_fraction,meso_neighborhood_opinion_variance,micro_rewiring_fraction,meso_neighborhood_opinion_variance,,,none,False,False,False,False,not_applicable,not_applicable,none,-1,-1,-1,,1,-0.0187732857902034,,,,,,,no_legal_upstream_micro_manipulation_root
primary_discovery,deffuant,unrestricted_temporal_search,unrestricted,,micro_rewiring_fraction,micro_accepted_count,micro_rewiring_fraction,micro_accepted_count,,,none,False,False,False,False,not_applicable,not_applicable,none,-1,-1,-1,,1,0.0217660781685719,,,,,,,no_legal_upstream_micro_manipulation_root
primary_discovery,deffuant,unrestricted_temporal_search,unrestricted,,micro_rewiring_fraction,micro_accepted_fraction,micro_rewiring_fraction,micro_accepted_fraction,,,none,False,False,False,False,not_applicable,not_applicable,none,-1,-1,-1,,1,0.0217660781721508,,,,,,,no_legal_upstream_micro_manipulation_root
primary_discovery,deffuant,unrestricted_temporal_search,unrestricted,,micro_rewiring_fraction,micro_agent_shift_std,micro_rewiring_fraction,micro_agent_shift_std,,,none,False,False,False,False,not_applicable,not_applicable,none,-1,-1,-1,,1,0.0127886780482501,,,,,,,no_legal_upstream_micro_manipulation_root
primary_discovery,deffuant,unrestricted_temporal_search,unrestricted,,micro_rewiring_fraction,micro_backfire_fraction,micro_rewiring_fraction,micro_backfire_fraction,,,none,False,False,False,False,not_applicable,not_applicable,none,-1,-1,-1,,1,-0.0177258076965488,,,,,,,no_legal_upstream_micro_manipulation_root
primary_discovery,deffuant,unrestricted_temporal_search,unrestricted,,micro_rewiring_fraction,micro_edge_rewired_count,micro_rewiring_fraction,micro_edge_rewired_count,,,none,False,False,False,False,not_applicable,not_applicable,none,-1,-1,-1,,3,-0.0450197016684689,,,,,,,no_legal_upstream_micro_manipulation_root
primary_discovery,deffuant,unrestricted_temporal_search,unrestricted,,micro_rewiring_fraction,micro_interaction_distance_std,micro_rewiring_fraction,micro_interaction_distance_std,,,none,False,False,False,False,not_applicable,not_applicable,none,-1,-1,-1,,1,-0.0260479873632858,,,,,,,no_legal_upstream_micro_manipulation_root
primary_discovery,deffuant,unrestricted_temporal_search,unrestricted,,micro_rewiring_fraction,micro_mean_abs_agent_shift,micro_rewiring_fraction,micro_mean_abs_agent_shift,,,none,False,False,False,False,not_applicable,not_applicable,none,-1,-1,-1,,1,0.0119781566237838,,,,,,,no_legal_upstream_micro_manipulation_root
primary_discovery,deffuant,unrestricted_temporal_search,unrestricted,,micro_rewiring_fraction,micro_mean_interaction_distance,micro_rewiring_fraction,micro_mean_interaction_distance,,,none,False,False,False,False,not_applicable,not_applicable,none,-1,-1,-1,,1,-0.0131161736204299,,,,,,,no_legal_upstream_micro_manipulation_root
primary_discovery,deffuant,unrestricted_temporal_search,unrestricted,,micro_rewiring_fraction,micro_median_opinion,micro_rewiring_fraction,micro_median_opinion,,,none,False,False,False,False,not_applicable,not_applicable,none,-1,-1,-1,,4,0.0017161687584241,,,,,,,no_legal_upstream_micro_manipulation_root
primary_discovery,deffuant,unrestricted_temporal_search,unrestricted,,micro_rewiring_fraction,micro_opinion_p25,micro_rewiring_fraction,micro_opinion_p25,,,none,False,False,False,False,not_applicable,not_applicable,none,-1,-1,-1,,4,0.0030506167287792,,,,,,,no_legal_upstream_micro_manipulation_root
primary_discovery,deffuant,unrestricted_temporal_search,unrestricted,,micro_rewiring_fraction,micro_opinion_std,micro_rewiring_fraction,micro_opinion_std,,,none,False,False,False,False,not_applicable,not_applicable,none,-1,-1,-1,,3,-0.0008756809083578,,,,,,,no_legal_upstream_micro_manipulation_root
primary_discovery,deffuant,unrestricted_temporal_search,unrestricted,,micro_rewiring_fraction,micro_rejected_fraction,micro_rewiring_fraction,micro_rejected_fraction,,,none,False,False,False,False,not_applicable,not_applicable,none,-1,-1,-1,,1,-0.0223845063908338,,,,,,,no_legal_upstream_micro_manipulation_root
primary_discovery,deffuant,unrestricted_temporal_search,unrestricted,,micro_sign_flip_fraction,macro_network_assortativity,micro_sign_flip_fraction,macro_network_assortativity,,,none,False,False,False,False,not_applicable,not_applicable,none,-1,-1,-1,,5,0.0009512089816139,,,,,,,no_legal_upstream_micro_manipulation_root
primary_discovery,deffuant,unrestricted_temporal_search,unrestricted,,micro_sign_flip_fraction,macro_opinion_global_variance,micro_sign_flip_fraction,macro_opinion_global_variance,,,none,False,False,False,False,not_applicable,not_applicable,none,-1,-1,-1,,2,0.000663439763603,,,,,,,no_legal_upstream_micro_manipulation_root
primary_discovery,deffuant,unrestricted_temporal_search,unrestricted,,micro_sign_flip_fraction,meso_neighborhood_abs_opinion_std,micro_sign_flip_fraction,meso_neighborhood_abs_opinion_std,,,none,False,False,False,False,not_applicable,not_applicable,none,-1,-1,-1,,1,0.002909948158718,,,,,,,no_legal_upstream_micro_manipulation_root
primary_discovery,deffuant,unrestricted_temporal_search,unrestricted,,micro_sign_flip_fraction,meso_neighborhood_abs_opinion_variance,micro_sign_flip_fraction,meso_neighborhood_abs_opinion_variance,,,none,False,False,False,False,not_applicable,not_applicable,none,-1,-1,-1,,1,0.0047410857434335,,,,,,,no_legal_upstream_micro_manipulation_root
primary_discovery,deffuant,unrestricted_temporal_search,unrestricted,,micro_sign_flip_fraction,meso_neighborhood_agent_shift_std,micro_sign_flip_fraction,meso_neighborhood_agent_shift_std,,,none,False,False,False,False,not_applicable,not_applicable,none,-1,-1,-1,,3,-0.012791319139007,,,,,,,no_legal_upstream_micro_manipulation_root
primary_discovery,deffuant,unrestricted_temporal_search,unrestricted,,micro_sign_flip_fraction,meso_neighborhood_agent_shift_variance,micro_sign_flip_fraction,meso_neighborhood_agent_shift_variance,,,none,False,False,False,False,not_applicable,not_applicable,none,-1,-1,-1,,3,-0.0247524761407801,,,,,,,no_legal_upstream_micro_manipulation_root
primary_discovery,deffuant,unrestricted_temporal_search,unrestricted,,micro_sign_flip_fraction,micro_agent_shift_std,micro_sign_flip_fraction,micro_agent_shift_std,,,none,False,False,False,False,not_applicable,not_applicable,none,-1,-1,-1,,3,-0.0117559105157965,,,,,,,no_legal_upstream_micro_manipulation_root
primary_discovery,deffuant,unrestricted_temporal_search,unrestricted,,micro_sign_flip_fraction,micro_mean_abs_agent_shift,micro_sign_flip_fraction,micro_mean_abs_agent_shift,,,none,False,False,False,False,not_applicable,not_applicable,none,-1,-1,-1,,2,0.009105304288479,,,,,,,no_legal_upstream_micro_manipulation_root
primary_discovery,deffuant,unrestricted_temporal_search,unrestricted,,micro_sign_flip_fraction,micro_mean_abs_opinion,micro_sign_flip_fraction,micro_mean_abs_opinion,,,none,False,False,False,False,not_applicable,not_applicable,none,-1,-1,-1,,1,-0.000780268198436,,,,,,,no_legal_upstream_micro_manipulation_root
primary_discovery,deffuant,unrestricted_temporal_search,unrestricted,,micro_sign_flip_fraction,micro_rejected_fraction,micro_sign_flip_fraction,micro_rejected_fraction,,,none,False,False,False,False,not_applicable,not_applicable,none,-1,-1,-1,,1,0.033982864821435,,,,,,,no_legal_upstream_micro_manipulation_root
primary_discovery,deffuant,single_trajectory,macro_outcome_macro_network_assortativity,micro_backfire_fraction,meso_neighborhood_interaction_distance_std,macro_network_assortativity,meso_neighborhood_interaction_distance_std,macro_network_assortativity,backfire_threshold,minus,micro,False,False,False,False,manipulation_failure,manipulation_failure,upstream_mediated,0,11,-1,,2,0.0119443227413131,,True,,0.084013836920408,0.0802655920269371,0.0123667882452513,
primary_discovery,deffuant,single_trajectory,macro_outcome_macro_network_assortativity,micro_backfire_fraction,meso_neighborhood_interaction_distance_std,macro_network_assortativity,meso_neighborhood_interaction_distance_std,macro_network_assortativity,backfire_threshold,plus,micro,True,True,False,False,no_stable_downstream_effect,no_stable_downstream_effect,upstream_mediated,0,7,-1,,2,0.0119443227413131,,True,,-0.4870857469652804,-0.2618982167764531,-0.0422863610710013,
primary_discovery,deffuant,single_trajectory,macro_outcome_macro_network_assortativity,micro_mean_abs_agent_shift,meso_neighborhood_interaction_distance_std,macro_network_assortativity,meso_neighborhood_interaction_distance_std,macro_network_assortativity,assimilation_strength,minus,micro,False,False,False,False,manipulation_failure,manipulation_failure,upstream_mediated,0,-1,-1,,2,0.0119443227413131,,False,,-0.0862345684606112,0.1115657932388304,-0.0862291596661703,
primary_discovery,deffuant,single_trajectory,macro_outcome_macro_network_assortativity,micro_mean_abs_agent_shift,meso_neighborhood_interaction_distance_std,macro_network_assortativity,meso_neighborhood_interaction_distance_std,macro_network_assortativity,assimilation_strength,plus,micro,True,False,False,False,no_stable_downstream_effect,no_stable_downstream_effect,upstream_mediated,0,-1,-1,,2,0.0119443227413131,,False,,0.2127103551405639,-0.0477715322882395,0.0324873884309337,
primary_discovery,deffuant,single_trajectory,macro_outcome_macro_network_assortativity,micro_accepted_fraction,micro_accepted_fraction,meso_neighborhood_abs_opinion_variance,micro_accepted_fraction,meso_neighborhood_abs_opinion_variance,confidence_bound,minus,micro,True,True,True,True,supported,supported,direct_root,0,0,1,1.0,3,-0.0499031020298957,-2.0,True,True,-0.8313759904925954,-0.8313759904925954,1.7788837381893383,
primary_discovery,deffuant,single_trajectory,macro_outcome_macro_network_assortativity,micro_accepted_fraction,micro_accepted_fraction,meso_neighborhood_abs_opinion_variance,micro_accepted_fraction,meso_neighborhood_abs_opinion_variance,confidence_bound,plus,micro,True,True,True,True,supported,supported,direct_root,0,0,13,13.0,3,-0.0499031020298957,10.0,False,False,0.6414189382753075,0.6414189382753075,0.5402749979139813,
primary_discovery,deffuant,single_trajectory,macro_outcome_macro_network_assortativity,micro_backfire_fraction,micro_backfire_fraction,meso_neighborhood_abs_opinion_std,micro_backfire_fraction,meso_neighborhood_abs_opinion_std,backfire_threshold,minus,micro,False,False,False,True,manipulation_failure,manipulation_failure,direct_root,0,0,35,35.0,3,0.0344548800197542,32.0,False,False,0.084013836920408,0.084013836920408,-0.087379764038482,
primary_discovery,deffuant,single_trajectory,macro_outcome_macro_network_assortativity,micro_backfire_fraction,micro_backfire_fraction,meso_neighborhood_abs_opinion_std,micro_backfire_fraction,meso_neighborhood_abs_opinion_std,backfire_threshold,plus,micro,True,True,False,False,no_stable_downstream_effect,no_stable_downstream_effect,direct_root,0,0,-1,,3,0.0344548800197542,,False,,-0.4870857469652804,-0.4870857469652804,0.0659603531112091,
primary_discovery,deffuant,single_trajectory,macro_outcome_macro_network_largest_component_fraction,micro_backfire_fraction,micro_backfire_fraction,meso_neighborhood_interaction_distance_variance,micro_backfire_fraction,meso_neighborhood_interaction_distance_variance,backfire_threshold,minus,micro,False,False,True,True,manipulation_failure,manipulation_failure,direct_root,0,0,8,8.0,2,0.3802306869466765,6.0,True,False,0.084013836920408,0.084013836920408,0.1624797742020991,
primary_discovery,deffuant,single_trajectory,macro_outcome_macro_network_largest_component_fraction,micro_backfire_fraction,micro_backfire_fraction,meso_neighborhood_interaction_distance_variance,micro_backfire_fraction,meso_neighborhood_interaction_distance_variance,backfire_threshold,plus,micro,True,True,True,True,supported,supported,direct_root,0,0,5,5.0,2,0.3802306869466765,3.0,True,False,-0.4870857469652804,-0.4870857469652804,-0.474459130682909,
primary_discovery,deffuant,single_trajectory,macro_outcome_macro_network_largest_component_fraction,micro_mean_abs_agent_shift,micro_mean_abs_agent_shift,meso_neighborhood_abs_opinion_variance,micro_mean_abs_agent_shift,meso_neighborhood_abs_opinion_variance,assimilation_strength,minus,micro,False,False,True,True,manipulation_failure,manipulation_failure,direct_root,0,0,1,1.0,1,-0.0945088339221412,0.0,True,True,-0.0862345684606112,-0.0862345684606112,0.8048526616099485,
primary_discovery,deffuant,single_trajectory,macro_outcome_macro_network_largest_component_fraction,micro_mean_abs_agent_shift,micro_mean_abs_agent_shift,meso_neighborhood_abs_opinion_variance,micro_mean_abs_agent_shift,meso_neighborhood_abs_opinion_variance,assimilation_strength,plus,micro,True,True,True,True,supported,supported,direct_root,0,0,2,2.0,1,-0.0945088339221412,1.0,True,True,0.2127103551405639,0.2127103551405639,-0.2392761592170874,
primary_discovery,deffuant,single_trajectory,macro_outcome_macro_opinion_global_mean,micro_backfire_fraction,meso_neighborhood_agent_shift_std,macro_opinion_global_mean,meso_neighborhood_agent_shift_std,macro_opinion_global_mean,backfire_threshold,minus,micro,False,False,False,False,manipulation_failure,manipulation_failure,upstream_mediated,0,-1,-1,,1,1.0183744182336374,,True,,0.084013836920408,-0.0432400345416868,-0.046454595793415,
primary_discovery,deffuant,single_trajectory,macro_outcome_macro_opinion_global_mean,micro_backfire_fraction,meso_neighborhood_agent_shift_std,macro_opinion_global_mean,meso_neighborhood_agent_shift_std,macro_opinion_global_mean,backfire_threshold,plus,micro,True,False,False,False,no_stable_downstream_effect,no_stable_downstream_effect,upstream_mediated,0,-1,-1,,1,1.0183744182336374,,True,,-0.4870857469652804,-0.0640640645111414,-0.0809022014515266,
primary_discovery,deffuant,single_trajectory,macro_outcome_macro_opinion_global_mean,micro_mean_abs_agent_shift,meso_neighborhood_agent_shift_std,macro_opinion_global_mean,meso_neighborhood_agent_shift_std,macro_opinion_global_mean,assimilation_strength,minus,micro,False,False,False,False,manipulation_failure,manipulation_failure,upstream_mediated,0,0,-1,,1,1.0183744182336374,,False,,-0.0862345684606112,-0.127388057277158,0.0522606799435477,
primary_discovery,deffuant,single_trajectory,macro_outcome_macro_opinion_global_mean,micro_mean_abs_agent_shift,meso_neighborhood_agent_shift_std,macro_opinion_global_mean,meso_neighborhood_agent_shift_std,macro_opinion_global_mean,assimilation_strength,plus,micro,True,True,False,False,no_stable_downstream_effect,no_stable_downstream_effect,upstream_mediated,0,0,-1,,1,1.0183744182336374,,True,,0.2127103551405639,0.2616147051366791,0.1048786282602606,
primary_discovery,deffuant,single_trajectory,macro_outcome_macro_opinion_global_mean,micro_backfire_fraction,micro_backfire_fraction,meso_neighborhood_agent_shift_std,micro_backfire_fraction,meso_neighborhood_agent_shift_std,backfire_threshold,minus,micro,False,False,False,False,manipulation_failure,manipulation_failure,direct_root,0,0,-1,,1,0.1730772798101821,,False,,0.084013836920408,0.084013836920408,-0.0432400345416868,
primary_discovery,deffuant,single_trajectory,macro_outcome_macro_opinion_global_mean,micro_backfire_fraction,micro_backfire_fraction,meso_neighborhood_agent_shift_std,micro_backfire_fraction,meso_neighborhood_agent_shift_std,backfire_threshold,plus,micro,True,True,False,False,no_stable_downstream_effect,no_stable_downstream_effect,direct_root,0,0,-1,,1,0.1730772798101821,,True,,-0.4870857469652804,-0.4870857469652804,-0.0640640645111414,
primary_discovery,deffuant,single_trajectory,macro_outcome_macro_opinion_global_mean,micro_mean_abs_agent_shift,micro_mean_abs_agent_shift,meso_neighborhood_abs_opinion_std,micro_mean_abs_agent_shift,meso_neighborhood_abs_opinion_std,assimilation_strength,minus,micro,False,False,True,True,manipulation_failure,manipulation_failure,direct_root,0,0,2,2.0,5,0.0571269714311016,-3.0,False,False,-0.0862345684606112,-0.0862345684606112,0.8449205169425184,
primary_discovery,deffuant,single_trajectory,macro_outcome_macro_opinion_global_mean,micro_mean_abs_agent_shift,micro_mean_abs_agent_shift,meso_neighborhood_abs_opinion_std,micro_mean_abs_agent_shift,meso_neighborhood_abs_opinion_std,assimilation_strength,plus,micro,True,True,True,True,supported,supported,direct_root,0,0,3,3.0,5,0.0571269714311016,-2.0,False,True,0.2127103551405639,0.2127103551405639,-0.2549430363466989,
primary_discovery,deffuant,single_trajectory,macro_outcome_macro_opinion_global_mean,micro_mean_abs_agent_shift,micro_mean_abs_agent_shift,meso_neighborhood_agent_shift_std,micro_mean_abs_agent_shift,meso_neighborhood_agent_shift_std,assimilation_strength,minus,micro,False,False,False,True,manipulation_failure,manipulation_failure,direct_root,0,0,0,0.0,1,0.3860210456306739,-1.0,True,True,-0.0862345684606112,-0.0862345684606112,-0.127388057277158,
primary_discovery,deffuant,single_trajectory,macro_outcome_macro_opinion_global_mean,micro_mean_abs_agent_shift,micro_mean_abs_agent_shift,meso_neighborhood_agent_shift_std,micro_mean_abs_agent_shift,meso_neighborhood_agent_shift_std,assimilation_strength,plus,micro,True,True,True,True,supported,supported,direct_root,0,0,0,0.0,1,0.3860210456306739,-1.0,True,True,0.2127103551405639,0.2127103551405639,0.2616147051366791,
primary_discovery,deffuant,trajectory_vote,macro_outcome_macro_opinion_global_mean,micro_backfire_fraction,meso_neighborhood_agent_shift_std,macro_opinion_global_mean,meso_neighborhood_agent_shift_std,macro_opinion_global_mean,backfire_threshold,minus,micro,False,False,False,False,manipulation_failure,manipulation_failure,upstream_mediated,0,-1,-1,,3,-0.0673285543782352,,False,,0.084013836920408,-0.0432400345416868,-0.046454595793415,
primary_discovery,deffuant,trajectory_vote,macro_outcome_macro_opinion_global_mean,micro_backfire_fraction,meso_neighborhood_agent_shift_std,macro_opinion_global_mean,meso_neighborhood_agent_shift_std,macro_opinion_global_mean,backfire_threshold,plus,micro,True,False,False,False,no_stable_downstream_effect,no_stable_downstream_effect,upstream_mediated,0,-1,-1,,3,-0.0673285543782352,,False,,-0.4870857469652804,-0.0640640645111414,-0.0809022014515266,
primary_discovery,deffuant,trajectory_vote,macro_outcome_macro_opinion_global_mean,micro_mean_abs_agent_shift,meso_neighborhood_agent_shift_std,macro_opinion_global_mean,meso_neighborhood_agent_shift_std,macro_opinion_global_mean,assimilation_strength,minus,micro,False,False,False,False,manipulation_failure,manipulation_failure,upstream_mediated,0,0,-1,,3,-0.0673285543782352,,True,,-0.0862345684606112,-0.127388057277158,0.0522606799435477,
primary_discovery,deffuant,trajectory_vote,macro_outcome_macro_opinion_global_mean,micro_mean_abs_agent_shift,meso_neighborhood_agent_shift_std,macro_opinion_global_mean,meso_neighborhood_agent_shift_std,macro_opinion_global_mean,assimilation_strength,plus,micro,True,True,False,False,no_stable_downstream_effect,no_stable_downstream_effect,upstream_mediated,0,0,-1,,3,-0.0673285543782352,,False,,0.2127103551405639,0.2616147051366791,0.1048786282602606,
primary_discovery,deffuant,trajectory_vote,macro_outcome_macro_opinion_global_mean,micro_accepted_fraction,micro_accepted_fraction,meso_neighborhood_abs_opinion_std,micro_accepted_fraction,meso_neighborhood_abs_opinion_std,confidence_bound,minus,micro,True,True,True,True,supported,supported,direct_root,0,0,1,1.0,1,-0.0276610800575093,0.0,True,True,-0.8313759904925954,-0.8313759904925954,1.2739810080945135,
primary_discovery,deffuant,trajectory_vote,macro_outcome_macro_opinion_global_mean,micro_accepted_fraction,micro_accepted_fraction,meso_neighborhood_abs_opinion_std,micro_accepted_fraction,meso_neighborhood_abs_opinion_std,confidence_bound,plus,micro,True,True,True,True,supported,supported,direct_root,0,0,13,13.0,1,-0.0276610800575093,12.0,False,False,0.6414189382753075,0.6414189382753075,0.5441427942512459,
primary_discovery,deffuant,trajectory_vote,macro_outcome_macro_network_assortativity,micro_accepted_fraction,micro_accepted_fraction,meso_neighborhood_abs_opinion_variance,micro_accepted_fraction,meso_neighborhood_abs_opinion_variance,confidence_bound,minus,micro,True,True,True,True,supported,supported,direct_root,0,0,1,1.0,1,-0.0731312576266258,0.0,True,True,-0.8313759904925954,-0.8313759904925954,1.7788837381893383,
primary_discovery,deffuant,trajectory_vote,macro_outcome_macro_network_assortativity,micro_accepted_fraction,micro_accepted_fraction,meso_neighborhood_abs_opinion_variance,micro_accepted_fraction,meso_neighborhood_abs_opinion_variance,confidence_bound,plus,micro,True,True,True,True,supported,supported,direct_root,0,0,13,13.0,1,-0.0731312576266258,12.0,False,False,0.6414189382753075,0.6414189382753075,0.5402749979139813,
primary_discovery,deffuant,trajectory_vote,macro_outcome_macro_network_assortativity,micro_backfire_fraction,micro_backfire_fraction,meso_neighborhood_abs_opinion_std,micro_backfire_fraction,meso_neighborhood_abs_opinion_std,backfire_threshold,minus,micro,False,False,False,True,manipulation_failure,manipulation_failure,direct_root,0,0,35,35.0,5,0.0215644454980121,30.0,False,False,0.084013836920408,0.084013836920408,-0.087379764038482,
primary_discovery,deffuant,trajectory_vote,macro_outcome_macro_network_assortativity,micro_backfire_fraction,micro_backfire_fraction,meso_neighborhood_abs_opinion_std,micro_backfire_fraction,meso_neighborhood_abs_opinion_std,backfire_threshold,plus,micro,True,True,False,False,no_stable_downstream_effect,no_stable_downstream_effect,direct_root,0,0,-1,,5,0.0215644454980121,,False,,-0.4870857469652804,-0.4870857469652804,0.0659603531112091,
primary_discovery,deffuant,trajectory_vote,macro_outcome_macro_opinion_global_mean,micro_backfire_fraction,micro_backfire_fraction,meso_neighborhood_agent_shift_std,micro_backfire_fraction,meso_neighborhood_agent_shift_std,backfire_threshold,minus,micro,False,False,False,False,manipulation_failure,manipulation_failure,direct_root,0,0,-1,,1,0.1625426421607569,,False,,0.084013836920408,0.084013836920408,-0.0432400345416868,
primary_discovery,deffuant,trajectory_vote,macro_outcome_macro_opinion_global_mean,micro_backfire_fraction,micro_backfire_fraction,meso_neighborhood_agent_shift_std,micro_backfire_fraction,meso_neighborhood_agent_shift_std,backfire_threshold,plus,micro,True,True,False,False,no_stable_downstream_effect,no_stable_downstream_effect,direct_root,0,0,-1,,1,0.1625426421607569,,True,,-0.4870857469652804,-0.4870857469652804,-0.0640640645111414,
primary_discovery,deffuant,trajectory_vote,macro_outcome_macro_network_largest_component_fraction,micro_mean_abs_agent_shift,micro_mean_abs_agent_shift,meso_neighborhood_abs_opinion_variance,micro_mean_abs_agent_shift,meso_neighborhood_abs_opinion_variance,assimilation_strength,minus,micro,False,False,True,True,manipulation_failure,manipulation_failure,direct_root,0,0,1,1.0,1,-0.0954029250671836,0.0,True,True,-0.0862345684606112,-0.0862345684606112,0.8048526616099485,
primary_discovery,deffuant,trajectory_vote,macro_outcome_macro_network_largest_component_fraction,micro_mean_abs_agent_shift,micro_mean_abs_agent_shift,meso_neighborhood_abs_opinion_variance,micro_mean_abs_agent_shift,meso_neighborhood_abs_opinion_variance,assimilation_strength,plus,micro,True,True,True,True,supported,supported,direct_root,0,0,2,2.0,1,-0.0954029250671836,1.0,True,True,0.2127103551405639,0.2127103551405639,-0.2392761592170874,
primary_discovery,deffuant,trajectory_vote,macro_outcome_macro_opinion_global_mean,micro_mean_abs_agent_shift,micro_mean_abs_agent_shift,meso_neighborhood_agent_shift_std,micro_mean_abs_agent_shift,meso_neighborhood_agent_shift_std,assimilation_strength,minus,micro,False,False,False,True,manipulation_failure,manipulation_failure,direct_root,0,0,0,0.0,1,0.4965687060430518,-1.0,True,True,-0.0862345684606112,-0.0862345684606112,-0.127388057277158,
primary_discovery,deffuant,trajectory_vote,macro_outcome_macro_opinion_global_mean,micro_mean_abs_agent_shift,micro_mean_abs_agent_shift,meso_neighborhood_agent_shift_std,micro_mean_abs_agent_shift,meso_neighborhood_agent_shift_std,assimilation_strength,plus,micro,True,True,True,True,supported,supported,direct_root,0,0,0,0.0,1,0.4965687060430518,-1.0,True,True,0.2127103551405639,0.2127103551405639,0.2616147051366791,
primary_discovery,schelling,unrestricted_temporal_search,unrestricted,,boundary_fraction,macro_global_connected_components,boundary_fraction,macro_global_connected_components,,,none,False,False,False,False,not_applicable,not_applicable,none,-1,-1,-1,,5,0.2652349634688343,,,,,,,no_legal_upstream_micro_manipulation_root
primary_discovery,schelling,unrestricted_temporal_search,unrestricted,,boundary_fraction,macro_global_spatial_neighbor_similarity,boundary_fraction,macro_global_spatial_neighbor_similarity,,,none,False,False,False,False,not_applicable,not_applicable,none,-1,-1,-1,,5,-0.0487263645128899,,,,,,,no_legal_upstream_micro_manipulation_root
primary_discovery,schelling,unrestricted_temporal_search,unrestricted,,boundary_fraction,macro_global_unhappy_fraction,boundary_fraction,macro_global_unhappy_fraction,,,none,False,False,False,False,not_applicable,not_applicable,none,-1,-1,-1,,4,-0.1756332974172813,,,,,,,no_legal_upstream_micro_manipulation_root
primary_discovery,schelling,unrestricted_temporal_search,unrestricted,,boundary_fraction,mean_local_similarity,boundary_fraction,mean_local_similarity,,,none,False,False,False,False,not_applicable,not_applicable,none,-1,-1,-1,,5,-0.0817894292823886,,,,,,,no_legal_upstream_micro_manipulation_root
primary_discovery,schelling,unrestricted_temporal_search,unrestricted,,boundary_fraction,mean_neighbour_count,boundary_fraction,mean_neighbour_count,,,none,False,False,False,False,not_applicable,not_applicable,none,-1,-1,-1,,4,-1.6156570964296089,,,,,,,no_legal_upstream_micro_manipulation_root
primary_discovery,schelling,unrestricted_temporal_search,unrestricted,,boundary_fraction,meso_district_boundary_fraction_std,boundary_fraction,meso_district_boundary_fraction_std,,,none,False,False,False,False,not_applicable,not_applicable,none,-1,-1,-1,,3,0.0980089300534395,,,,,,,no_legal_upstream_micro_manipulation_root
primary_discovery,schelling,unrestricted_temporal_search,unrestricted,,boundary_fraction,meso_district_destination_similarity_std,boundary_fraction,meso_district_destination_similarity_std,,,none,False,False,False,False,not_applicable,not_applicable,none,-1,-1,-1,,2,1.0793893221024498,,,,,,,no_legal_upstream_micro_manipulation_root
primary_discovery,schelling,unrestricted_temporal_search,unrestricted,,boundary_fraction,meso_district_local_similarity_std,boundary_fraction,meso_district_local_similarity_std,,,none,False,False,False,False,not_applicable,not_applicable,none,-1,-1,-1,,3,0.5299856719390763,,,,,,,no_legal_upstream_micro_manipulation_root
primary_discovery,schelling,unrestricted_temporal_search,unrestricted,,boundary_fraction,meso_district_move_fraction_std,boundary_fraction,meso_district_move_fraction_std,,,none,False,False,False,False,not_applicable,not_applicable,none,-1,-1,-1,,2,1.8496214132223012,,,,,,,no_legal_upstream_micro_manipulation_root
primary_discovery,schelling,unrestricted_temporal_search,unrestricted,,boundary_fraction,meso_district_neighbour_count_std,boundary_fraction,meso_district_neighbour_count_std,,,none,False,False,False,False,not_applicable,not_applicable,none,-1,-1,-1,,5,0.6313011239662302,,,,,,,no_legal_upstream_micro_manipulation_root
primary_discovery,schelling,unrestricted_temporal_search,unrestricted,,boundary_fraction,meso_district_unhappy_fraction_std,boundary_fraction,meso_district_unhappy_fraction_std,,,none,False,False,False,False,not_applicable,not_applicable,none,-1,-1,-1,,3,1.39779353801085,,,,,,,no_legal_upstream_micro_manipulation_root
primary_discovery,schelling,unrestricted_temporal_search,unrestricted,,boundary_fraction,quantile_75_local_similarity,boundary_fraction,quantile_75_local_similarity,,,none,False,False,False,False,not_applicable,not_applicable,none,-1,-1,-1,,5,0.948017661940087,,,,,,,no_legal_upstream_micro_manipulation_root
primary_discovery,schelling,unrestricted_temporal_search,unrestricted,,boundary_fraction,std_local_similarity,boundary_fraction,std_local_similarity,,,none,False,False,False,False,not_applicable,not_applicable,none,-1,-1,-1,,4,-0.1094966266740199,,,,,,,no_legal_upstream_micro_manipulation_root
primary_discovery,schelling,unrestricted_temporal_search,unrestricted,,boundary_fraction,std_neighbour_count,boundary_fraction,std_neighbour_count,,,none,False,False,False,False,not_applicable,not_applicable,none,-1,-1,-1,,4,-1.5888631130445972,,,,,,,no_legal_upstream_micro_manipulation_root
primary_discovery,schelling,unrestricted_temporal_search,unrestricted,,boundary_fraction,unhappy_fraction,boundary_fraction,unhappy_fraction,,,none,False,False,False,False,not_applicable,not_applicable,none,-1,-1,-1,,4,-0.175633297417283,,,,,,,no_legal_upstream_micro_manipulation_root
primary_discovery,schelling,unrestricted_temporal_search,unrestricted,,local_similarity_entropy,mean_destination_similarity_movers,local_similarity_entropy,mean_destination_similarity_movers,,,none,False,False,False,False,not_applicable,not_applicable,none,-1,-1,-1,,5,-0.5235442775068687,,,,,,,no_legal_upstream_micro_manipulation_root
primary_discovery,schelling,unrestricted_temporal_search,unrestricted,,local_similarity_entropy,mean_move_distance,local_similarity_entropy,mean_move_distance,,,none,False,False,False,False,not_applicable,not_applicable,none,-1,-1,-1,,5,-0.2554597981145948,,,,,,,no_legal_upstream_micro_manipulation_root
primary_discovery,schelling,unrestricted_temporal_search,unrestricted,,local_similarity_entropy,meso_district_unhappy_fraction_std,local_similarity_entropy,meso_district_unhappy_fraction_std,,,none,False,False,False,False,not_applicable,not_applicable,none,-1,-1,-1,,5,-0.0683789592387151,,,,,,,no_legal_upstream_micro_manipulation_root
primary_discovery,schelling,unrestricted_temporal_search,unrestricted,,local_similarity_entropy,unhappy_local_similarity_mean,local_similarity_entropy,unhappy_local_similarity_mean,,,none,False,False,False,False,not_applicable,not_applicable,none,-1,-1,-1,,2,-0.0892801445891232,,,,,,,no_legal_upstream_micro_manipulation_root
primary_discovery,schelling,unrestricted_temporal_search,unrestricted,,macro_global_connected_components,macro_global_moved_fraction,macro_global_connected_components,macro_global_moved_fraction,,,none,False,False,False,False,not_applicable,not_applicable,none,-1,-1,-1,,3,0.5949516255377146,,,,,,,no_legal_upstream_micro_manipulation_root
primary_discovery,schelling,unrestricted_temporal_search,unrestricted,,macro_global_connected_components,macro_global_spatial_neighbor_similarity,macro_global_connected_components,macro_global_spatial_neighbor_similarity,,,none,False,False,False,False,not_applicable,not_applicable,none,-1,-1,-1,,5,0.0520448972914502,,,,,,,no_legal_upstream_micro_manipulation_root
primary_discovery,schelling,unrestricted_temporal_search,unrestricted,,macro_global_connected_components,macro_global_unhappy_fraction,macro_global_connected_components,macro_global_unhappy_fraction,,,none,False,False,False,False,not_applicable,not_applicable,none,-1,-1,-1,,3,0.0598982191039254,,,,,,,no_legal_upstream_micro_manipulation_root
primary_discovery,schelling,unrestricted_temporal_search,unrestricted,,macro_global_connected_components,mean_local_similarity,macro_global_connected_components,mean_local_similarity,,,none,False,False,False,False,not_applicable,not_applicable,none,-1,-1,-1,,5,0.0258296678546219,,,,,,,no_legal_upstream_micro_manipulation_root
primary_discovery,schelling,unrestricted_temporal_search,unrestricted,,macro_global_connected_components,mean_neighbour_count,macro_global_connected_components,mean_neighbour_count,,,none,False,False,False,False,not_applicable,not_applicable,none,-1,-1,-1,,1,0.305744469825078,,,,,,,no_legal_upstream_micro_manipulation_root
primary_discovery,schelling,unrestricted_temporal_search,unrestricted,,macro_global_connected_components,meso_district_destination_similarity_std,macro_global_connected_components,meso_district_destination_similarity_std,,,none,False,False,False,False,not_applicable,not_applicable,none,-1,-1,-1,,2,-0.3155217076498559,,,,,,,no_legal_upstream_micro_manipulation_root
primary_discovery,schelling,unrestricted_temporal_search,unrestricted,,macro_global_connected_components,meso_district_group_entropy_mean,macro_global_connected_components,meso_district_group_entropy_mean,,,none,False,False,False,False,not_applicable,not_applicable,none,-1,-1,-1,,1,-0.013340709710019,,,,,,,no_legal_upstream_micro_manipulation_root
primary_discovery,schelling,unrestricted_temporal_search,unrestricted,,macro_global_connected_components,meso_district_local_similarity_std,macro_global_connected_components,meso_district_local_similarity_std,,,none,False,False,False,False,not_applicable,not_applicable,none,-1,-1,-1,,4,-0.191526055316054,,,,,,,no_legal_upstream_micro_manipulation_root
primary_discovery,schelling,unrestricted_temporal_search,unrestricted,,macro_global_connected_components,meso_district_move_fraction_std,macro_global_connected_components,meso_district_move_fraction_std,,,none,False,False,False,False,not_applicable,not_applicable,none,-1,-1,-1,,2,-0.4709673991635315,,,,,,,no_legal_upstream_micro_manipulation_root
primary_discovery,schelling,unrestricted_temporal_search,unrestricted,,macro_global_connected_components,meso_district_neighbour_count_std,macro_global_connected_components,meso_district_neighbour_count_std,,,none,False,False,False,False,not_applicable,not_applicable,none,-1,-1,-1,,2,-0.2667010448129551,,,,,,,no_legal_upstream_micro_manipulation_root
primary_discovery,schelling,unrestricted_temporal_search,unrestricted,,macro_global_connected_components,meso_district_unhappy_fraction_std,macro_global_connected_components,meso_district_unhappy_fraction_std,,,none,False,False,False,False,not_applicable,not_applicable,none,-1,-1,-1,,2,0.4679963972293251,,,,,,,no_legal_upstream_micro_manipulation_root
primary_discovery,schelling,unrestricted_temporal_search,unrestricted,,macro_global_connected_components,move_distance_std,macro_global_connected_components,move_distance_std,,,none,False,False,False,False,not_applicable,not_applicable,none,-1,-1,-1,,1,-0.5971031476546027,,,,,,,no_legal_upstream_micro_manipulation_root
primary_discovery,schelling,unrestricted_temporal_search,unrestricted,,macro_global_connected_components,moved_fraction,macro_global_connected_components,moved_fraction,,,none,False,False,False,False,not_applicable,not_applicable,none,-1,-1,-1,,3,0.5949516255377123,,,,,,,no_legal_upstream_micro_manipulation_root
primary_discovery,schelling,unrestricted_temporal_search,unrestricted,,macro_global_connected_components,quantile_25_local_similarity,macro_global_connected_components,quantile_25_local_similarity,,,none,False,False,False,False,not_applicable,not_applicable,none,-1,-1,-1,,3,0.0506185678818683,,,,,,,no_legal_upstream_micro_manipulation_root
primary_discovery,schelling,unrestricted_temporal_search,unrestricted,,macro_global_connected_components,quantile_75_local_similarity,macro_global_connected_components,quantile_75_local_similarity,,,none,False,False,False,False,not_applicable,not_applicable,none,-1,-1,-1,,5,0.506739712935526,,,,,,,no_legal_upstream_micro_manipulation_root
primary_discovery,schelling,unrestricted_temporal_search,unrestricted,,macro_global_connected_components,std_destination_similarity,macro_global_connected_components,std_destination_similarity,,,none,False,False,False,False,not_applicable,not_applicable,none,-1,-1,-1,,1,-0.5517605834926466,,,,,,,no_legal_upstream_micro_manipulation_root
primary_discovery,schelling,unrestricted_temporal_search,unrestricted,,macro_global_connected_components,std_local_similarity,macro_global_connected_components,std_local_similarity,,,none,False,False,False,False,not_applicable,not_applicable,none,-1,-1,-1,,2,-0.029328367942313,,,,,,,no_legal_upstream_micro_manipulation_root
primary_discovery,schelling,unrestricted_temporal_search,unrestricted,,macro_global_connected_components,std_neighbour_count,macro_global_connected_components,std_neighbour_count,,,none,False,False,False,False,not_applicable,not_applicable,none,-1,-1,-1,,5,-0.3341380919831751,,,,,,,no_legal_upstream_micro_manipulation_root
primary_discovery,schelling,unrestricted_temporal_search,unrestricted,,macro_global_connected_components,unhappy_fraction,macro_global_connected_components,unhappy_fraction,,,none,False,False,False,False,not_applicable,not_applicable,none,-1,-1,-1,,3,0.0598982191039257,,,,,,,no_legal_upstream_micro_manipulation_root
primary_discovery,schelling,unrestricted_temporal_search,unrestricted,,macro_global_moved_fraction,boundary_fraction,macro_global_moved_fraction,boundary_fraction,,,none,False,False,False,False,not_applicable,not_applicable,none,-1,-1,-1,,1,-0.0108487850698127,,,,,,,no_legal_upstream_micro_manipulation_root
primary_discovery,schelling,unrestricted_temporal_search,unrestricted,,macro_global_moved_fraction,macro_global_connected_components,macro_global_moved_fraction,macro_global_connected_components,,,none,False,False,False,False,not_applicable,not_applicable,none,-1,-1,-1,,1,-0.0385947996735154,,,,,,,no_legal_upstream_micro_manipulation_root
primary_discovery,schelling,unrestricted_temporal_search,unrestricted,,macro_global_moved_fraction,macro_global_spatial_neighbor_similarity,macro_global_moved_fraction,macro_global_spatial_neighbor_similarity,,,none,False,False,False,False,not_applicable,not_applicable,none,-1,-1,-1,,1,0.035702771684668,,,,,,,no_legal_upstream_micro_manipulation_root
primary_discovery,schelling,unrestricted_temporal_search,unrestricted,,macro_global_moved_fraction,macro_global_unhappy_fraction,macro_global_moved_fraction,macro_global_unhappy_fraction,,,none,False,False,False,False,not_applicable,not_applicable,none,-1,-1,-1,,1,-0.0556274710294855,,,,,,,no_legal_upstream_micro_manipulation_root
primary_discovery,schelling,unrestricted_temporal_search,unrestricted,,macro_global_moved_fraction,mean_local_similarity,macro_global_moved_fraction,mean_local_similarity,,,none,False,False,False,False,not_applicable,not_applicable,none,-1,-1,-1,,1,0.0313937044878506,,,,,,,no_legal_upstream_micro_manipulation_root
primary_discovery,schelling,unrestricted_temporal_search,unrestricted,,macro_global_moved_fraction,mean_neighbour_count,macro_global_moved_fraction,mean_neighbour_count,,,none,False,False,False,False,not_applicable,not_applicable,none,-1,-1,-1,,2,0.0379268970258068,,,,,,,no_legal_upstream_micro_manipulation_root
primary_discovery,schelling,unrestricted_temporal_search,unrestricted,,macro_global_moved_fraction,meso_district_boundary_fraction_std,macro_global_moved_fraction,meso_district_boundary_fraction_std,,,none,False,False,False,False,not_applicable,not_applicable,none,-1,-1,-1,,1,0.0343937900382512,,,,,,,no_legal_upstream_micro_manipulation_root
primary_discovery,schelling,unrestricted_temporal_search,unrestricted,,macro_global_moved_fraction,meso_district_destination_similarity_std,macro_global_moved_fraction,meso_district_destination_similarity_std,,,none,False,False,False,False,not_applicable,not_applicable,none,-1,-1,-1,,1,-0.0887809032403911,,,,,,,no_legal_upstream_micro_manipulation_root
primary_discovery,schelling,unrestricted_temporal_search,unrestricted,,macro_global_moved_fraction,meso_district_group_entropy_mean,macro_global_moved_fraction,meso_district_group_entropy_mean,,,none,False,False,False,False,not_applicable,not_applicable,none,-1,-1,-1,,5,0.0037809951996467,,,,,,,no_legal_upstream_micro_manipulation_root
primary_discovery,schelling,unrestricted_temporal_search,unrestricted,,macro_global_moved_fraction,meso_district_local_similarity_std,macro_global_moved_fraction,meso_district_local_similarity_std,,,none,False,False,False,False,not_applicable,not_applicable,none,-1,-1,-1,,4,-0.0505056406289893,,,,,,,no_legal_upstream_micro_manipulation_root
primary_discovery,schelling,unrestricted_temporal_search,unrestricted,,macro_global_moved_fraction,meso_district_move_distance_std,macro_global_moved_fraction,meso_district_move_distance_std,,,none,False,False,False,False,not_applicable,not_applicable,none,-1,-1,-1,,2,0.0910110160071675,,,,,,,no_legal_upstream_micro_manipulation_root
primary_discovery,schelling,unrestricted_temporal_search,unrestricted,,macro_global_moved_fraction,meso_district_move_fraction_std,macro_global_moved_fraction,meso_district_move_fraction_std,,,none,False,False,False,False,not_applicable,not_applicable,none,-1,-1,-1,,1,-0.0840160318916506,,,,,,,no_legal_upstream_micro_manipulation_root
primary_discovery,schelling,unrestricted_temporal_search,unrestricted,,macro_global_moved_fraction,meso_district_neighbour_count_std,macro_global_moved_fraction,meso_district_neighbour_count_std,,,none,False,False,False,False,not_applicable,not_applicable,none,-1,-1,-1,,2,-0.090939944536084,,,,,,,no_legal_upstream_micro_manipulation_root
primary_discovery,schelling,unrestricted_temporal_search,unrestricted,,macro_global_moved_fraction,meso_district_unhappy_fraction_std,macro_global_moved_fraction,meso_district_unhappy_fraction_std,,,none,False,False,False,False,not_applicable,not_applicable,none,-1,-1,-1,,2,0.0337816760087396,,,,,,,no_legal_upstream_micro_manipulation_root
primary_discovery,schelling,unrestricted_temporal_search,unrestricted,,macro_global_moved_fraction,move_distance_std,macro_global_moved_fraction,move_distance_std,,,none,False,False,False,False,not_applicable,not_applicable,none,-1,-1,-1,,1,-0.0589440673185637,,,,,,,no_legal_upstream_micro_manipulation_root
primary_discovery,schelling,unrestricted_temporal_search,unrestricted,,macro_global_moved_fraction,moved_fraction,macro_global_moved_fraction,moved_fraction,,,none,False,False,False,False,not_applicable,not_applicable,none,-1,-1,-1,,2,0.0524860234779849,,,,,,,no_legal_upstream_micro_manipulation_root
primary_discovery,schelling,unrestricted_temporal_search,unrestricted,,macro_global_moved_fraction,quantile_25_local_similarity,macro_global_moved_fraction,quantile_25_local_similarity,,,none,False,False,False,False,not_applicable,not_applicable,none,-1,-1,-1,,1,0.0234128740307333,,,,,,,no_legal_upstream_micro_manipulation_root
primary_discovery,schelling,unrestricted_temporal_search,unrestricted,,macro_global_moved_fraction,quantile_75_local_similarity,macro_global_moved_fraction,quantile_75_local_similarity,,,none,False,False,False,False,not_applicable,not_applicable,none,-1,-1,-1,,1,0.0933885853193182,,,,,,,no_legal_upstream_micro_manipulation_root
primary_discovery,schelling,unrestricted_temporal_search,unrestricted,,macro_global_moved_fraction,std_local_similarity,macro_global_moved_fraction,std_local_similarity,,,none,False,False,False,False,not_applicable,not_applicable,none,-1,-1,-1,,1,0.0110091452531684,,,,,,,no_legal_upstream_micro_manipulation_root
primary_discovery,schelling,unrestricted_temporal_search,unrestricted,,macro_global_moved_fraction,std_neighbour_count,macro_global_moved_fraction,std_neighbour_count,,,none,False,False,False,False,not_applicable,not_applicable,none,-1,-1,-1,,5,0.0945801169761717,,,,,,,no_legal_upstream_micro_manipulation_root
primary_discovery,schelling,unrestricted_temporal_search,unrestricted,,macro_global_moved_fraction,unhappy_fraction,macro_global_moved_fraction,unhappy_fraction,,,none,False,False,False,False,not_applicable,not_applicable,none,-1,-1,-1,,1,-0.0556274710294877,,,,,,,no_legal_upstream_micro_manipulation_root
primary_discovery,schelling,unrestricted_temporal_search,unrestricted,,macro_global_spatial_neighbor_similarity,macro_global_connected_components,macro_global_spatial_neighbor_similarity,macro_global_connected_components,,,none,False,False,False,False,not_applicable,not_applicable,none,-1,-1,-1,,5,0.2481453189843074,,,,,,,no_legal_upstream_micro_manipulation_root
primary_discovery,schelling,unrestricted_temporal_search,unrestricted,,macro_global_spatial_neighbor_similarity,macro_global_moved_fraction,macro_global_spatial_neighbor_similarity,macro_global_moved_fraction,,,none,False,False,False,False,not_applicable,not_applicable,none,-1,-1,-1,,2,2.5009481592710507,,,,,,,no_legal_upstream_micro_manipulation_root
primary_discovery,schelling,unrestricted_temporal_search,unrestricted,,macro_global_spatial_neighbor_similarity,macro_global_unhappy_fraction,macro_global_spatial_neighbor_similarity,macro_global_unhappy_fraction,,,none,False,False,False,False,not_applicable,not_applicable,none,-1,-1,-1,,4,-0.2154595021597348,,,,,,,no_legal_upstream_micro_manipulation_root
primary_discovery,schelling,unrestricted_temporal_search,unrestricted,,macro_global_spatial_neighbor_similarity,mean_local_similarity,macro_global_spatial_neighbor_similarity,mean_local_similarity,,,none,False,False,False,False,not_applicable,not_applicable,none,-1,-1,-1,,5,-0.0485995106608284,,,,,,,no_legal_upstream_micro_manipulation_root
primary_discovery,schelling,unrestricted_temporal_search,unrestricted,,macro_global_spatial_neighbor_similarity,mean_neighbour_count,macro_global_spatial_neighbor_similarity,mean_neighbour_count,,,none,False,False,False,False,not_applicable,not_applicable,none,-1,-1,-1,,4,-0.4780352405098173,,,,,,,no_legal_upstream_micro_manipulation_root
primary_discovery,schelling,unrestricted_temporal_search,unrestricted,,macro_global_spatial_neighbor_similarity,meso_district_boundary_fraction_std,macro_global_spatial_neighbor_similarity,meso_district_boundary_fraction_std,,,none,False,False,False,False,not_applicable,not_applicable,none,-1,-1,-1,,3,0.7835216525398339,,,,,,,no_legal_upstream_micro_manipulation_root
primary_discovery,schelling,unrestricted_temporal_search,unrestricted,,macro_global_spatial_neighbor_similarity,meso_district_group_entropy_mean,macro_global_spatial_neighbor_similarity,meso_district_group_entropy_mean,,,none,False,False,False,False,not_applicable,not_applicable,none,-1,-1,-1,,4,0.020493984811092,,,,,,,no_legal_upstream_micro_manipulation_root
primary_discovery,schelling,unrestricted_temporal_search,unrestricted,,macro_global_spatial_neighbor_similarity,meso_district_local_similarity_std,macro_global_spatial_neighbor_similarity,meso_district_local_similarity_std,,,none,False,False,False,False,not_applicable,not_applicable,none,-1,-1,-1,,1,1.1021515357672305,,,,,,,no_legal_upstream_micro_manipulation_root
primary_discovery,schelling,unrestricted_temporal_search,unrestricted,,macro_global_spatial_neighbor_similarity,meso_district_move_fraction_std,macro_global_spatial_neighbor_similarity,meso_district_move_fraction_std,,,none,False,False,False,False,not_applicable,not_applicable,none,-1,-1,-1,,1,-0.9179269692428266,,,,,,,no_legal_upstream_micro_manipulation_root
primary_discovery,schelling,unrestricted_temporal_search,unrestricted,,macro_global_spatial_neighbor_similarity,meso_district_neighbour_count_std,macro_global_spatial_neighbor_similarity,meso_district_neighbour_count_std,,,none,False,False,False,False,not_applicable,not_applicable,none,-1,-1,-1,,2,0.8821984091540189,,,,,,,no_legal_upstream_micro_manipulation_root
primary_discovery,schelling,unrestricted_temporal_search,unrestricted,,macro_global_spatial_neighbor_similarity,meso_district_unhappy_fraction_std,macro_global_spatial_neighbor_similarity,meso_district_unhappy_fraction_std,,,none,False,False,False,False,not_applicable,not_applicable,none,-1,-1,-1,,1,0.8689577079101777,,,,,,,no_legal_upstream_micro_manipulation_root
primary_discovery,schelling,unrestricted_temporal_search,unrestricted,,macro_global_spatial_neighbor_similarity,move_distance_std,macro_global_spatial_neighbor_similarity,move_distance_std,,,none,False,False,False,False,not_applicable,not_applicable,none,-1,-1,-1,,2,1.3431620510164055,,,,,,,no_legal_upstream_micro_manipulation_root
primary_discovery,schelling,unrestricted_temporal_search,unrestricted,,macro_global_spatial_neighbor_similarity,moved_fraction,macro_global_spatial_neighbor_similarity,moved_fraction,,,none,False,False,False,False,not_applicable,not_applicable,none,-1,-1,-1,,2,2.500948159271035,,,,,,,no_legal_upstream_micro_manipulation_root
primary_discovery,schelling,unrestricted_temporal_search,unrestricted,,macro_global_spatial_neighbor_similarity,quantile_25_local_similarity,macro_global_spatial_neighbor_similarity,quantile_25_local_similarity,,,none,False,False,False,False,not_applicable,not_applicable,none,-1,-1,-1,,4,-0.31143816857292,,,,,,,no_legal_upstream_micro_manipulation_root
primary_discovery,schelling,unrestricted_temporal_search,unrestricted,,macro_global_spatial_neighbor_similarity,std_destination_similarity,macro_global_spatial_neighbor_similarity,std_destination_similarity,,,none,False,False,False,False,not_applicable,not_applicable,none,-1,-1,-1,,2,1.283566931428049,,,,,,,no_legal_upstream_micro_manipulation_root
primary_discovery,schelling,unrestricted_temporal_search,unrestricted,,macro_global_spatial_neighbor_similarity,std_neighbour_count,macro_global_spatial_neighbor_similarity,std_neighbour_count,,,none,False,False,False,False,not_applicable,not_applicable,none,-1,-1,-1,,2,0.9165150511835516,,,,,,,no_legal_upstream_micro_manipulation_root
primary_discovery,schelling,unrestricted_temporal_search,unrestricted,,macro_global_spatial_neighbor_similarity,unhappy_fraction,macro_global_spatial_neighbor_similarity,unhappy_fraction,,,none,False,False,False,False,not_applicable,not_applicable,none,-1,-1,-1,,4,-0.2154595021597393,,,,,,,no_legal_upstream_micro_manipulation_root
primary_discovery,schelling,unrestricted_temporal_search,unrestricted,,macro_global_unhappy_fraction,boundary_fraction,macro_global_unhappy_fraction,boundary_fraction,,,none,False,False,False,False,not_applicable,not_applicable,none,-1,-1,-1,,2,0.0214025314926401,,,,,,,no_legal_upstream_micro_manipulation_root
primary_discovery,schelling,unrestricted_temporal_search,unrestricted,,macro_global_unhappy_fraction,macro_global_connected_components,macro_global_unhappy_fraction,macro_global_connected_components,,,none,False,False,False,False,not_applicable,not_applicable,none,-1,-1,-1,,2,0.0698052893275813,,,,,,,no_legal_upstream_micro_manipulation_root
primary_discovery,schelling,unrestricted_temporal_search,unrestricted,,macro_global_unhappy_fraction,macro_global_moved_fraction,macro_global_unhappy_fraction,macro_global_moved_fraction,,,none,False,False,False,False,not_applicable,not_applicable,none,-1,-1,-1,,1,0.4443958073846856,,,,,,,no_legal_upstream_micro_manipulation_root
primary_discovery,schelling,unrestricted_temporal_search,unrestricted,,macro_global_unhappy_fraction,macro_global_spatial_neighbor_similarity,macro_global_unhappy_fraction,macro_global_spatial_neighbor_similarity,,,none,False,False,False,False,not_applicable,not_applicable,none,-1,-1,-1,,4,0.0251807850775163,,,,,,,no_legal_upstream_micro_manipulation_root
primary_discovery,schelling,unrestricted_temporal_search,unrestricted,,macro_global_unhappy_fraction,mean_destination_similarity_movers,macro_global_unhappy_fraction,mean_destination_similarity_movers,,,none,False,False,False,False,not_applicable,not_applicable,none,-1,-1,-1,,5,0.1498382697670636,,,,,,,no_legal_upstream_micro_manipulation_root
primary_discovery,schelling,unrestricted_temporal_search,unrestricted,,macro_global_unhappy_fraction,mean_local_similarity,macro_global_unhappy_fraction,mean_local_similarity,,,none,False,False,False,False,not_applicable,not_applicable,none,-1,-1,-1,,1,-0.0286896098043143,,,,,,,no_legal_upstream_micro_manipulation_root
primary_discovery,schelling,unrestricted_temporal_search,unrestricted,,macro_global_unhappy_fraction,mean_move_distance,macro_global_unhappy_fraction,mean_move_distance,,,none,False,False,False,False,not_applicable,not_applicable,none,-1,-1,-1,,5,0.2568095436506472,,,,,,,no_legal_upstream_micro_manipulation_root
primary_discovery,schelling,unrestricted_temporal_search,unrestricted,,macro_global_unhappy_fraction,mean_neighbour_count,macro_global_unhappy_fraction,mean_neighbour_count,,,none,False,False,False,False,not_applicable,not_applicable,none,-1,-1,-1,,2,-0.1270204927241559,,,,,,,no_legal_upstream_micro_manipulation_root
primary_discovery,schelling,unrestricted_temporal_search,unrestricted,,macro_global_unhappy_fraction,meso_district_boundary_fraction_std,macro_global_unhappy_fraction,meso_district_boundary_fraction_std,,,none,False,False,False,False,not_applicable,not_applicable,none,-1,-1,-1,,5,0.2058234512875307,,,,,,,no_legal_upstream_micro_manipulation_root
primary_discovery,schelling,unrestricted_temporal_search,unrestricted,,macro_global_unhappy_fraction,meso_district_destination_similarity_std,macro_global_unhappy_fraction,meso_district_destination_similarity_std,,,none,False,False,False,False,not_applicable,not_applicable,none,-1,-1,-1,,4,0.4884601345211283,,,,,,,no_legal_upstream_micro_manipulation_root
primary_discovery,schelling,unrestricted_temporal_search,unrestricted,,macro_global_unhappy_fraction,meso_district_group_entropy_mean,macro_global_unhappy_fraction,meso_district_group_entropy_mean,,,none,False,False,False,False,not_applicable,not_applicable,none,-1,-1,-1,,2,0.0266094217627831,,,,,,,no_legal_upstream_micro_manipulation_root
primary_discovery,schelling,unrestricted_temporal_search,unrestricted,,macro_global_unhappy_fraction,meso_district_local_similarity_std,macro_global_unhappy_fraction,meso_district_local_similarity_std,,,none,False,False,False,False,not_applicable,not_applicable,none,-1,-1,-1,,1,0.3031490535288822,,,,,,,no_legal_upstream_micro_manipulation_root
primary_discovery,schelling,unrestricted_temporal_search,unrestricted,,macro_global_unhappy_fraction,meso_district_move_distance_std,macro_global_unhappy_fraction,meso_district_move_distance_std,,,none,False,False,False,False,not_applicable,not_applicable,none,-1,-1,-1,,2,-1.091805713089275,,,,,,,no_legal_upstream_micro_manipulation_root
primary_discovery,schelling,unrestricted_temporal_search,unrestricted,,macro_global_unhappy_fraction,meso_district_move_fraction_std,macro_global_unhappy_fraction,meso_district_move_fraction_std,,,none,False,False,False,False,not_applicable,not_applicable,none,-1,-1,-1,,1,0.5387611517185119,,,,,,,no_legal_upstream_micro_manipulation_root
primary_discovery,schelling,unrestricted_temporal_search,unrestricted,,macro_global_unhappy_fraction,meso_district_neighbour_count_std,macro_global_unhappy_fraction,meso_district_neighbour_count_std,,,none,False,False,False,False,not_applicable,not_applicable,none,-1,-1,-1,,2,-0.3165308827686978,,,,,,,no_legal_upstream_micro_manipulation_root
primary_discovery,schelling,unrestricted_temporal_search,unrestricted,,macro_global_unhappy_fraction,meso_district_unhappy_fraction_std,macro_global_unhappy_fraction,meso_district_unhappy_fraction_std,,,none,False,False,False,False,not_applicable,not_applicable,none,-1,-1,-1,,1,0.304075610095953,,,,,,,no_legal_upstream_micro_manipulation_root
primary_discovery,schelling,unrestricted_temporal_search,unrestricted,,macro_global_unhappy_fraction,move_distance_std,macro_global_unhappy_fraction,move_distance_std,,,none,False,False,False,False,not_applicable,not_applicable,none,-1,-1,-1,,1,0.4061474339108454,,,,,,,no_legal_upstream_micro_manipulation_root
primary_discovery,schelling,unrestricted_temporal_search,unrestricted,,macro_global_unhappy_fraction,moved_fraction,macro_global_unhappy_fraction,moved_fraction,,,none,False,False,False,False,not_applicable,not_applicable,none,-1,-1,-1,,1,0.4443958073846886,,,,,,,no_legal_upstream_micro_manipulation_root
primary_discovery,schelling,unrestricted_temporal_search,unrestricted,,macro_global_unhappy_fraction,quantile_25_local_similarity,macro_global_unhappy_fraction,quantile_25_local_similarity,,,none,False,False,False,False,not_applicable,not_applicable,none,-1,-1,-1,,4,0.2364403910127786,,,,,,,no_legal_upstream_micro_manipulation_root
primary_discovery,schelling,unrestricted_temporal_search,unrestricted,,macro_global_unhappy_fraction,quantile_75_local_similarity,macro_global_unhappy_fraction,quantile_75_local_similarity,,,none,False,False,False,False,not_applicable,not_applicable,none,-1,-1,-1,,1,-0.1872931363955995,,,,,,,no_legal_upstream_micro_manipulation_root
primary_discovery,schelling,unrestricted_temporal_search,unrestricted,,macro_global_unhappy_fraction,std_destination_similarity,macro_global_unhappy_fraction,std_destination_similarity,,,none,False,False,False,False,not_applicable,not_applicable,none,-1,-1,-1,,1,0.371644366767212,,,,,,,no_legal_upstream_micro_manipulation_root
primary_discovery,schelling,unrestricted_temporal_search,unrestricted,,macro_global_unhappy_fraction,std_local_similarity,macro_global_unhappy_fraction,std_local_similarity,,,none,False,False,False,False,not_applicable,not_applicable,none,-1,-1,-1,,2,0.0685181823812326,,,,,,,no_legal_upstream_micro_manipulation_root
primary_discovery,schelling,unrestricted_temporal_search,unrestricted,,macro_global_unhappy_fraction,std_neighbour_count,macro_global_unhappy_fraction,std_neighbour_count,,,none,False,False,False,False,not_applicable,not_applicable,none,-1,-1,-1,,5,0.21948094628725,,,,,,,no_legal_upstream_micro_manipulation_root
primary_discovery,schelling,unrestricted_temporal_search,unrestricted,,macro_global_unhappy_fraction,unhappy_fraction,macro_global_unhappy_fraction,unhappy_fraction,,,none,False,False,False,False,not_applicable,not_applicable,none,-1,-1,-1,,1,0.5888043012055021,,,,,,,no_legal_upstream_micro_manipulation_root
primary_discovery,schelling,unrestricted_temporal_search,unrestricted,,mean_destination_similarity_movers,boundary_fraction,mean_destination_similarity_movers,boundary_fraction,,,none,False,False,False,False,not_applicable,not_applicable,none,-1,-1,-1,,1,0.0219037303378869,,,,,,,no_legal_upstream_micro_manipulation_root
primary_discovery,schelling,unrestricted_temporal_search,unrestricted,,mean_destination_similarity_movers,local_similarity_entropy,mean_destination_similarity_movers,local_similarity_entropy,,,none,False,False,False,False,not_applicable,not_applicable,none,-1,-1,-1,,1,0.0428639918959963,,,,,,,no_legal_upstream_micro_manipulation_root
primary_discovery,schelling,unrestricted_temporal_search,unrestricted,,mean_destination_similarity_movers,macro_global_moved_fraction,mean_destination_similarity_movers,macro_global_moved_fraction,,,none,False,False,False,False,not_applicable,not_applicable,none,-1,-1,-1,,5,-0.0966104594594721,,,,,,,no_legal_upstream_micro_manipulation_root
primary_discovery,schelling,unrestricted_temporal_search,unrestricted,,mean_destination_similarity_movers,macro_global_spatial_neighbor_similarity,mean_destination_similarity_movers,macro_global_spatial_neighbor_similarity,,,none,False,False,False,False,not_applicable,not_applicable,none,-1,-1,-1,,1,-0.0184990104726291,,,,,,,no_legal_upstream_micro_manipulation_root
primary_discovery,schelling,unrestricted_temporal_search,unrestricted,,mean_destination_similarity_movers,macro_global_unhappy_fraction,mean_destination_similarity_movers,macro_global_unhappy_fraction,,,none,False,False,False,False,not_applicable,not_applicable,none,-1,-1,-1,,2,-0.0056833545044961,,,,,,,no_legal_upstream_micro_manipulation_root
primary_discovery,schelling,unrestricted_temporal_search,unrestricted,,mean_destination_similarity_movers,mean_local_similarity,mean_destination_similarity_movers,mean_local_similarity,,,none,False,False,False,False,not_applicable,not_applicable,none,-1,-1,-1,,1,-0.0195713999839698,,,,,,,no_legal_upstream_micro_manipulation_root
primary_discovery,schelling,unrestricted_temporal_search,unrestricted,mean_destination_similarity_movers,mean_destination_similarity_movers,meso_district_boundary_fraction_std,mean_destination_similarity_movers,meso_district_boundary_fraction_std,destination_preference,minus,micro,True,True,False,True,no_stable_downstream_effect,no_stable_downstream_effect,direct_root,0,0,1,1.0,4,0.0472812448794079,-3.0,True,False,0.2660373976867192,0.2660373976867192,0.208870944357788,
primary_discovery,schelling,unrestricted_temporal_search,unrestricted,mean_destination_similarity_movers,mean_destination_similarity_movers,meso_district_boundary_fraction_std,mean_destination_similarity_movers,meso_district_boundary_fraction_std,destination_preference,plus,micro,False,False,False,False,manipulation_failure,manipulation_failure,direct_root,-1,-1,-1,,4,0.0472812448794079,,True,,-0.0384399855283769,-0.0384399855283769,-0.068882943874273,
primary_discovery,schelling,unrestricted_temporal_search,unrestricted,mean_destination_similarity_movers,mean_destination_similarity_movers,meso_district_group_entropy_mean,mean_destination_similarity_movers,meso_district_group_entropy_mean,destination_preference,minus,micro,True,True,False,True,no_stable_downstream_effect,no_stable_downstream_effect,direct_root,0,0,7,7.0,3,-0.0046178006663779,4.0,False,False,0.2660373976867192,0.2660373976867192,0.2486157230098173,
primary_discovery,schelling,unrestricted_temporal_search,unrestricted,mean_destination_similarity_movers,mean_destination_similarity_movers,meso_district_group_entropy_mean,mean_destination_similarity_movers,meso_district_group_entropy_mean,destination_preference,plus,micro,False,False,False,False,manipulation_failure,manipulation_failure,direct_root,-1,-1,-1,,3,-0.0046178006663779,,True,,-0.0384399855283769,-0.0384399855283769,0.0854603600542708,
primary_discovery,schelling,unrestricted_temporal_search,unrestricted,mean_destination_similarity_movers,mean_destination_similarity_movers,meso_district_local_similarity_std,mean_destination_similarity_movers,meso_district_local_similarity_std,destination_preference,minus,micro,True,True,False,True,no_stable_downstream_effect,no_stable_downstream_effect,direct_root,0,0,25,25.0,1,-0.0866493251177715,24.0,False,False,0.2660373976867192,0.2660373976867192,0.4516613517407082,
primary_discovery,schelling,unrestricted_temporal_search,unrestricted,mean_destination_similarity_movers,mean_destination_similarity_movers,meso_district_local_similarity_std,mean_destination_similarity_movers,meso_district_local_similarity_std,destination_preference,plus,micro,False,False,False,False,manipulation_failure,manipulation_failure,direct_root,-1,-1,-1,,1,-0.0866493251177715,,False,,-0.0384399855283769,-0.0384399855283769,-0.1326791510155755,
primary_discovery,schelling,unrestricted_temporal_search,unrestricted,mean_destination_similarity_movers,mean_destination_similarity_movers,meso_district_neighbour_count_std,mean_destination_similarity_movers,meso_district_neighbour_count_std,destination_preference,minus,micro,True,True,False,False,no_stable_downstream_effect,no_stable_downstream_effect,direct_root,0,0,-1,,2,0.074589286578792,,True,,0.2660373976867192,0.2660373976867192,0.043097003951759,
primary_discovery,schelling,unrestricted_temporal_search,unrestricted,mean_destination_similarity_movers,mean_destination_similarity_movers,meso_district_neighbour_count_std,mean_destination_similarity_movers,meso_district_neighbour_count_std,destination_preference,plus,micro,False,False,False,False,manipulation_failure,manipulation_failure,direct_root,-1,-1,-1,,2,0.074589286578792,,False,,-0.0384399855283769,-0.0384399855283769,0.1824201745777025,
primary_discovery,schelling,unrestricted_temporal_search,unrestricted,mean_destination_similarity_movers,mean_destination_similarity_movers,meso_district_unhappy_fraction_std,mean_destination_similarity_movers,meso_district_unhappy_fraction_std,destination_preference,minus,micro,True,True,True,True,supported,supported,direct_root,0,0,8,8.0,2,-0.0353216266237863,6.0,False,False,0.2660373976867192,0.2660373976867192,0.8015896418664438,
primary_discovery,schelling,unrestricted_temporal_search,unrestricted,mean_destination_similarity_movers,mean_destination_similarity_movers,meso_district_unhappy_fraction_std,mean_destination_similarity_movers,meso_district_unhappy_fraction_std,destination_preference,plus,micro,False,False,False,False,manipulation_failure,manipulation_failure,direct_root,-1,-1,-1,,2,-0.0353216266237863,,False,,-0.0384399855283769,-0.0384399855283769,-0.1115123667589774,
primary_discovery,schelling,unrestricted_temporal_search,unrestricted,,mean_destination_similarity_movers,moved_fraction,mean_destination_similarity_movers,moved_fraction,,,none,False,False,False,False,not_applicable,not_applicable,none,-1,-1,-1,,5,-0.0966104594594738,,,,,,,no_legal_upstream_micro_manipulation_root
primary_discovery,schelling,unrestricted_temporal_search,unrestricted,,mean_destination_similarity_movers,std_destination_similarity,mean_destination_similarity_movers,std_destination_similarity,,,none,False,False,False,False,not_applicable,not_applicable,none,-1,-1,-1,,4,0.1200650145575039,,,,,,,no_legal_upstream_micro_manipulation_root
primary_discovery,schelling,unrestricted_temporal_search,unrestricted,,mean_destination_similarity_movers,std_local_similarity,mean_destination_similarity_movers,std_local_similarity,,,none,False,False,False,False,not_applicable,not_applicable,none,-1,-1,-1,,4,0.0034655353937911,,,,,,,no_legal_upstream_micro_manipulation_root
primary_discovery,schelling,unrestricted_temporal_search,unrestricted,,mean_destination_similarity_movers,std_neighbour_count,mean_destination_similarity_movers,std_neighbour_count,,,none,False,False,False,False,not_applicable,not_applicable,none,-1,-1,-1,,5,0.0441235321799914,,,,,,,no_legal_upstream_micro_manipulation_root
primary_discovery,schelling,unrestricted_temporal_search,unrestricted,,mean_destination_similarity_movers,unhappy_fraction,mean_destination_similarity_movers,unhappy_fraction,,,none,False,False,False,False,not_applicable,not_applicable,none,-1,-1,-1,,2,-0.0056833545044963,,,,,,,no_legal_upstream_micro_manipulation_root
primary_discovery,schelling,unrestricted_temporal_search,unrestricted,,mean_local_similarity,boundary_fraction,mean_local_similarity,boundary_fraction,,,none,False,False,False,False,not_applicable,not_applicable,none,-1,-1,-1,,1,-0.3577884126646588,,,,,,,no_legal_upstream_micro_manipulation_root
primary_discovery,schelling,unrestricted_temporal_search,unrestricted,,mean_local_similarity,macro_global_connected_components,mean_local_similarity,macro_global_connected_components,,,none,False,False,False,False,not_applicable,not_applicable,none,-1,-1,-1,,1,-0.3689207180717783,,,,,,,no_legal_upstream_micro_manipulation_root
primary_discovery,schelling,unrestricted_temporal_search,unrestricted,,mean_local_similarity,macro_global_spatial_neighbor_similarity,mean_local_similarity,macro_global_spatial_neighbor_similarity,,,none,False,False,False,False,not_applicable,not_applicable,none,-1,-1,-1,,1,0.176941557524012,,,,,,,no_legal_upstream_micro_manipulation_root
primary_discovery,schelling,unrestricted_temporal_search,unrestricted,,mean_local_similarity,macro_global_unhappy_fraction,mean_local_similarity,macro_global_unhappy_fraction,,,none,False,False,False,False,not_applicable,not_applicable,none,-1,-1,-1,,4,-0.1861277121984754,,,,,,,no_legal_upstream_micro_manipulation_root
primary_discovery,schelling,unrestricted_temporal_search,unrestricted,,mean_local_similarity,mean_neighbour_count,mean_local_similarity,mean_neighbour_count,,,none,False,False,False,False,not_applicable,not_applicable,none,-1,-1,-1,,4,-0.6237067953669484,,,,,,,no_legal_upstream_micro_manipulation_root
primary_discovery,schelling,unrestricted_temporal_search,unrestricted,,mean_local_similarity,meso_district_destination_similarity_std,mean_local_similarity,meso_district_destination_similarity_std,,,none,False,False,False,False,not_applicable,not_applicable,none,-1,-1,-1,,1,1.534542120855926,,,,,,,no_legal_upstream_micro_manipulation_root
primary_discovery,schelling,unrestricted_temporal_search,unrestricted,,mean_local_similarity,meso_district_group_entropy_mean,mean_local_similarity,meso_district_group_entropy_mean,,,none,False,False,False,False,not_applicable,not_applicable,none,-1,-1,-1,,4,-0.0856688490872643,,,,,,,no_legal_upstream_micro_manipulation_root
primary_discovery,schelling,unrestricted_temporal_search,unrestricted,,mean_local_similarity,meso_district_move_distance_std,mean_local_similarity,meso_district_move_distance_std,,,none,False,False,False,False,not_applicable,not_applicable,none,-1,-1,-1,,3,1.5166022822669958,,,,,,,no_legal_upstream_micro_manipulation_root
primary_discovery,schelling,unrestricted_temporal_search,unrestricted,,mean_local_similarity,meso_district_move_fraction_std,mean_local_similarity,meso_district_move_fraction_std,,,none,False,False,False,False,not_applicable,not_applicable,none,-1,-1,-1,,1,1.4550833507828285,,,,,,,no_legal_upstream_micro_manipulation_root
primary_discovery,schelling,unrestricted_temporal_search,unrestricted,,mean_local_similarity,meso_district_neighbour_count_std,mean_local_similarity,meso_district_neighbour_count_std,,,none,False,False,False,False,not_applicable,not_applicable,none,-1,-1,-1,,1,1.3590042072540016,,,,,,,no_legal_upstream_micro_manipulation_root
primary_discovery,schelling,unrestricted_temporal_search,unrestricted,,mean_local_similarity,meso_district_unhappy_fraction_std,mean_local_similarity,meso_district_unhappy_fraction_std,,,none,False,False,False,False,not_applicable,not_applicable,none,-1,-1,-1,,4,-0.98969556163364,,,,,,,no_legal_upstream_micro_manipulation_root
primary_discovery,schelling,unrestricted_temporal_search,unrestricted,,mean_local_similarity,move_distance_std,mean_local_similarity,move_distance_std,,,none,False,False,False,False,not_applicable,not_applicable,none,-1,-1,-1,,5,1.0556066941061528,,,,,,,no_legal_upstream_micro_manipulation_root
primary_discovery,schelling,unrestricted_temporal_search,unrestricted,,mean_local_similarity,quantile_25_local_similarity,mean_local_similarity,quantile_25_local_similarity,,,none,False,False,False,False,not_applicable,not_applicable,none,-1,-1,-1,,4,0.3570405136116663,,,,,,,no_legal_upstream_micro_manipulation_root
primary_discovery,schelling,unrestricted_temporal_search,unrestricted,,mean_local_similarity,quantile_75_local_similarity,mean_local_similarity,quantile_75_local_similarity,,,none,False,False,False,False,not_applicable,not_applicable,none,-1,-1,-1,,2,1.361044955716325,,,,,,,no_legal_upstream_micro_manipulation_root
primary_discovery,schelling,unrestricted_temporal_search,unrestricted,,mean_local_similarity,std_local_similarity,mean_local_similarity,std_local_similarity,,,none,False,False,False,False,not_applicable,not_applicable,none,-1,-1,-1,,4,-0.2214566803343186,,,,,,,no_legal_upstream_micro_manipulation_root
primary_discovery,schelling,unrestricted_temporal_search,unrestricted,,mean_local_similarity,std_neighbour_count,mean_local_similarity,std_neighbour_count,,,none,False,False,False,False,not_applicable,not_applicable,none,-1,-1,-1,,5,2.005224804053728,,,,,,,no_legal_upstream_micro_manipulation_root
primary_discovery,schelling,unrestricted_temporal_search,unrestricted,,mean_local_similarity,unhappy_fraction,mean_local_similarity,unhappy_fraction,,,none,False,False,False,False,not_applicable,not_applicable,none,-1,-1,-1,,4,-0.186127712198465,,,,,,,no_legal_upstream_micro_manipulation_root
primary_discovery,schelling,unrestricted_temporal_search,unrestricted,,mean_move_distance,boundary_fraction,mean_move_distance,boundary_fraction,,,none,False,False,False,False,not_applicable,not_applicable,none,-1,-1,-1,,3,0.0034890548944311,,,,,,,no_legal_upstream_micro_manipulation_root
primary_discovery,schelling,unrestricted_temporal_search,unrestricted,,mean_move_distance,local_similarity_entropy,mean_move_distance,local_similarity_entropy,,,none,False,False,False,False,not_applicable,not_applicable,none,-1,-1,-1,,1,-0.0158296368533062,,,,,,,no_legal_upstream_micro_manipulation_root
primary_discovery,schelling,unrestricted_temporal_search,unrestricted,,mean_move_distance,macro_global_connected_components,mean_move_distance,macro_global_connected_components,,,none,False,False,False,False,not_applicable,not_applicable,none,-1,-1,-1,,1,0.0083102423588547,,,,,,,no_legal_upstream_micro_manipulation_root
primary_discovery,schelling,unrestricted_temporal_search,unrestricted,,mean_move_distance,macro_global_moved_fraction,mean_move_distance,macro_global_moved_fraction,,,none,False,False,False,False,not_applicable,not_applicable,none,-1,-1,-1,,5,0.0806634155608551,,,,,,,no_legal_upstream_micro_manipulation_root
primary_discovery,schelling,unrestricted_temporal_search,unrestricted,,mean_move_distance,macro_global_spatial_neighbor_similarity,mean_move_distance,macro_global_spatial_neighbor_similarity,,,none,False,False,False,False,not_applicable,not_applicable,none,-1,-1,-1,,1,0.0102046469808671,,,,,,,no_legal_upstream_micro_manipulation_root
primary_discovery,schelling,unrestricted_temporal_search,unrestricted,,mean_move_distance,macro_global_unhappy_fraction,mean_move_distance,macro_global_unhappy_fraction,,,none,False,False,False,False,not_applicable,not_applicable,none,-1,-1,-1,,1,-0.014994198440873,,,,,,,no_legal_upstream_micro_manipulation_root
primary_discovery,schelling,unrestricted_temporal_search,unrestricted,,mean_move_distance,mean_local_similarity,mean_move_distance,mean_local_similarity,,,none,False,False,False,False,not_applicable,not_applicable,none,-1,-1,-1,,1,0.0100578757597933,,,,,,,no_legal_upstream_micro_manipulation_root
primary_discovery,schelling,unrestricted_temporal_search,unrestricted,,mean_move_distance,mean_neighbour_count,mean_move_distance,mean_neighbour_count,,,none,False,False,False,False,not_applicable,not_applicable,none,-1,-1,-1,,1,-0.0182990219018726,,,,,,,no_legal_upstream_micro_manipulation_root
primary_discovery,schelling,unrestricted_temporal_search,unrestricted,,mean_move_distance,meso_district_boundary_fraction_std,mean_move_distance,meso_district_boundary_fraction_std,,,none,False,False,False,False,not_applicable,not_applicable,none,-1,-1,-1,,1,0.070890992690253,,,,,,,no_legal_upstream_micro_manipulation_root
primary_discovery,schelling,unrestricted_temporal_search,unrestricted,,mean_move_distance,meso_district_group_entropy_mean,mean_move_distance,meso_district_group_entropy_mean,,,none,False,False,False,False,not_applicable,not_applicable,none,-1,-1,-1,,1,0.0063455473141405,,,,,,,no_legal_upstream_micro_manipulation_root
primary_discovery,schelling,unrestricted_temporal_search,unrestricted,,mean_move_distance,meso_district_local_similarity_std,mean_move_distance,meso_district_local_similarity_std,,,none,False,False,False,False,not_applicable,not_applicable,none,-1,-1,-1,,1,0.1142588012968964,,,,,,,no_legal_upstream_micro_manipulation_root
primary_discovery,schelling,unrestricted_temporal_search,unrestricted,,mean_move_distance,meso_district_neighbour_count_std,mean_move_distance,meso_district_neighbour_count_std,,,none,False,False,False,False,not_applicable,not_applicable,none,-1,-1,-1,,2,-0.0854715900041458,,,,,,,no_legal_upstream_micro_manipulation_root
primary_discovery,schelling,unrestricted_temporal_search,unrestricted,,mean_move_distance,meso_district_unhappy_fraction_std,mean_move_distance,meso_district_unhappy_fraction_std,,,none,False,False,False,False,not_applicable,not_applicable,none,-1,-1,-1,,4,0.0422014598392217,,,,,,,no_legal_upstream_micro_manipulation_root
primary_discovery,schelling,unrestricted_temporal_search,unrestricted,,mean_move_distance,moved_fraction,mean_move_distance,moved_fraction,,,none,False,False,False,False,not_applicable,not_applicable,none,-1,-1,-1,,5,0.0806634155608551,,,,,,,no_legal_upstream_micro_manipulation_root
primary_discovery,schelling,unrestricted_temporal_search,unrestricted,,mean_move_distance,quantile_75_local_similarity,mean_move_distance,quantile_75_local_similarity,,,none,False,False,False,False,not_applicable,not_applicable,none,-1,-1,-1,,2,-0.049601979114936,,,,,,,no_legal_upstream_micro_manipulation_root
primary_discovery,schelling,unrestricted_temporal_search,unrestricted,,mean_move_distance,std_destination_similarity,mean_move_distance,std_destination_similarity,,,none,False,False,False,False,not_applicable,not_applicable,none,-1,-1,-1,,4,-0.0756407912574819,,,,,,,no_legal_upstream_micro_manipulation_root
primary_discovery,schelling,unrestricted_temporal_search,unrestricted,,mean_move_distance,std_local_similarity,mean_move_distance,std_local_similarity,,,none,False,False,False,False,not_applicable,not_applicable,none,-1,-1,-1,,1,0.0254625858426359,,,,,,,no_legal_upstream_micro_manipulation_root
primary_discovery,schelling,unrestricted_temporal_search,unrestricted,,mean_move_distance,std_neighbour_count,mean_move_distance,std_neighbour_count,,,none,False,False,False,False,not_applicable,not_applicable,none,-1,-1,-1,,5,-0.0233498364134663,,,,,,,no_legal_upstream_micro_manipulation_root
primary_discovery,schelling,unrestricted_temporal_search,unrestricted,,mean_move_distance,unhappy_fraction,mean_move_distance,unhappy_fraction,,,none,False,False,False,False,not_applicable,not_applicable,none,-1,-1,-1,,1,-0.0149941984408737,,,,,,,no_legal_upstream_micro_manipulation_root
primary_discovery,schelling,unrestricted_temporal_search,unrestricted,,mean_neighbour_count,macro_global_moved_fraction,mean_neighbour_count,macro_global_moved_fraction,,,none,False,False,False,False,not_applicable,not_applicable,none,-1,-1,-1,,2,0.098358753402996,,,,,,,no_legal_upstream_micro_manipulation_root
primary_discovery,schelling,unrestricted_temporal_search,unrestricted,,mean_neighbour_count,macro_global_spatial_neighbor_similarity,mean_neighbour_count,macro_global_spatial_neighbor_similarity,,,none,False,False,False,False,not_applicable,not_applicable,none,-1,-1,-1,,1,-0.008491199813578,,,,,,,no_legal_upstream_micro_manipulation_root
primary_discovery,schelling,unrestricted_temporal_search,unrestricted,,mean_neighbour_count,macro_global_unhappy_fraction,mean_neighbour_count,macro_global_unhappy_fraction,,,none,False,False,False,False,not_applicable,not_applicable,none,-1,-1,-1,,4,-0.0106279135017758,,,,,,,no_legal_upstream_micro_manipulation_root
primary_discovery,schelling,unrestricted_temporal_search,unrestricted,,mean_neighbour_count,meso_district_boundary_fraction_std,mean_neighbour_count,meso_district_boundary_fraction_std,,,none,False,False,False,False,not_applicable,not_applicable,none,-1,-1,-1,,2,-0.0672030019904997,,,,,,,no_legal_upstream_micro_manipulation_root
primary_discovery,schelling,unrestricted_temporal_search,unrestricted,,mean_neighbour_count,meso_district_group_entropy_mean,mean_neighbour_count,meso_district_group_entropy_mean,,,none,False,False,False,False,not_applicable,not_applicable,none,-1,-1,-1,,4,0.0084817099192499,,,,,,,no_legal_upstream_micro_manipulation_root
primary_discovery,schelling,unrestricted_temporal_search,unrestricted,,mean_neighbour_count,meso_district_local_similarity_std,mean_neighbour_count,meso_district_local_similarity_std,,,none,False,False,False,False,not_applicable,not_applicable,none,-1,-1,-1,,4,-0.1198224702254146,,,,,,,no_legal_upstream_micro_manipulation_root
primary_discovery,schelling,unrestricted_temporal_search,unrestricted,,mean_neighbour_count,meso_district_neighbour_count_std,mean_neighbour_count,meso_district_neighbour_count_std,,,none,False,False,False,False,not_applicable,not_applicable,none,-1,-1,-1,,5,-0.1178894643747109,,,,,,,no_legal_upstream_micro_manipulation_root
primary_discovery,schelling,unrestricted_temporal_search,unrestricted,,mean_neighbour_count,move_distance_std,mean_neighbour_count,move_distance_std,,,none,False,False,False,False,not_applicable,not_applicable,none,-1,-1,-1,,2,0.1490691007138875,,,,,,,no_legal_upstream_micro_manipulation_root
primary_discovery,schelling,unrestricted_temporal_search,unrestricted,,mean_neighbour_count,moved_fraction,mean_neighbour_count,moved_fraction,,,none,False,False,False,False,not_applicable,not_applicable,none,-1,-1,-1,,2,0.0983587534029932,,,,,,,no_legal_upstream_micro_manipulation_root
primary_discovery,schelling,unrestricted_temporal_search,unrestricted,,mean_neighbour_count,quantile_25_local_similarity,mean_neighbour_count,quantile_25_local_similarity,,,none,False,False,False,False,not_applicable,not_applicable,none,-1,-1,-1,,5,-0.0417723492111593,,,,,,,no_legal_upstream_micro_manipulation_root
primary_discovery,schelling,unrestricted_temporal_search,unrestricted,,mean_neighbour_count,quantile_75_local_similarity,mean_neighbour_count,quantile_75_local_similarity,,,none,False,False,False,False,not_applicable,not_applicable,none,-1,-1,-1,,4,0.1054009379050094,,,,,,,no_legal_upstream_micro_manipulation_root
primary_discovery,schelling,unrestricted_temporal_search,unrestricted,,mean_neighbour_count,std_neighbour_count,mean_neighbour_count,std_neighbour_count,,,none,False,False,False,False,not_applicable,not_applicable,none,-1,-1,-1,,3,-0.0731532455210899,,,,,,,no_legal_upstream_micro_manipulation_root
primary_discovery,schelling,unrestricted_temporal_search,unrestricted,,mean_neighbour_count,unhappy_fraction,mean_neighbour_count,unhappy_fraction,,,none,False,False,False,False,not_applicable,not_applicable,none,-1,-1,-1,,4,-0.0106279135017759,,,,,,,no_legal_upstream_micro_manipulation_root
primary_discovery,schelling,unrestricted_temporal_search,unrestricted,moved_fraction,meso_district_boundary_fraction_std,macro_global_connected_components,meso_district_boundary_fraction_std,macro_global_connected_components,move_probability,minus,micro,True,False,True,True,no_stable_downstream_effect,no_stable_downstream_effect,upstream_mediated,0,1,1,0.0,4,0.0232254610668143,-4.0,False,False,0.3084241721235077,-0.0449603430395152,1.1998703053374755,
primary_discovery,schelling,unrestricted_temporal_search,unrestricted,moved_fraction,meso_district_boundary_fraction_std,macro_global_connected_components,meso_district_boundary_fraction_std,macro_global_connected_components,move_probability,plus,micro,True,False,True,True,no_stable_downstream_effect,no_stable_downstream_effect,upstream_mediated,0,1,1,0.0,4,0.0232254610668143,-4.0,False,False,-0.2787196878892839,0.0311126477000535,-0.3342719433422125,
primary_discovery,schelling,unrestricted_temporal_search,unrestricted,,meso_district_boundary_fraction_std,macro_global_moved_fraction,meso_district_boundary_fraction_std,macro_global_moved_fraction,,,none,False,False,False,False,not_applicable,not_applicable,none,-1,-1,-1,,4,0.1747645542432286,,,,,,,no_legal_upstream_micro_manipulation_root
primary_discovery,schelling,unrestricted_temporal_search,unrestricted,unhappy_fraction,meso_district_boundary_fraction_std,macro_global_spatial_neighbor_similarity,meso_district_boundary_fraction_std,macro_global_spatial_neighbor_similarity,tolerance,minus,micro,True,False,True,False,no_stable_downstream_effect,no_stable_downstream_effect,upstream_mediated,0,3,1,-2.0,1,0.0092306634133263,-3.0,False,False,-0.2378518138150472,0.4089136124012554,-3.340027328067182,
primary_discovery,schelling,unrestricted_temporal_search,unrestricted,unhappy_fraction,meso_district_boundary_fraction_std,macro_global_spatial_neighbor_similarity,meso_district_boundary_fraction_std,macro_global_spatial_neighbor_similarity,tolerance,plus,micro,True,True,True,False,inconclusive,inconclusive,upstream_mediated,0,35,2,-33.0,1,0.0092306634133263,-34.0,False,False,0.6810788178937784,-1.2240413481341144,1.1557030527038552,
primary_discovery,schelling,unrestricted_temporal_search,unrestricted,,meso_district_boundary_fraction_std,mean_local_similarity,meso_district_boundary_fraction_std,mean_local_similarity,,,none,False,False,False,False,not_applicable,not_applicable,none,-1,-1,-1,,4,-0.0032518349718426,,,,,,,no_legal_upstream_micro_manipulation_root
primary_discovery,schelling,unrestricted_temporal_search,unrestricted,,meso_district_boundary_fraction_std,meso_district_local_similarity_std,meso_district_boundary_fraction_std,meso_district_local_similarity_std,,,none,False,False,False,False,not_applicable,not_applicable,none,-1,-1,-1,,5,0.0955634367885989,,,,,,,no_legal_upstream_micro_manipulation_root
primary_discovery,schelling,unrestricted_temporal_search,unrestricted,,meso_district_boundary_fraction_std,meso_district_unhappy_fraction_std,meso_district_boundary_fraction_std,meso_district_unhappy_fraction_std,,,none,False,False,False,False,not_applicable,not_applicable,none,-1,-1,-1,,3,-0.0824001708686434,,,,,,,no_legal_upstream_micro_manipulation_root
primary_discovery,schelling,unrestricted_temporal_search,unrestricted,,meso_district_boundary_fraction_std,moved_fraction,meso_district_boundary_fraction_std,moved_fraction,,,none,False,False,False,False,not_applicable,not_applicable,none,-1,-1,-1,,4,0.1747645542432316,,,,,,,no_legal_upstream_micro_manipulation_root
primary_discovery,schelling,unrestricted_temporal_search,unrestricted,,meso_district_boundary_fraction_std,quantile_25_local_similarity,meso_district_boundary_fraction_std,quantile_25_local_similarity,,,none,False,False,False,False,not_applicable,not_applicable,none,-1,-1,-1,,2,-0.0709229235104656,,,,,,,no_legal_upstream_micro_manipulation_root
primary_discovery,schelling,unrestricted_temporal_search,unrestricted,,meso_district_boundary_fraction_std,quantile_75_local_similarity,meso_district_boundary_fraction_std,quantile_75_local_similarity,,,none,False,False,False,False,not_applicable,not_applicable,none,-1,-1,-1,,4,0.1191412542612395,,,,,,,no_legal_upstream_micro_manipulation_root
primary_discovery,schelling,unrestricted_temporal_search,unrestricted,,meso_district_boundary_fraction_std,std_local_similarity,meso_district_boundary_fraction_std,std_local_similarity,,,none,False,False,False,False,not_applicable,not_applicable,none,-1,-1,-1,,4,0.0131841976689669,,,,,,,no_legal_upstream_micro_manipulation_root
primary_discovery,schelling,unrestricted_temporal_search,unrestricted,,meso_district_destination_similarity_std,boundary_fraction,meso_district_destination_similarity_std,boundary_fraction,,,none,False,False,False,False,not_applicable,not_applicable,none,-1,-1,-1,,3,0.0093942096718936,,,,,,,no_legal_upstream_micro_manipulation_root
primary_discovery,schelling,unrestricted_temporal_search,unrestricted,unhappy_fraction,meso_district_destination_similarity_std,macro_global_connected_components,meso_district_destination_similarity_std,macro_global_connected_components,tolerance,minus,micro,True,True,True,True,supported,supported,upstream_mediated,0,0,2,2.0,3,-0.0069919723153431,-1.0,True,True,-0.2378518138150472,-0.1867116688180088,1.7000771125404406,
primary_discovery,schelling,unrestricted_temporal_search,unrestricted,unhappy_fraction,meso_district_destination_similarity_std,macro_global_connected_components,meso_district_destination_similarity_std,macro_global_connected_components,tolerance,plus,micro,True,True,False,True,no_stable_downstream_effect,no_stable_downstream_effect,upstream_mediated,0,0,76,76.0,3,-0.0069919723153431,73.0,True,False,0.6810788178937784,0.4677365061048846,-0.1439145540042583,
primary_discovery,schelling,unrestricted_temporal_search,unrestricted,,meso_district_destination_similarity_std,macro_global_moved_fraction,meso_district_destination_similarity_std,macro_global_moved_fraction,,,none,False,False,False,False,not_applicable,not_applicable,none,-1,-1,-1,,4,-0.133701441903746,,,,,,,no_legal_upstream_micro_manipulation_root
primary_discovery,schelling,unrestricted_temporal_search,unrestricted,mean_destination_similarity_movers,meso_district_destination_similarity_std,macro_global_spatial_neighbor_similarity,meso_district_destination_similarity_std,macro_global_spatial_neighbor_similarity,destination_preference,minus,micro,True,True,True,False,inconclusive,inconclusive,upstream_mediated,0,37,1,-36.0,1,0.0275820682668958,-37.0,False,False,0.2660373976867192,0.3948835471921246,-0.7595975906009652,
primary_discovery,schelling,unrestricted_temporal_search,unrestricted,mean_destination_similarity_movers,meso_district_destination_similarity_std,macro_global_spatial_neighbor_similarity,meso_district_destination_similarity_std,macro_global_spatial_neighbor_similarity,destination_preference,plus,micro,False,False,False,False,manipulation_failure,manipulation_failure,upstream_mediated,-1,-1,1,,1,0.0275820682668958,,False,,-0.0384399855283769,-0.063951601480493,0.1125361554044092,
primary_discovery,schelling,unrestricted_temporal_search,unrestricted,moved_fraction,meso_district_destination_similarity_std,macro_global_spatial_neighbor_similarity,meso_district_destination_similarity_std,macro_global_spatial_neighbor_similarity,move_probability,minus,micro,True,True,True,True,supported,supported,upstream_mediated,0,0,1,1.0,1,0.0275820682668958,0.0,False,True,0.3084241721235077,0.4006009736523353,-1.1559107811903222,
primary_discovery,schelling,unrestricted_temporal_search,unrestricted,moved_fraction,meso_district_destination_similarity_std,macro_global_spatial_neighbor_similarity,meso_district_destination_similarity_std,macro_global_spatial_neighbor_similarity,move_probability,plus,micro,True,True,True,True,supported,supported,upstream_mediated,0,0,1,1.0,1,0.0275820682668958,0.0,False,True,-0.2787196878892839,-0.3142791379912554,0.4482393507792006,
primary_discovery,schelling,unrestricted_temporal_search,unrestricted,mean_destination_similarity_movers,meso_district_destination_similarity_std,macro_global_unhappy_fraction,meso_district_destination_similarity_std,macro_global_unhappy_fraction,destination_preference,minus,micro,True,True,True,False,inconclusive,inconclusive,upstream_mediated,0,37,1,-36.0,1,-0.0467410002825975,-37.0,False,False,0.2660373976867192,0.3948835471921246,0.7223266216165585,
primary_discovery,schelling,unrestricted_temporal_search,unrestricted,mean_destination_similarity_movers,meso_district_destination_similarity_std,macro_global_unhappy_fraction,meso_district_destination_similarity_std,macro_global_unhappy_fraction,destination_preference,plus,micro,False,False,False,False,manipulation_failure,manipulation_failure,upstream_mediated,-1,-1,1,,1,-0.0467410002825975,,False,,-0.0384399855283769,-0.063951601480493,-0.1114504692614298,
primary_discovery,schelling,unrestricted_temporal_search,unrestricted,,meso_district_destination_similarity_std,mean_destination_similarity_movers,meso_district_destination_similarity_std,mean_destination_similarity_movers,,,none,False,False,False,False,not_applicable,not_applicable,none,-1,-1,-1,,3,-0.3420049856461862,,,,,,,no_legal_upstream_micro_manipulation_root
primary_discovery,schelling,unrestricted_temporal_search,unrestricted,,meso_district_destination_similarity_std,mean_local_similarity,meso_district_destination_similarity_std,mean_local_similarity,,,none,False,False,False,False,not_applicable,not_applicable,none,-1,-1,-1,,1,0.0212986900980056,,,,,,,no_legal_upstream_micro_manipulation_root
primary_discovery,schelling,unrestricted_temporal_search,unrestricted,,meso_district_destination_similarity_std,mean_move_distance,meso_district_destination_similarity_std,mean_move_distance,,,none,False,False,False,False,not_applicable,not_applicable,none,-1,-1,-1,,3,-0.1855769940500366,,,,,,,no_legal_upstream_micro_manipulation_root
primary_discovery,schelling,unrestricted_temporal_search,unrestricted,,meso_district_destination_similarity_std,mean_neighbour_count,meso_district_destination_similarity_std,mean_neighbour_count,,,none,False,False,False,False,not_applicable,not_applicable,none,-1,-1,-1,,5,-0.076169224950165,,,,,,,no_legal_upstream_micro_manipulation_root
primary_discovery,schelling,unrestricted_temporal_search,unrestricted,,meso_district_destination_similarity_std,meso_district_boundary_fraction_std,meso_district_destination_similarity_std,meso_district_boundary_fraction_std,,,none,False,False,False,False,not_applicable,not_applicable,none,-1,-1,-1,,4,-0.1188833790872207,,,,,,,no_legal_upstream_micro_manipulation_root
primary_discovery,schelling,unrestricted_temporal_search,unrestricted,,meso_district_destination_similarity_std,meso_district_group_entropy_mean,meso_district_destination_similarity_std,meso_district_group_entropy_mean,,,none,False,False,False,False,not_applicable,not_applicable,none,-1,-1,-1,,5,0.0059747566538606,,,,,,,no_legal_upstream_micro_manipulation_root
primary_discovery,schelling,unrestricted_temporal_search,unrestricted,,meso_district_destination_similarity_std,meso_district_local_similarity_std,meso_district_destination_similarity_std,meso_district_local_similarity_std,,,none,False,False,False,False,not_applicable,not_applicable,none,-1,-1,-1,,1,-0.1028572905608357,,,,,,,no_legal_upstream_micro_manipulation_root
primary_discovery,schelling,unrestricted_temporal_search,unrestricted,,meso_district_destination_similarity_std,meso_district_move_fraction_std,meso_district_destination_similarity_std,meso_district_move_fraction_std,,,none,False,False,False,False,not_applicable,not_applicable,none,-1,-1,-1,,5,-0.1954374695116714,,,,,,,no_legal_upstream_micro_manipulation_root
primary_discovery,schelling,unrestricted_temporal_search,unrestricted,,meso_district_destination_similarity_std,meso_district_neighbour_count_std,meso_district_destination_similarity_std,meso_district_neighbour_count_std,,,none,False,False,False,False,not_applicable,not_applicable,none,-1,-1,-1,,1,0.1396880450087398,,,,,,,no_legal_upstream_micro_manipulation_root
primary_discovery,schelling,unrestricted_temporal_search,unrestricted,,meso_district_destination_similarity_std,meso_district_unhappy_fraction_std,meso_district_destination_similarity_std,meso_district_unhappy_fraction_std,,,none,False,False,False,False,not_applicable,not_applicable,none,-1,-1,-1,,1,-0.1028765368883972,,,,,,,no_legal_upstream_micro_manipulation_root
primary_discovery,schelling,unrestricted_temporal_search,unrestricted,,meso_district_destination_similarity_std,move_distance_std,meso_district_destination_similarity_std,move_distance_std,,,none,False,False,False,False,not_applicable,not_applicable,none,-1,-1,-1,,3,-0.0563140364115662,,,,,,,no_legal_upstream_micro_manipulation_root
primary_discovery,schelling,unrestricted_temporal_search,unrestricted,,meso_district_destination_similarity_std,moved_fraction,meso_district_destination_similarity_std,moved_fraction,,,none,False,False,False,False,not_applicable,not_applicable,none,-1,-1,-1,,4,-0.1337014419037467,,,,,,,no_legal_upstream_micro_manipulation_root
primary_discovery,schelling,unrestricted_temporal_search,unrestricted,,meso_district_destination_similarity_std,quantile_25_local_similarity,meso_district_destination_similarity_std,quantile_25_local_similarity,,,none,False,False,False,False,not_applicable,not_applicable,none,-1,-1,-1,,1,0.0596568625382366,,,,,,,no_legal_upstream_micro_manipulation_root
primary_discovery,schelling,unrestricted_temporal_search,unrestricted,,meso_district_destination_similarity_std,quantile_75_local_similarity,meso_district_destination_similarity_std,quantile_75_local_similarity,,,none,False,False,False,False,not_applicable,not_applicable,none,-1,-1,-1,,2,-0.193305945310002,,,,,,,no_legal_upstream_micro_manipulation_root
primary_discovery,schelling,unrestricted_temporal_search,unrestricted,,meso_district_destination_similarity_std,std_destination_similarity,meso_district_destination_similarity_std,std_destination_similarity,,,none,False,False,False,False,not_applicable,not_applicable,none,-1,-1,-1,,3,-0.0522124681673231,,,,,,,no_legal_upstream_micro_manipulation_root
primary_discovery,schelling,unrestricted_temporal_search,unrestricted,,meso_district_destination_similarity_std,std_local_similarity,meso_district_destination_similarity_std,std_local_similarity,,,none,False,False,False,False,not_applicable,not_applicable,none,-1,-1,-1,,4,-0.0156238425157175,,,,,,,no_legal_upstream_micro_manipulation_root
primary_discovery,schelling,unrestricted_temporal_search,unrestricted,,meso_district_destination_similarity_std,std_neighbour_count,meso_district_destination_similarity_std,std_neighbour_count,,,none,False,False,False,False,not_applicable,not_applicable,none,-1,-1,-1,,5,-0.0872749914851373,,,,,,,no_legal_upstream_micro_manipulation_root
primary_discovery,schelling,unrestricted_temporal_search,unrestricted,,meso_district_destination_similarity_std,unhappy_fraction,meso_district_destination_similarity_std,unhappy_fraction,,,none,False,False,False,False,not_applicable,not_applicable,none,-1,-1,-1,,1,-0.0467410002825987,,,,,,,no_legal_upstream_micro_manipulation_root
primary_discovery,schelling,unrestricted_temporal_search,unrestricted,,meso_district_destination_similarity_std,unhappy_local_similarity_mean,meso_district_destination_similarity_std,unhappy_local_similarity_mean,,,none,False,False,False,False,not_applicable,not_applicable,none,-1,-1,-1,,1,-0.0911200907869846,,,,,,,no_legal_upstream_micro_manipulation_root
primary_discovery,schelling,unrestricted_temporal_search,unrestricted,,meso_district_group_entropy_mean,boundary_fraction,meso_district_group_entropy_mean,boundary_fraction,,,none,False,False,False,False,not_applicable,not_applicable,none,-1,-1,-1,,2,0.0463174075197256,,,,,,,no_legal_upstream_micro_manipulation_root
primary_discovery,schelling,unrestricted_temporal_search,unrestricted,mean_destination_similarity_movers,meso_district_group_entropy_mean,macro_global_connected_components,meso_district_group_entropy_mean,macro_global_connected_components,destination_preference,minus,micro,True,False,True,False,no_stable_downstream_effect,no_stable_downstream_effect,upstream_mediated,0,7,1,-6.0,1,-0.1327410376719744,-7.0,False,False,0.2660373976867192,0.2486157230098173,0.684777040727394,
primary_discovery,schelling,unrestricted_temporal_search,unrestricted,mean_destination_similarity_movers,meso_district_group_entropy_mean,macro_global_connected_components,meso_district_group_entropy_mean,macro_global_connected_components,destination_preference,plus,micro,False,False,False,False,manipulation_failure,manipulation_failure,upstream_mediated,-1,-1,4,,1,-0.1327410376719744,,True,,-0.0384399855283769,0.0854603600542708,-0.047935120795045,
primary_discovery,schelling,unrestricted_temporal_search,unrestricted,unhappy_fraction,meso_district_group_entropy_mean,macro_global_connected_components,meso_district_group_entropy_mean,macro_global_connected_components,tolerance,minus,micro,True,True,True,False,inconclusive,inconclusive,upstream_mediated,0,6,2,-4.0,1,-0.1327410376719744,-5.0,False,False,-0.2378518138150472,0.9600569805696164,1.7000771125404406,
primary_discovery,schelling,unrestricted_temporal_search,unrestricted,unhappy_fraction,meso_district_group_entropy_mean,macro_global_connected_components,meso_district_group_entropy_mean,macro_global_connected_components,tolerance,plus,micro,True,False,False,False,no_stable_downstream_effect,no_stable_downstream_effect,upstream_mediated,0,-1,76,,1,-0.1327410376719744,,False,,0.6810788178937784,-0.257047013783002,-0.1439145540042583,
primary_discovery,schelling,unrestricted_temporal_search,unrestricted,,meso_district_group_entropy_mean,macro_global_moved_fraction,meso_district_group_entropy_mean,macro_global_moved_fraction,,,none,False,False,False,False,not_applicable,not_applicable,none,-1,-1,-1,,5,-0.512450357380704,,,,,,,no_legal_upstream_micro_manipulation_root
primary_discovery,schelling,unrestricted_temporal_search,unrestricted,,meso_district_group_entropy_mean,macro_global_spatial_neighbor_similarity,meso_district_group_entropy_mean,macro_global_spatial_neighbor_similarity,,,none,False,False,False,False,not_applicable,not_applicable,none,-1,-1,-1,,1,0.0661580236268389,,,,,,,no_legal_upstream_micro_manipulation_root
primary_discovery,schelling,unrestricted_temporal_search,unrestricted,,meso_district_group_entropy_mean,macro_global_unhappy_fraction,meso_district_group_entropy_mean,macro_global_unhappy_fraction,,,none,False,False,False,False,not_applicable,not_applicable,none,-1,-1,-1,,2,-0.0656377404375923,,,,,,,no_legal_upstream_micro_manipulation_root
primary_discovery,schelling,unrestricted_temporal_search,unrestricted,,meso_district_group_entropy_mean,mean_local_similarity,meso_district_group_entropy_mean,mean_local_similarity,,,none,False,False,False,False,not_applicable,not_applicable,none,-1,-1,-1,,2,-0.0452545984433807,,,,,,,no_legal_upstream_micro_manipulation_root
primary_discovery,schelling,unrestricted_temporal_search,unrestricted,,meso_district_group_entropy_mean,mean_neighbour_count,meso_district_group_entropy_mean,mean_neighbour_count,,,none,False,False,False,False,not_applicable,not_applicable,none,-1,-1,-1,,2,0.2753745629437584,,,,,,,no_legal_upstream_micro_manipulation_root
primary_discovery,schelling,unrestricted_temporal_search,unrestricted,,meso_district_group_entropy_mean,meso_district_boundary_fraction_std,meso_district_group_entropy_mean,meso_district_boundary_fraction_std,,,none,False,False,False,False,not_applicable,not_applicable,none,-1,-1,-1,,1,-0.013958199040928,,,,,,,no_legal_upstream_micro_manipulation_root
primary_discovery,schelling,unrestricted_temporal_search,unrestricted,,meso_district_group_entropy_mean,meso_district_destination_similarity_std,meso_district_group_entropy_mean,meso_district_destination_similarity_std,,,none,False,False,False,False,not_applicable,not_applicable,none,-1,-1,-1,,3,1.2123294931109811,,,,,,,no_legal_upstream_micro_manipulation_root
primary_discovery,schelling,unrestricted_temporal_search,unrestricted,,meso_district_group_entropy_mean,meso_district_local_similarity_std,meso_district_group_entropy_mean,meso_district_local_similarity_std,,,none,False,False,False,False,not_applicable,not_applicable,none,-1,-1,-1,,1,-0.0164329799636533,,,,,,,no_legal_upstream_micro_manipulation_root
primary_discovery,schelling,unrestricted_temporal_search,unrestricted,,meso_district_group_entropy_mean,meso_district_move_distance_std,meso_district_group_entropy_mean,meso_district_move_distance_std,,,none,False,False,False,False,not_applicable,not_applicable,none,-1,-1,-1,,1,0.8809501888937482,,,,,,,no_legal_upstream_micro_manipulation_root
primary_discovery,schelling,unrestricted_temporal_search,unrestricted,,meso_district_group_entropy_mean,meso_district_unhappy_fraction_std,meso_district_group_entropy_mean,meso_district_unhappy_fraction_std,,,none,False,False,False,False,not_applicable,not_applicable,none,-1,-1,-1,,1,0.6278029234641684,,,,,,,no_legal_upstream_micro_manipulation_root
primary_discovery,schelling,unrestricted_temporal_search,unrestricted,,meso_district_group_entropy_mean,move_distance_std,meso_district_group_entropy_mean,move_distance_std,,,none,False,False,False,False,not_applicable,not_applicable,none,-1,-1,-1,,1,0.8135096606266847,,,,,,,no_legal_upstream_micro_manipulation_root
primary_discovery,schelling,unrestricted_temporal_search,unrestricted,,meso_district_group_entropy_mean,moved_fraction,meso_district_group_entropy_mean,moved_fraction,,,none,False,False,False,False,not_applicable,not_applicable,none,-1,-1,-1,,5,-0.5124503573807233,,,,,,,no_legal_upstream_micro_manipulation_root
primary_discovery,schelling,unrestricted_temporal_search,unrestricted,,meso_district_group_entropy_mean,std_neighbour_count,meso_district_group_entropy_mean,std_neighbour_count,,,none,False,False,False,False,not_applicable,not_applicable,none,-1,-1,-1,,2,0.3753364393702354,,,,,,,no_legal_upstream_micro_manipulation_root
primary_discovery,schelling,unrestricted_temporal_search,unrestricted,,meso_district_group_entropy_mean,unhappy_fraction,meso_district_group_entropy_mean,unhappy_fraction,,,none,False,False,False,False,not_applicable,not_applicable,none,-1,-1,-1,,2,-0.0656377404375794,,,,,,,no_legal_upstream_micro_manipulation_root
primary_discovery,schelling,unrestricted_temporal_search,unrestricted,,meso_district_local_similarity_std,macro_global_connected_components,meso_district_local_similarity_std,macro_global_connected_components,,,none,False,False,False,False,not_applicable,not_applicable,none,-1,-1,-1,,3,0.0222953459798477,,,,,,,no_legal_upstream_micro_manipulation_root
primary_discovery,schelling,unrestricted_temporal_search,unrestricted,,meso_district_local_similarity_std,macro_global_moved_fraction,meso_district_local_similarity_std,macro_global_moved_fraction,,,none,False,False,False,False,not_applicable,not_applicable,none,-1,-1,-1,,3,-0.1260319131245936,,,,,,,no_legal_upstream_micro_manipulation_root
primary_discovery,schelling,unrestricted_temporal_search,unrestricted,,meso_district_local_similarity_std,macro_global_unhappy_fraction,meso_district_local_similarity_std,macro_global_unhappy_fraction,,,none,False,False,False,False,not_applicable,not_applicable,none,-1,-1,-1,,5,0.0064734692653955,,,,,,,no_legal_upstream_micro_manipulation_root
primary_discovery,schelling,unrestricted_temporal_search,unrestricted,,meso_district_local_similarity_std,mean_neighbour_count,meso_district_local_similarity_std,mean_neighbour_count,,,none,False,False,False,False,not_applicable,not_applicable,none,-1,-1,-1,,5,0.0206276040084369,,,,,,,no_legal_upstream_micro_manipulation_root
primary_discovery,schelling,unrestricted_temporal_search,unrestricted,,meso_district_local_similarity_std,meso_district_group_entropy_mean,meso_district_local_similarity_std,meso_district_group_entropy_mean,,,none,False,False,False,False,not_applicable,not_applicable,none,-1,-1,-1,,2,0.0028503857173487,,,,,,,no_legal_upstream_micro_manipulation_root
primary_discovery,schelling,unrestricted_temporal_search,unrestricted,,meso_district_local_similarity_std,meso_district_move_distance_std,meso_district_local_similarity_std,meso_district_move_distance_std,,,none,False,False,False,False,not_applicable,not_applicable,none,-1,-1,-1,,3,-0.1488827546432204,,,,,,,no_legal_upstream_micro_manipulation_root
primary_discovery,schelling,unrestricted_temporal_search,unrestricted,,meso_district_local_similarity_std,meso_district_neighbour_count_std,meso_district_local_similarity_std,meso_district_neighbour_count_std,,,none,False,False,False,False,not_applicable,not_applicable,none,-1,-1,-1,,4,-0.0890790599418577,,,,,,,no_legal_upstream_micro_manipulation_root
primary_discovery,schelling,unrestricted_temporal_search,unrestricted,,meso_district_local_similarity_std,meso_district_unhappy_fraction_std,meso_district_local_similarity_std,meso_district_unhappy_fraction_std,,,none,False,False,False,False,not_applicable,not_applicable,none,-1,-1,-1,,1,0.1154046874912297,,,,,,,no_legal_upstream_micro_manipulation_root
primary_discovery,schelling,unrestricted_temporal_search,unrestricted,,meso_district_local_similarity_std,move_distance_std,meso_district_local_similarity_std,move_distance_std,,,none,False,False,False,False,not_applicable,not_applicable,none,-1,-1,-1,,5,-0.0488215912748953,,,,,,,no_legal_upstream_micro_manipulation_root
primary_discovery,schelling,unrestricted_temporal_search,unrestricted,,meso_district_local_similarity_std,moved_fraction,meso_district_local_similarity_std,moved_fraction,,,none,False,False,False,False,not_applicable,not_applicable,none,-1,-1,-1,,3,-0.1260319131245934,,,,,,,no_legal_upstream_micro_manipulation_root
primary_discovery,schelling,unrestricted_temporal_search,unrestricted,,meso_district_local_similarity_std,quantile_25_local_similarity,meso_district_local_similarity_std,quantile_25_local_similarity,,,none,False,False,False,False,not_applicable,not_applicable,none,-1,-1,-1,,2,0.0722959653563462,,,,,,,no_legal_upstream_micro_manipulation_root
primary_discovery,schelling,unrestricted_temporal_search,unrestricted,,meso_district_local_similarity_std,quantile_75_local_similarity,meso_district_local_similarity_std,quantile_75_local_similarity,,,none,False,False,False,False,not_applicable,not_applicable,none,-1,-1,-1,,3,0.1551854647205837,,,,,,,no_legal_upstream_micro_manipulation_root
primary_discovery,schelling,unrestricted_temporal_search,unrestricted,,meso_district_local_similarity_std,std_local_similarity,meso_district_local_similarity_std,std_local_similarity,,,none,False,False,False,False,not_applicable,not_applicable,none,-1,-1,-1,,1,-0.0109066717353041,,,,,,,no_legal_upstream_micro_manipulation_root
primary_discovery,schelling,unrestricted_temporal_search,unrestricted,,meso_district_local_similarity_std,std_neighbour_count,meso_district_local_similarity_std,std_neighbour_count,,,none,False,False,False,False,not_applicable,not_applicable,none,-1,-1,-1,,2,0.0675498629033279,,,,,,,no_legal_upstream_micro_manipulation_root
primary_discovery,schelling,unrestricted_temporal_search,unrestricted,,meso_district_local_similarity_std,unhappy_fraction,meso_district_local_similarity_std,unhappy_fraction,,,none,False,False,False,False,not_applicable,not_applicable,none,-1,-1,-1,,5,0.0064734692653962,,,,,,,no_legal_upstream_micro_manipulation_root
primary_discovery,schelling,unrestricted_temporal_search,unrestricted,,meso_district_move_distance_std,boundary_fraction,meso_district_move_distance_std,boundary_fraction,,,none,False,False,False,False,not_applicable,not_applicable,none,-1,-1,-1,,3,0.0137730921794974,,,,,,,no_legal_upstream_micro_manipulation_root
primary_discovery,schelling,unrestricted_temporal_search,unrestricted,mean_destination_similarity_movers,meso_district_move_distance_std,macro_global_connected_components,meso_district_move_distance_std,macro_global_connected_components,destination_preference,minus,micro,True,True,True,False,inconclusive,inconclusive,upstream_mediated,0,11,1,-10.0,5,0.0183514218773885,-15.0,True,False,0.2660373976867192,0.5645883599485648,0.684777040727394,
primary_discovery,schelling,unrestricted_temporal_search,unrestricted,mean_destination_similarity_movers,meso_district_move_distance_std,macro_global_connected_components,meso_district_move_distance_std,macro_global_connected_components,destination_preference,plus,micro,False,False,False,False,manipulation_failure,manipulation_failure,upstream_mediated,-1,-1,4,,5,0.0183514218773885,,True,,-0.0384399855283769,-0.0903291013387437,-0.047935120795045,
primary_discovery,schelling,unrestricted_temporal_search,unrestricted,,meso_district_move_distance_std,macro_global_moved_fraction,meso_district_move_distance_std,macro_global_moved_fraction,,,none,False,False,False,False,not_applicable,not_applicable,none,-1,-1,-1,,2,0.0920681975625742,,,,,,,no_legal_upstream_micro_manipulation_root
primary_discovery,schelling,unrestricted_temporal_search,unrestricted,,meso_district_move_distance_std,macro_global_spatial_neighbor_similarity,meso_district_move_distance_std,macro_global_spatial_neighbor_similarity,,,none,False,False,False,False,not_applicable,not_applicable,none,-1,-1,-1,,1,0.010506789923217,,,,,,,no_legal_upstream_micro_manipulation_root
primary_discovery,schelling,unrestricted_temporal_search,unrestricted,,meso_district_move_distance_std,macro_global_unhappy_fraction,meso_district_move_distance_std,macro_global_unhappy_fraction,,,none,False,False,False,False,not_applicable,not_applicable,none,-1,-1,-1,,1,-0.0121974750701227,,,,,,,no_legal_upstream_micro_manipulation_root
primary_discovery,schelling,unrestricted_temporal_search,unrestricted,,meso_district_move_distance_std,mean_local_similarity,meso_district_move_distance_std,mean_local_similarity,,,none,False,False,False,False,not_applicable,not_applicable,none,-1,-1,-1,,1,0.011735379906932,,,,,,,no_legal_upstream_micro_manipulation_root
primary_discovery,schelling,unrestricted_temporal_search,unrestricted,,meso_district_move_distance_std,mean_neighbour_count,meso_district_move_distance_std,mean_neighbour_count,,,none,False,False,False,False,not_applicable,not_applicable,none,-1,-1,-1,,1,0.0606974608364252,,,,,,,no_legal_upstream_micro_manipulation_root
primary_discovery,schelling,unrestricted_temporal_search,unrestricted,,meso_district_move_distance_std,meso_district_boundary_fraction_std,meso_district_move_distance_std,meso_district_boundary_fraction_std,,,none,False,False,False,False,not_applicable,not_applicable,none,-1,-1,-1,,4,0.1056165166935928,,,,,,,no_legal_upstream_micro_manipulation_root
primary_discovery,schelling,unrestricted_temporal_search,unrestricted,,meso_district_move_distance_std,meso_district_destination_similarity_std,meso_district_move_distance_std,meso_district_destination_similarity_std,,,none,False,False,False,False,not_applicable,not_applicable,none,-1,-1,-1,,1,-0.2708874606054513,,,,,,,no_legal_upstream_micro_manipulation_root
primary_discovery,schelling,unrestricted_temporal_search,unrestricted,,meso_district_move_distance_std,meso_district_group_entropy_mean,meso_district_move_distance_std,meso_district_group_entropy_mean,,,none,False,False,False,False,not_applicable,not_applicable,none,-1,-1,-1,,1,-0.0128935685104533,,,,,,,no_legal_upstream_micro_manipulation_root
primary_discovery,schelling,unrestricted_temporal_search,unrestricted,,meso_district_move_distance_std,meso_district_local_similarity_std,meso_district_move_distance_std,meso_district_local_similarity_std,,,none,False,False,False,False,not_applicable,not_applicable,none,-1,-1,-1,,4,0.0718579601602167,,,,,,,no_legal_upstream_micro_manipulation_root
primary_discovery,schelling,unrestricted_temporal_search,unrestricted,,meso_district_move_distance_std,meso_district_move_fraction_std,meso_district_move_distance_std,meso_district_move_fraction_std,,,none,False,False,False,False,not_applicable,not_applicable,none,-1,-1,-1,,1,-0.2929176288148971,,,,,,,no_legal_upstream_micro_manipulation_root
primary_discovery,schelling,unrestricted_temporal_search,unrestricted,,meso_district_move_distance_std,meso_district_neighbour_count_std,meso_district_move_distance_std,meso_district_neighbour_count_std,,,none,False,False,False,False,not_applicable,not_applicable,none,-1,-1,-1,,5,0.0977526695767389,,,,,,,no_legal_upstream_micro_manipulation_root
primary_discovery,schelling,unrestricted_temporal_search,unrestricted,,meso_district_move_distance_std,meso_district_unhappy_fraction_std,meso_district_move_distance_std,meso_district_unhappy_fraction_std,,,none,False,False,False,False,not_applicable,not_applicable,none,-1,-1,-1,,3,0.101479247050621,,,,,,,no_legal_upstream_micro_manipulation_root
primary_discovery,schelling,unrestricted_temporal_search,unrestricted,,meso_district_move_distance_std,move_distance_std,meso_district_move_distance_std,move_distance_std,,,none,False,False,False,False,not_applicable,not_applicable,none,-1,-1,-1,,1,-0.2067602030868348,,,,,,,no_legal_upstream_micro_manipulation_root
primary_discovery,schelling,unrestricted_temporal_search,unrestricted,,meso_district_move_distance_std,moved_fraction,meso_district_move_distance_std,moved_fraction,,,none,False,False,False,False,not_applicable,not_applicable,none,-1,-1,-1,,2,0.0920681975625752,,,,,,,no_legal_upstream_micro_manipulation_root
primary_discovery,schelling,unrestricted_temporal_search,unrestricted,,meso_district_move_distance_std,quantile_25_local_similarity,meso_district_move_distance_std,quantile_25_local_similarity,,,none,False,False,False,False,not_applicable,not_applicable,none,-1,-1,-1,,4,0.0585738145408725,,,,,,,no_legal_upstream_micro_manipulation_root
primary_discovery,schelling,unrestricted_temporal_search,unrestricted,,meso_district_move_distance_std,quantile_75_local_similarity,meso_district_move_distance_std,quantile_75_local_similarity,,,none,False,False,False,False,not_applicable,not_applicable,none,-1,-1,-1,,2,0.2753278085927911,,,,,,,no_legal_upstream_micro_manipulation_root
primary_discovery,schelling,unrestricted_temporal_search,unrestricted,,meso_district_move_distance_std,std_destination_similarity,meso_district_move_distance_std,std_destination_similarity,,,none,False,False,False,False,not_applicable,not_applicable,none,-1,-1,-1,,1,-0.1364183213877055,,,,,,,no_legal_upstream_micro_manipulation_root
primary_discovery,schelling,unrestricted_temporal_search,unrestricted,,meso_district_move_distance_std,std_local_similarity,meso_district_move_distance_std,std_local_similarity,,,none,False,False,False,False,not_applicable,not_applicable,none,-1,-1,-1,,3,0.0049189593990724,,,,,,,no_legal_upstream_micro_manipulation_root
primary_discovery,schelling,unrestricted_temporal_search,unrestricted,,meso_district_move_distance_std,std_neighbour_count,meso_district_move_distance_std,std_neighbour_count,,,none,False,False,False,False,not_applicable,not_applicable,none,-1,-1,-1,,5,0.0456731443799536,,,,,,,no_legal_upstream_micro_manipulation_root
primary_discovery,schelling,unrestricted_temporal_search,unrestricted,,meso_district_move_distance_std,unhappy_fraction,meso_district_move_distance_std,unhappy_fraction,,,none,False,False,False,False,not_applicable,not_applicable,none,-1,-1,-1,,1,-0.0121974750701208,,,,,,,no_legal_upstream_micro_manipulation_root
primary_discovery,schelling,unrestricted_temporal_search,unrestricted,,meso_district_move_fraction_std,boundary_fraction,meso_district_move_fraction_std,boundary_fraction,,,none,False,False,False,False,not_applicable,not_applicable,none,-1,-1,-1,,1,0.0188577020738732,,,,,,,no_legal_upstream_micro_manipulation_root
primary_discovery,schelling,unrestricted_temporal_search,unrestricted,,meso_district_move_fraction_std,macro_global_connected_components,meso_district_move_fraction_std,macro_global_connected_components,,,none,False,False,False,False,not_applicable,not_applicable,none,-1,-1,-1,,5,-0.0187335775555794,,,,,,,no_legal_upstream_micro_manipulation_root
primary_discovery,schelling,unrestricted_temporal_search,unrestricted,relocation_response_fraction,meso_district_move_fraction_std,macro_global_moved_fraction,meso_district_move_fraction_std,macro_global_moved_fraction,move_probability,minus,micro,False,True,True,True,manipulation_failure,manipulation_failure,upstream_mediated,0,0,0,0.0,4,0.1665896087175143,-4.0,True,False,-0.0546564199460463,0.4231921988102642,0.3084241721235077,
primary_discovery,schelling,unrestricted_temporal_search,unrestricted,relocation_response_fraction,meso_district_move_fraction_std,macro_global_moved_fraction,meso_district_move_fraction_std,macro_global_moved_fraction,move_probability,plus,micro,False,True,True,True,manipulation_failure,manipulation_failure,upstream_mediated,0,0,0,0.0,4,0.1665896087175143,-4.0,True,False,-0.0556050592811951,-0.3189939138418262,-0.2787196878892839,
primary_discovery,schelling,unrestricted_temporal_search,unrestricted,unhappy_fraction,meso_district_move_fraction_std,macro_global_moved_fraction,meso_district_move_fraction_std,macro_global_moved_fraction,tolerance,minus,micro,True,True,True,True,supported,supported,upstream_mediated,0,0,0,0.0,4,0.1665896087175143,-4.0,True,False,-0.2378518138150472,-0.2094093064753491,-0.2113304102235822,
primary_discovery,schelling,unrestricted_temporal_search,unrestricted,unhappy_fraction,meso_district_move_fraction_std,macro_global_moved_fraction,meso_district_move_fraction_std,macro_global_moved_fraction,tolerance,plus,micro,True,True,True,True,supported,supported,upstream_mediated,0,0,0,0.0,4,0.1665896087175143,-4.0,True,False,0.6810788178937784,0.5241375378923637,0.5992621073123257,
primary_discovery,schelling,unrestricted_temporal_search,unrestricted,unhappy_fraction,meso_district_move_fraction_std,macro_global_spatial_neighbor_similarity,meso_district_move_fraction_std,macro_global_spatial_neighbor_similarity,tolerance,minus,micro,True,True,True,True,supported,supported,upstream_mediated,0,0,1,1.0,1,-0.0413975258152051,0.0,False,True,-0.2378518138150472,-0.2094093064753491,-3.340027328067182,
primary_discovery,schelling,unrestricted_temporal_search,unrestricted,unhappy_fraction,meso_district_move_fraction_std,macro_global_spatial_neighbor_similarity,meso_district_move_fraction_std,macro_global_spatial_neighbor_similarity,tolerance,plus,micro,True,True,True,True,supported,supported,upstream_mediated,0,0,2,2.0,1,-0.0413975258152051,1.0,False,True,0.6810788178937784,0.5241375378923637,1.1557030527038552,
primary_discovery,schelling,unrestricted_temporal_search,unrestricted,,meso_district_move_fraction_std,macro_global_unhappy_fraction,meso_district_move_fraction_std,macro_global_unhappy_fraction,,,none,False,False,False,False,not_applicable,not_applicable,none,-1,-1,-1,,1,0.0548610624224257,,,,,,,no_legal_upstream_micro_manipulation_root
primary_discovery,schelling,unrestricted_temporal_search,unrestricted,,meso_district_move_fraction_std,mean_destination_similarity_movers,meso_district_move_fraction_std,mean_destination_similarity_movers,,,none,False,False,False,False,not_applicable,not_applicable,none,-1,-1,-1,,3,0.3185281228780546,,,,,,,no_legal_upstream_micro_manipulation_root
primary_discovery,schelling,unrestricted_temporal_search,unrestricted,,meso_district_move_fraction_std,mean_local_similarity,meso_district_move_fraction_std,mean_local_similarity,,,none,False,False,False,False,not_applicable,not_applicable,none,-1,-1,-1,,1,-0.0387526032656196,,,,,,,no_legal_upstream_micro_manipulation_root
primary_discovery,schelling,unrestricted_temporal_search,unrestricted,,meso_district_move_fraction_std,mean_move_distance,meso_district_move_fraction_std,mean_move_distance,,,none,False,False,False,False,not_applicable,not_applicable,none,-1,-1,-1,,3,0.2130308110102348,,,,,,,no_legal_upstream_micro_manipulation_root
primary_discovery,schelling,unrestricted_temporal_search,unrestricted,,meso_district_move_fraction_std,mean_neighbour_count,meso_district_move_fraction_std,mean_neighbour_count,,,none,False,False,False,False,not_applicable,not_applicable,none,-1,-1,-1,,3,-0.0560574410721541,,,,,,,no_legal_upstream_micro_manipulation_root
primary_discovery,schelling,unrestricted_temporal_search,unrestricted,,meso_district_move_fraction_std,meso_district_boundary_fraction_std,meso_district_move_fraction_std,meso_district_boundary_fraction_std,,,none,False,False,False,False,not_applicable,not_applicable,none,-1,-1,-1,,3,-0.1193861268220058,,,,,,,no_legal_upstream_micro_manipulation_root
primary_discovery,schelling,unrestricted_temporal_search,unrestricted,,meso_district_move_fraction_std,meso_district_destination_similarity_std,meso_district_move_fraction_std,meso_district_destination_similarity_std,,,none,False,False,False,False,not_applicable,not_applicable,none,-1,-1,-1,,1,0.1947563960208554,,,,,,,no_legal_upstream_micro_manipulation_root
primary_discovery,schelling,unrestricted_temporal_search,unrestricted,,meso_district_move_fraction_std,meso_district_group_entropy_mean,meso_district_move_fraction_std,meso_district_group_entropy_mean,,,none,False,False,False,False,not_applicable,not_applicable,none,-1,-1,-1,,1,0.0119203509907424,,,,,,,no_legal_upstream_micro_manipulation_root
primary_discovery,schelling,unrestricted_temporal_search,unrestricted,,meso_district_move_fraction_std,meso_district_local_similarity_std,meso_district_move_fraction_std,meso_district_local_similarity_std,,,none,False,False,False,False,not_applicable,not_applicable,none,-1,-1,-1,,3,-0.1185811376748443,,,,,,,no_legal_upstream_micro_manipulation_root
primary_discovery,schelling,unrestricted_temporal_search,unrestricted,,meso_district_move_fraction_std,meso_district_move_distance_std,meso_district_move_fraction_std,meso_district_move_distance_std,,,none,False,False,False,False,not_applicable,not_applicable,none,-1,-1,-1,,1,0.1585168125052951,,,,,,,no_legal_upstream_micro_manipulation_root
primary_discovery,schelling,unrestricted_temporal_search,unrestricted,,meso_district_move_fraction_std,meso_district_unhappy_fraction_std,meso_district_move_fraction_std,meso_district_unhappy_fraction_std,,,none,False,False,False,False,not_applicable,not_applicable,none,-1,-1,-1,,2,-0.1037130046160558,,,,,,,no_legal_upstream_micro_manipulation_root
primary_discovery,schelling,unrestricted_temporal_search,unrestricted,,meso_district_move_fraction_std,move_distance_std,meso_district_move_fraction_std,move_distance_std,,,none,False,False,False,False,not_applicable,not_applicable,none,-1,-1,-1,,1,0.2235492616063725,,,,,,,no_legal_upstream_micro_manipulation_root
primary_discovery,schelling,unrestricted_temporal_search,unrestricted,,meso_district_move_fraction_std,moved_fraction,meso_district_move_fraction_std,moved_fraction,,,none,False,False,False,False,not_applicable,not_applicable,none,-1,-1,-1,,4,0.1665896087175145,,,,,,,no_legal_upstream_micro_manipulation_root
primary_discovery,schelling,unrestricted_temporal_search,unrestricted,,meso_district_move_fraction_std,quantile_25_local_similarity,meso_district_move_fraction_std,quantile_25_local_similarity,,,none,False,False,False,False,not_applicable,not_applicable,none,-1,-1,-1,,1,-0.0615373549882225,,,,,,,no_legal_upstream_micro_manipulation_root
primary_discovery,schelling,unrestricted_temporal_search,unrestricted,,meso_district_move_fraction_std,quantile_75_local_similarity,meso_district_move_fraction_std,quantile_75_local_similarity,,,none,False,False,False,False,not_applicable,not_applicable,none,-1,-1,-1,,1,-0.0889288400959601,,,,,,,no_legal_upstream_micro_manipulation_root
primary_discovery,schelling,unrestricted_temporal_search,unrestricted,,meso_district_move_fraction_std,std_destination_similarity,meso_district_move_fraction_std,std_destination_similarity,,,none,False,False,False,False,not_applicable,not_applicable,none,-1,-1,-1,,1,0.1734427648729092,,,,,,,no_legal_upstream_micro_manipulation_root
primary_discovery,schelling,unrestricted_temporal_search,unrestricted,,meso_district_move_fraction_std,std_local_similarity,meso_district_move_fraction_std,std_local_similarity,,,none,False,False,False,False,not_applicable,not_applicable,none,-1,-1,-1,,4,0.0098186323050952,,,,,,,no_legal_upstream_micro_manipulation_root
primary_discovery,schelling,unrestricted_temporal_search,unrestricted,,meso_district_move_fraction_std,std_neighbour_count,meso_district_move_fraction_std,std_neighbour_count,,,none,False,False,False,False,not_applicable,not_applicable,none,-1,-1,-1,,4,0.0911634425467576,,,,,,,no_legal_upstream_micro_manipulation_root
primary_discovery,schelling,unrestricted_temporal_search,unrestricted,,meso_district_move_fraction_std,unhappy_fraction,meso_district_move_fraction_std,unhappy_fraction,,,none,False,False,False,False,not_applicable,not_applicable,none,-1,-1,-1,,1,0.0548610624224253,,,,,,,no_legal_upstream_micro_manipulation_root
primary_discovery,schelling,unrestricted_temporal_search,unrestricted,,meso_district_move_fraction_std,unhappy_local_similarity_mean,meso_district_move_fraction_std,unhappy_local_similarity_mean,,,none,False,False,False,False,not_applicable,not_applicable,none,-1,-1,-1,,1,0.1068326475700382,,,,,,,no_legal_upstream_micro_manipulation_root
primary_discovery,schelling,unrestricted_temporal_search,unrestricted,,meso_district_neighbour_count_std,boundary_fraction,meso_district_neighbour_count_std,boundary_fraction,,,none,False,False,False,False,not_applicable,not_applicable,none,-1,-1,-1,,1,-0.0062446460500329,,,,,,,no_legal_upstream_micro_manipulation_root
primary_discovery,schelling,unrestricted_temporal_search,unrestricted,,meso_district_neighbour_count_std,macro_global_connected_components,meso_district_neighbour_count_std,macro_global_connected_components,,,none,False,False,False,False,not_applicable,not_applicable,none,-1,-1,-1,,5,-0.0118658900891572,,,,,,,no_legal_upstream_micro_manipulation_root
primary_discovery,schelling,unrestricted_temporal_search,unrestricted,,meso_district_neighbour_count_std,macro_global_moved_fraction,meso_district_neighbour_count_std,macro_global_moved_fraction,,,none,False,False,False,False,not_applicable,not_applicable,none,-1,-1,-1,,3,-0.1180783039476644,,,,,,,no_legal_upstream_micro_manipulation_root
primary_discovery,schelling,unrestricted_temporal_search,unrestricted,,meso_district_neighbour_count_std,macro_global_spatial_neighbor_similarity,meso_district_neighbour_count_std,macro_global_spatial_neighbor_similarity,,,none,False,False,False,False,not_applicable,not_applicable,none,-1,-1,-1,,3,-0.008437646670821,,,,,,,no_legal_upstream_micro_manipulation_root
primary_discovery,schelling,unrestricted_temporal_search,unrestricted,moved_fraction,meso_district_neighbour_count_std,macro_global_unhappy_fraction,meso_district_neighbour_count_std,macro_global_unhappy_fraction,move_probability,minus,micro,True,False,True,False,no_stable_downstream_effect,no_stable_downstream_effect,upstream_mediated,0,-1,1,,3,0.0016788480611261,,False,,0.3084241721235077,-0.1922588241183484,1.1792087584621544,
primary_discovery,schelling,unrestricted_temporal_search,unrestricted,moved_fraction,meso_district_neighbour_count_std,macro_global_unhappy_fraction,meso_district_neighbour_count_std,macro_global_unhappy_fraction,move_probability,plus,micro,True,False,True,False,no_stable_downstream_effect,no_stable_downstream_effect,upstream_mediated,0,-1,1,,3,0.0016788480611261,,False,,-0.2787196878892839,0.0169405544069148,-0.4198371902882867,
primary_discovery,schelling,unrestricted_temporal_search,unrestricted,,meso_district_neighbour_count_std,mean_local_similarity,meso_district_neighbour_count_std,mean_local_similarity,,,none,False,False,False,False,not_applicable,not_applicable,none,-1,-1,-1,,1,0.0043812015039011,,,,,,,no_legal_upstream_micro_manipulation_root
primary_discovery,schelling,unrestricted_temporal_search,unrestricted,,meso_district_neighbour_count_std,mean_neighbour_count,meso_district_neighbour_count_std,mean_neighbour_count,,,none,False,False,False,False,not_applicable,not_applicable,none,-1,-1,-1,,5,0.0366612384300593,,,,,,,no_legal_upstream_micro_manipulation_root
primary_discovery,schelling,unrestricted_temporal_search,unrestricted,,meso_district_neighbour_count_std,meso_district_boundary_fraction_std,meso_district_neighbour_count_std,meso_district_boundary_fraction_std,,,none,False,False,False,False,not_applicable,not_applicable,none,-1,-1,-1,,2,0.0613418787126076,,,,,,,no_legal_upstream_micro_manipulation_root
primary_discovery,schelling,unrestricted_temporal_search,unrestricted,,meso_district_neighbour_count_std,meso_district_group_entropy_mean,meso_district_neighbour_count_std,meso_district_group_entropy_mean,,,none,False,False,False,False,not_applicable,not_applicable,none,-1,-1,-1,,1,-0.0042225666786221,,,,,,,no_legal_upstream_micro_manipulation_root
primary_discovery,schelling,unrestricted_temporal_search,unrestricted,,meso_district_neighbour_count_std,meso_district_local_similarity_std,meso_district_neighbour_count_std,meso_district_local_similarity_std,,,none,False,False,False,False,not_applicable,not_applicable,none,-1,-1,-1,,4,0.1008555693655162,,,,,,,no_legal_upstream_micro_manipulation_root
primary_discovery,schelling,unrestricted_temporal_search,unrestricted,,meso_district_neighbour_count_std,meso_district_move_distance_std,meso_district_neighbour_count_std,meso_district_move_distance_std,,,none,False,False,False,False,not_applicable,not_applicable,none,-1,-1,-1,,3,-0.1287932325140023,,,,,,,no_legal_upstream_micro_manipulation_root
primary_discovery,schelling,unrestricted_temporal_search,unrestricted,,meso_district_neighbour_count_std,meso_district_move_fraction_std,meso_district_neighbour_count_std,meso_district_move_fraction_std,,,none,False,False,False,False,not_applicable,not_applicable,none,-1,-1,-1,,2,0.0991680076561917,,,,,,,no_legal_upstream_micro_manipulation_root
primary_discovery,schelling,unrestricted_temporal_search,unrestricted,,meso_district_neighbour_count_std,meso_district_unhappy_fraction_std,meso_district_neighbour_count_std,meso_district_unhappy_fraction_std,,,none,False,False,False,False,not_applicable,not_applicable,none,-1,-1,-1,,4,0.0541084961525962,,,,,,,no_legal_upstream_micro_manipulation_root
primary_discovery,schelling,unrestricted_temporal_search,unrestricted,,meso_district_neighbour_count_std,moved_fraction,meso_district_neighbour_count_std,moved_fraction,,,none,False,False,False,False,not_applicable,not_applicable,none,-1,-1,-1,,3,-0.1180783039476656,,,,,,,no_legal_upstream_micro_manipulation_root
primary_discovery,schelling,unrestricted_temporal_search,unrestricted,,meso_district_neighbour_count_std,quantile_25_local_similarity,meso_district_neighbour_count_std,quantile_25_local_similarity,,,none,False,False,False,False,not_applicable,not_applicable,none,-1,-1,-1,,4,-0.035272096592888,,,,,,,no_legal_upstream_micro_manipulation_root
primary_discovery,schelling,unrestricted_temporal_search,unrestricted,,meso_district_neighbour_count_std,quantile_75_local_similarity,meso_district_neighbour_count_std,quantile_75_local_similarity,,,none,False,False,False,False,not_applicable,not_applicable,none,-1,-1,-1,,2,-0.1500584855993342,,,,,,,no_legal_upstream_micro_manipulation_root
primary_discovery,schelling,unrestricted_temporal_search,unrestricted,,meso_district_neighbour_count_std,std_neighbour_count,meso_district_neighbour_count_std,std_neighbour_count,,,none,False,False,False,False,not_applicable,not_applicable,none,-1,-1,-1,,1,-0.0332897650801544,,,,,,,no_legal_upstream_micro_manipulation_root
primary_discovery,schelling,unrestricted_temporal_search,unrestricted,,meso_district_neighbour_count_std,unhappy_fraction,meso_district_neighbour_count_std,unhappy_fraction,,,none,False,False,False,False,not_applicable,not_applicable,none,-1,-1,-1,,3,0.0016788480611261,,,,,,,no_legal_upstream_micro_manipulation_root
primary_discovery,schelling,unrestricted_temporal_search,unrestricted,,meso_district_unhappy_fraction_std,boundary_fraction,meso_district_unhappy_fraction_std,boundary_fraction,,,none,False,False,False,False,not_applicable,not_applicable,none,-1,-1,-1,,3,0.0092843282686468,,,,,,,no_legal_upstream_micro_manipulation_root
primary_discovery,schelling,unrestricted_temporal_search,unrestricted,unhappy_fraction,meso_district_unhappy_fraction_std,macro_global_connected_components,meso_district_unhappy_fraction_std,macro_global_connected_components,tolerance,minus,micro,True,True,True,True,supported,supported,upstream_mediated,0,0,2,2.0,2,-0.0240201541553409,0.0,True,True,-0.2378518138150472,-0.2701468409811486,1.7000771125404406,
primary_discovery,schelling,unrestricted_temporal_search,unrestricted,unhappy_fraction,meso_district_unhappy_fraction_std,macro_global_connected_components,meso_district_unhappy_fraction_std,macro_global_connected_components,tolerance,plus,micro,True,True,False,True,no_stable_downstream_effect,no_stable_downstream_effect,upstream_mediated,0,2,76,74.0,2,-0.0240201541553409,72.0,True,False,0.6810788178937784,0.820703867837433,-0.1439145540042583,
primary_discovery,schelling,unrestricted_temporal_search,unrestricted,,meso_district_unhappy_fraction_std,macro_global_moved_fraction,meso_district_unhappy_fraction_std,macro_global_moved_fraction,,,none,False,False,False,False,not_applicable,not_applicable,none,-1,-1,-1,,4,0.0785150455658458,,,,,,,no_legal_upstream_micro_manipulation_root
primary_discovery,schelling,unrestricted_temporal_search,unrestricted,,meso_district_unhappy_fraction_std,macro_global_spatial_neighbor_similarity,meso_district_unhappy_fraction_std,macro_global_spatial_neighbor_similarity,,,none,False,False,False,False,not_applicable,not_applicable,none,-1,-1,-1,,1,-0.0105482671880937,,,,,,,no_legal_upstream_micro_manipulation_root
primary_discovery,schelling,unrestricted_temporal_search,unrestricted,relocation_response_fraction,meso_district_unhappy_fraction_std,macro_global_unhappy_fraction,meso_district_unhappy_fraction_std,macro_global_unhappy_fraction,move_probability,minus,micro,False,True,True,False,manipulation_failure,manipulation_failure,upstream_mediated,0,15,1,-14.0,4,0.0049884079075956,-18.0,True,False,-0.0546564199460463,1.0294166904980138,1.1792087584621544,
primary_discovery,schelling,unrestricted_temporal_search,unrestricted,relocation_response_fraction,meso_district_unhappy_fraction_std,macro_global_unhappy_fraction,meso_district_unhappy_fraction_std,macro_global_unhappy_fraction,move_probability,plus,micro,False,True,True,False,manipulation_failure,manipulation_failure,upstream_mediated,0,3,1,-2.0,4,0.0049884079075956,-6.0,True,False,-0.0556050592811951,-0.5426825555518751,-0.4198371902882867,
primary_discovery,schelling,unrestricted_temporal_search,unrestricted,,meso_district_unhappy_fraction_std,mean_local_similarity,meso_district_unhappy_fraction_std,mean_local_similarity,,,none,False,False,False,False,not_applicable,not_applicable,none,-1,-1,-1,,3,-0.008029854033357,,,,,,,no_legal_upstream_micro_manipulation_root
primary_discovery,schelling,unrestricted_temporal_search,unrestricted,,meso_district_unhappy_fraction_std,mean_move_distance,meso_district_unhappy_fraction_std,mean_move_distance,,,none,False,False,False,False,not_applicable,not_applicable,none,-1,-1,-1,,1,0.2449314767681581,,,,,,,no_legal_upstream_micro_manipulation_root
primary_discovery,schelling,unrestricted_temporal_search,unrestricted,,meso_district_unhappy_fraction_std,mean_neighbour_count,meso_district_unhappy_fraction_std,mean_neighbour_count,,,none,False,False,False,False,not_applicable,not_applicable,none,-1,-1,-1,,4,-0.123741723221351,,,,,,,no_legal_upstream_micro_manipulation_root
primary_discovery,schelling,unrestricted_temporal_search,unrestricted,,meso_district_unhappy_fraction_std,meso_district_boundary_fraction_std,meso_district_unhappy_fraction_std,meso_district_boundary_fraction_std,,,none,False,False,False,False,not_applicable,not_applicable,none,-1,-1,-1,,1,-0.1027489295724602,,,,,,,no_legal_upstream_micro_manipulation_root
primary_discovery,schelling,unrestricted_temporal_search,unrestricted,,meso_district_unhappy_fraction_std,meso_district_destination_similarity_std,meso_district_unhappy_fraction_std,meso_district_destination_similarity_std,,,none,False,False,False,False,not_applicable,not_applicable,none,-1,-1,-1,,4,0.1580579458826296,,,,,,,no_legal_upstream_micro_manipulation_root
primary_discovery,schelling,unrestricted_temporal_search,unrestricted,,meso_district_unhappy_fraction_std,meso_district_group_entropy_mean,meso_district_unhappy_fraction_std,meso_district_group_entropy_mean,,,none,False,False,False,False,not_applicable,not_applicable,none,-1,-1,-1,,4,0.0086432984798592,,,,,,,no_legal_upstream_micro_manipulation_root
primary_discovery,schelling,unrestricted_temporal_search,unrestricted,,meso_district_unhappy_fraction_std,meso_district_local_similarity_std,meso_district_unhappy_fraction_std,meso_district_local_similarity_std,,,none,False,False,False,False,not_applicable,not_applicable,none,-1,-1,-1,,4,-0.1431639644278431,,,,,,,no_legal_upstream_micro_manipulation_root
primary_discovery,schelling,unrestricted_temporal_search,unrestricted,,meso_district_unhappy_fraction_std,meso_district_move_distance_std,meso_district_unhappy_fraction_std,meso_district_move_distance_std,,,none,False,False,False,False,not_applicable,not_applicable,none,-1,-1,-1,,1,0.2756191388034335,,,,,,,no_legal_upstream_micro_manipulation_root
primary_discovery,schelling,unrestricted_temporal_search,unrestricted,,meso_district_unhappy_fraction_std,meso_district_move_fraction_std,meso_district_unhappy_fraction_std,meso_district_move_fraction_std,,,none,False,False,False,False,not_applicable,not_applicable,none,-1,-1,-1,,3,0.1187889672053665,,,,,,,no_legal_upstream_micro_manipulation_root
primary_discovery,schelling,unrestricted_temporal_search,unrestricted,,meso_district_unhappy_fraction_std,meso_district_neighbour_count_std,meso_district_unhappy_fraction_std,meso_district_neighbour_count_std,,,none,False,False,False,False,not_applicable,not_applicable,none,-1,-1,-1,,4,0.1769512218259045,,,,,,,no_legal_upstream_micro_manipulation_root
primary_discovery,schelling,unrestricted_temporal_search,unrestricted,,meso_district_unhappy_fraction_std,move_distance_std,meso_district_unhappy_fraction_std,move_distance_std,,,none,False,False,False,False,not_applicable,not_applicable,none,-1,-1,-1,,4,0.1146998581407906,,,,,,,no_legal_upstream_micro_manipulation_root
primary_discovery,schelling,unrestricted_temporal_search,unrestricted,,meso_district_unhappy_fraction_std,moved_fraction,meso_district_unhappy_fraction_std,moved_fraction,,,none,False,False,False,False,not_applicable,not_applicable,none,-1,-1,-1,,4,0.0785150455658456,,,,,,,no_legal_upstream_micro_manipulation_root
primary_discovery,schelling,unrestricted_temporal_search,unrestricted,,meso_district_unhappy_fraction_std,quantile_25_local_similarity,meso_district_unhappy_fraction_std,quantile_25_local_similarity,,,none,False,False,False,False,not_applicable,not_applicable,none,-1,-1,-1,,2,-0.037186526620942,,,,,,,no_legal_upstream_micro_manipulation_root
primary_discovery,schelling,unrestricted_temporal_search,unrestricted,,meso_district_unhappy_fraction_std,quantile_75_local_similarity,meso_district_unhappy_fraction_std,quantile_75_local_similarity,,,none,False,False,False,False,not_applicable,not_applicable,none,-1,-1,-1,,5,0.0518804444656511,,,,,,,no_legal_upstream_micro_manipulation_root
primary_discovery,schelling,unrestricted_temporal_search,unrestricted,,meso_district_unhappy_fraction_std,std_destination_similarity,meso_district_unhappy_fraction_std,std_destination_similarity,,,none,False,False,False,False,not_applicable,not_applicable,none,-1,-1,-1,,4,0.1627701562477388,,,,,,,no_legal_upstream_micro_manipulation_root
primary_discovery,schelling,unrestricted_temporal_search,unrestricted,,meso_district_unhappy_fraction_std,std_local_similarity,meso_district_unhappy_fraction_std,std_local_similarity,,,none,False,False,False,False,not_applicable,not_applicable,none,-1,-1,-1,,4,-0.0197491275501644,,,,,,,no_legal_upstream_micro_manipulation_root
primary_discovery,schelling,unrestricted_temporal_search,unrestricted,,meso_district_unhappy_fraction_std,std_neighbour_count,meso_district_unhappy_fraction_std,std_neighbour_count,,,none,False,False,False,False,not_applicable,not_applicable,none,-1,-1,-1,,2,-0.0909385923530662,,,,,,,no_legal_upstream_micro_manipulation_root
primary_discovery,schelling,unrestricted_temporal_search,unrestricted,,meso_district_unhappy_fraction_std,unhappy_fraction,meso_district_unhappy_fraction_std,unhappy_fraction,,,none,False,False,False,False,not_applicable,not_applicable,none,-1,-1,-1,,4,0.0049884079075956,,,,,,,no_legal_upstream_micro_manipulation_root
primary_discovery,schelling,unrestricted_temporal_search,unrestricted,,move_distance_std,boundary_fraction,move_distance_std,boundary_fraction,,,none,False,False,False,False,not_applicable,not_applicable,none,-1,-1,-1,,1,0.0179475830983029,,,,,,,no_legal_upstream_micro_manipulation_root
primary_discovery,schelling,unrestricted_temporal_search,unrestricted,,move_distance_std,local_similarity_entropy,move_distance_std,local_similarity_entropy,,,none,False,False,False,False,not_applicable,not_applicable,none,-1,-1,-1,,1,0.0427566919081452,,,,,,,no_legal_upstream_micro_manipulation_root
primary_discovery,schelling,unrestricted_temporal_search,unrestricted,,move_distance_std,macro_global_connected_components,move_distance_std,macro_global_connected_components,,,none,False,False,False,False,not_applicable,not_applicable,none,-1,-1,-1,,3,0.0277435770653445,,,,,,,no_legal_upstream_micro_manipulation_root
primary_discovery,schelling,unrestricted_temporal_search,unrestricted,,move_distance_std,macro_global_moved_fraction,move_distance_std,macro_global_moved_fraction,,,none,False,False,False,False,not_applicable,not_applicable,none,-1,-1,-1,,5,-0.2230932013495209,,,,,,,no_legal_upstream_micro_manipulation_root
primary_discovery,schelling,unrestricted_temporal_search,unrestricted,,move_distance_std,macro_global_spatial_neighbor_similarity,move_distance_std,macro_global_spatial_neighbor_similarity,,,none,False,False,False,False,not_applicable,not_applicable,none,-1,-1,-1,,1,-0.0378601876331521,,,,,,,no_legal_upstream_micro_manipulation_root
primary_discovery,schelling,unrestricted_temporal_search,unrestricted,,move_distance_std,macro_global_unhappy_fraction,move_distance_std,macro_global_unhappy_fraction,,,none,False,False,False,False,not_applicable,not_applicable,none,-1,-1,-1,,1,0.0483681472180788,,,,,,,no_legal_upstream_micro_manipulation_root
primary_discovery,schelling,unrestricted_temporal_search,unrestricted,,move_distance_std,mean_local_similarity,move_distance_std,mean_local_similarity,,,none,False,False,False,False,not_applicable,not_applicable,none,-1,-1,-1,,1,-0.0389176703397763,,,,,,,no_legal_upstream_micro_manipulation_root
primary_discovery,schelling,unrestricted_temporal_search,unrestricted,,move_distance_std,mean_neighbour_count,move_distance_std,mean_neighbour_count,,,none,False,False,False,False,not_applicable,not_applicable,none,-1,-1,-1,,5,0.0497581423727299,,,,,,,no_legal_upstream_micro_manipulation_root
primary_discovery,schelling,unrestricted_temporal_search,unrestricted,,move_distance_std,meso_district_boundary_fraction_std,move_distance_std,meso_district_boundary_fraction_std,,,none,False,False,False,False,not_applicable,not_applicable,none,-1,-1,-1,,1,-0.1183183960026936,,,,,,,no_legal_upstream_micro_manipulation_root
primary_discovery,schelling,unrestricted_temporal_search,unrestricted,,move_distance_std,meso_district_destination_similarity_std,move_distance_std,meso_district_destination_similarity_std,,,none,False,False,False,False,not_applicable,not_applicable,none,-1,-1,-1,,1,0.3628811223189691,,,,,,,no_legal_upstream_micro_manipulation_root
primary_discovery,schelling,unrestricted_temporal_search,unrestricted,,move_distance_std,meso_district_group_entropy_mean,move_distance_std,meso_district_group_entropy_mean,,,none,False,False,False,False,not_applicable,not_applicable,none,-1,-1,-1,,1,-0.0115156797277603,,,,,,,no_legal_upstream_micro_manipulation_root
primary_discovery,schelling,unrestricted_temporal_search,unrestricted,,move_distance_std,meso_district_local_similarity_std,move_distance_std,meso_district_local_similarity_std,,,none,False,False,False,False,not_applicable,not_applicable,none,-1,-1,-1,,1,-0.2121651039844587,,,,,,,no_legal_upstream_micro_manipulation_root
primary_discovery,schelling,unrestricted_temporal_search,unrestricted,,move_distance_std,meso_district_move_distance_std,move_distance_std,meso_district_move_distance_std,,,none,False,False,False,False,not_applicable,not_applicable,none,-1,-1,-1,,1,0.1652075390964077,,,,,,,no_legal_upstream_micro_manipulation_root
primary_discovery,schelling,unrestricted_temporal_search,unrestricted,,move_distance_std,meso_district_move_fraction_std,move_distance_std,meso_district_move_fraction_std,,,none,False,False,False,False,not_applicable,not_applicable,none,-1,-1,-1,,1,0.3360873407416169,,,,,,,no_legal_upstream_micro_manipulation_root
primary_discovery,schelling,unrestricted_temporal_search,unrestricted,,move_distance_std,meso_district_neighbour_count_std,move_distance_std,meso_district_neighbour_count_std,,,none,False,False,False,False,not_applicable,not_applicable,none,-1,-1,-1,,2,0.2603962136661618,,,,,,,no_legal_upstream_micro_manipulation_root
primary_discovery,schelling,unrestricted_temporal_search,unrestricted,,move_distance_std,meso_district_unhappy_fraction_std,move_distance_std,meso_district_unhappy_fraction_std,,,none,False,False,False,False,not_applicable,not_applicable,none,-1,-1,-1,,3,-0.0811143192329981,,,,,,,no_legal_upstream_micro_manipulation_root
primary_discovery,schelling,unrestricted_temporal_search,unrestricted,,move_distance_std,moved_fraction,move_distance_std,moved_fraction,,,none,False,False,False,False,not_applicable,not_applicable,none,-1,-1,-1,,5,-0.2230932013495199,,,,,,,no_legal_upstream_micro_manipulation_root
primary_discovery,schelling,unrestricted_temporal_search,unrestricted,,move_distance_std,quantile_25_local_similarity,move_distance_std,quantile_25_local_similarity,,,none,False,False,False,False,not_applicable,not_applicable,none,-1,-1,-1,,4,-0.0796593901251452,,,,,,,no_legal_upstream_micro_manipulation_root
primary_discovery,schelling,unrestricted_temporal_search,unrestricted,,move_distance_std,quantile_75_local_similarity,move_distance_std,quantile_75_local_similarity,,,none,False,False,False,False,not_applicable,not_applicable,none,-1,-1,-1,,2,-0.1841467241507471,,,,,,,no_legal_upstream_micro_manipulation_root
primary_discovery,schelling,unrestricted_temporal_search,unrestricted,,move_distance_std,std_destination_similarity,move_distance_std,std_destination_similarity,,,none,False,False,False,False,not_applicable,not_applicable,none,-1,-1,-1,,1,0.2069355657826336,,,,,,,no_legal_upstream_micro_manipulation_root
primary_discovery,schelling,unrestricted_temporal_search,unrestricted,,move_distance_std,std_local_similarity,move_distance_std,std_local_similarity,,,none,False,False,False,False,not_applicable,not_applicable,none,-1,-1,-1,,1,-0.036251561191848,,,,,,,no_legal_upstream_micro_manipulation_root
primary_discovery,schelling,unrestricted_temporal_search,unrestricted,,move_distance_std,std_neighbour_count,move_distance_std,std_neighbour_count,,,none,False,False,False,False,not_applicable,not_applicable,none,-1,-1,-1,,2,0.0983531740183624,,,,,,,no_legal_upstream_micro_manipulation_root
primary_discovery,schelling,unrestricted_temporal_search,unrestricted,,move_distance_std,unhappy_fraction,move_distance_std,unhappy_fraction,,,none,False,False,False,False,not_applicable,not_applicable,none,-1,-1,-1,,1,0.0483681472180785,,,,,,,no_legal_upstream_micro_manipulation_root
primary_discovery,schelling,unrestricted_temporal_search,unrestricted,,moved_fraction,boundary_fraction,moved_fraction,boundary_fraction,,,none,False,False,False,False,not_applicable,not_applicable,none,-1,-1,-1,,1,-0.0108487850698115,,,,,,,no_legal_upstream_micro_manipulation_root
primary_discovery,schelling,unrestricted_temporal_search,unrestricted,,moved_fraction,macro_global_connected_components,moved_fraction,macro_global_connected_components,,,none,False,False,False,False,not_applicable,not_applicable,none,-1,-1,-1,,1,-0.0385947996735196,,,,,,,no_legal_upstream_micro_manipulation_root
primary_discovery,schelling,unrestricted_temporal_search,unrestricted,,moved_fraction,macro_global_moved_fraction,moved_fraction,macro_global_moved_fraction,,,none,False,False,False,False,not_applicable,not_applicable,none,-1,-1,-1,,2,0.0524860234779815,,,,,,,no_legal_upstream_micro_manipulation_root
primary_discovery,schelling,unrestricted_temporal_search,unrestricted,,moved_fraction,macro_global_spatial_neighbor_similarity,moved_fraction,macro_global_spatial_neighbor_similarity,,,none,False,False,False,False,not_applicable,not_applicable,none,-1,-1,-1,,1,0.0357027716846694,,,,,,,no_legal_upstream_micro_manipulation_root
primary_discovery,schelling,unrestricted_temporal_search,unrestricted,,moved_fraction,macro_global_unhappy_fraction,moved_fraction,macro_global_unhappy_fraction,,,none,False,False,False,False,not_applicable,not_applicable,none,-1,-1,-1,,1,-0.0556274710294884,,,,,,,no_legal_upstream_micro_manipulation_root
primary_discovery,schelling,unrestricted_temporal_search,unrestricted,,moved_fraction,mean_local_similarity,moved_fraction,mean_local_similarity,,,none,False,False,False,False,not_applicable,not_applicable,none,-1,-1,-1,,1,0.0313937044878494,,,,,,,no_legal_upstream_micro_manipulation_root
primary_discovery,schelling,unrestricted_temporal_search,unrestricted,,moved_fraction,mean_neighbour_count,moved_fraction,mean_neighbour_count,,,none,False,False,False,False,not_applicable,not_applicable,none,-1,-1,-1,,2,0.037926897025806,,,,,,,no_legal_upstream_micro_manipulation_root
primary_discovery,schelling,unrestricted_temporal_search,unrestricted,moved_fraction,moved_fraction,meso_district_boundary_fraction_std,moved_fraction,meso_district_boundary_fraction_std,move_probability,minus,micro,True,True,False,True,no_stable_downstream_effect,no_stable_downstream_effect,direct_root,0,0,1,1.0,1,0.0343937900382442,0.0,False,True,0.3084241721235077,0.3084241721235077,-0.0449603430395152,
primary_discovery,schelling,unrestricted_temporal_search,unrestricted,moved_fraction,moved_fraction,meso_district_boundary_fraction_std,moved_fraction,meso_district_boundary_fraction_std,move_probability,plus,micro,True,True,False,True,no_stable_downstream_effect,no_stable_downstream_effect,direct_root,0,0,1,1.0,1,0.0343937900382442,0.0,False,True,-0.2787196878892839,-0.2787196878892839,0.0311126477000535,
primary_discovery,schelling,unrestricted_temporal_search,unrestricted,moved_fraction,moved_fraction,meso_district_destination_similarity_std,moved_fraction,meso_district_destination_similarity_std,move_probability,minus,micro,True,True,True,True,supported,supported,direct_root,0,0,0,0.0,1,-0.0887809032403963,-1.0,False,True,0.3084241721235077,0.3084241721235077,0.4006009736523353,
primary_discovery,schelling,unrestricted_temporal_search,unrestricted,moved_fraction,moved_fraction,meso_district_destination_similarity_std,moved_fraction,meso_district_destination_similarity_std,move_probability,plus,micro,True,True,True,True,supported,supported,direct_root,0,0,0,0.0,1,-0.0887809032403963,-1.0,False,True,-0.2787196878892839,-0.2787196878892839,-0.3142791379912554,
primary_discovery,schelling,unrestricted_temporal_search,unrestricted,moved_fraction,moved_fraction,meso_district_group_entropy_mean,moved_fraction,meso_district_group_entropy_mean,move_probability,minus,micro,True,True,True,True,supported,supported,direct_root,0,0,5,5.0,5,0.0037809951996465,0.0,True,True,0.3084241721235077,0.3084241721235077,0.4161396894686428,
primary_discovery,schelling,unrestricted_temporal_search,unrestricted,moved_fraction,moved_fraction,meso_district_group_entropy_mean,moved_fraction,meso_district_group_entropy_mean,move_probability,plus,micro,True,True,False,True,no_stable_downstream_effect,no_stable_downstream_effect,direct_root,0,0,3,3.0,5,0.0037809951996465,-2.0,True,True,-0.2787196878892839,-0.2787196878892839,-0.1978087264736246,
primary_discovery,schelling,unrestricted_temporal_search,unrestricted,moved_fraction,moved_fraction,meso_district_local_similarity_std,moved_fraction,meso_district_local_similarity_std,move_probability,minus,micro,True,True,False,True,no_stable_downstream_effect,no_stable_downstream_effect,direct_root,0,0,25,25.0,4,-0.0505056406290179,21.0,False,False,0.3084241721235077,0.3084241721235077,0.3310951268339437,
primary_discovery,schelling,unrestricted_temporal_search,unrestricted,moved_fraction,moved_fraction,meso_district_local_similarity_std,moved_fraction,meso_district_local_similarity_std,move_probability,plus,micro,True,True,False,True,no_stable_downstream_effect,no_stable_downstream_effect,direct_root,0,0,14,14.0,4,-0.0505056406290179,10.0,False,False,-0.2787196878892839,-0.2787196878892839,-0.1966198700819059,
primary_discovery,schelling,unrestricted_temporal_search,unrestricted,moved_fraction,moved_fraction,meso_district_move_distance_std,moved_fraction,meso_district_move_distance_std,move_probability,minus,micro,True,True,True,True,supported,supported,direct_root,0,0,0,0.0,2,0.0910110160071867,-2.0,True,True,0.3084241721235077,0.3084241721235077,0.3947433634725235,
primary_discovery,schelling,unrestricted_temporal_search,unrestricted,moved_fraction,moved_fraction,meso_district_move_distance_std,moved_fraction,meso_district_move_distance_std,move_probability,plus,micro,True,True,True,True,supported,supported,direct_root,0,0,17,17.0,2,0.0910110160071867,15.0,True,False,-0.2787196878892839,-0.2787196878892839,-0.3113591456390194,
primary_discovery,schelling,unrestricted_temporal_search,unrestricted,moved_fraction,moved_fraction,meso_district_move_fraction_std,moved_fraction,meso_district_move_fraction_std,move_probability,minus,micro,True,True,True,True,supported,supported,direct_root,0,0,0,0.0,1,-0.0840160318916463,-1.0,False,True,0.3084241721235077,0.3084241721235077,0.4231921988102642,
primary_discovery,schelling,unrestricted_temporal_search,unrestricted,moved_fraction,moved_fraction,meso_district_move_fraction_std,moved_fraction,meso_district_move_fraction_std,move_probability,plus,micro,True,True,True,True,supported,supported,direct_root,0,0,0,0.0,1,-0.0840160318916463,-1.0,False,True,-0.2787196878892839,-0.2787196878892839,-0.3189939138418262,
primary_discovery,schelling,unrestricted_temporal_search,unrestricted,moved_fraction,moved_fraction,meso_district_neighbour_count_std,moved_fraction,meso_district_neighbour_count_std,move_probability,minus,micro,True,True,False,False,no_stable_downstream_effect,no_stable_downstream_effect,direct_root,0,0,-1,,2,-0.0909399445360705,,True,,0.3084241721235077,0.3084241721235077,-0.1922588241183484,
primary_discovery,schelling,unrestricted_temporal_search,unrestricted,moved_fraction,moved_fraction,meso_district_neighbour_count_std,moved_fraction,meso_district_neighbour_count_std,move_probability,plus,micro,True,True,False,False,no_stable_downstream_effect,no_stable_downstream_effect,direct_root,0,0,-1,,2,-0.0909399445360705,,True,,-0.2787196878892839,-0.2787196878892839,0.0169405544069148,
primary_discovery,schelling,unrestricted_temporal_search,unrestricted,moved_fraction,moved_fraction,meso_district_unhappy_fraction_std,moved_fraction,meso_district_unhappy_fraction_std,move_probability,minus,micro,True,True,True,True,supported,supported,direct_root,0,0,15,15.0,2,0.0337816760087486,13.0,True,False,0.3084241721235077,0.3084241721235077,1.0294166904980138,
primary_discovery,schelling,unrestricted_temporal_search,unrestricted,moved_fraction,moved_fraction,meso_district_unhappy_fraction_std,moved_fraction,meso_district_unhappy_fraction_std,move_probability,plus,micro,True,True,True,True,supported,supported,direct_root,0,0,3,3.0,2,0.0337816760087486,1.0,True,True,-0.2787196878892839,-0.2787196878892839,-0.5426825555518751,
primary_discovery,schelling,unrestricted_temporal_search,unrestricted,,moved_fraction,move_distance_std,moved_fraction,move_distance_std,,,none,False,False,False,False,not_applicable,not_applicable,none,-1,-1,-1,,1,-0.0589440673185642,,,,,,,no_legal_upstream_micro_manipulation_root
primary_discovery,schelling,unrestricted_temporal_search,unrestricted,,moved_fraction,quantile_25_local_similarity,moved_fraction,quantile_25_local_similarity,,,none,False,False,False,False,not_applicable,not_applicable,none,-1,-1,-1,,1,0.0234128740307339,,,,,,,no_legal_upstream_micro_manipulation_root
primary_discovery,schelling,unrestricted_temporal_search,unrestricted,,moved_fraction,quantile_75_local_similarity,moved_fraction,quantile_75_local_similarity,,,none,False,False,False,False,not_applicable,not_applicable,none,-1,-1,-1,,1,0.0933885853192557,,,,,,,no_legal_upstream_micro_manipulation_root
primary_discovery,schelling,unrestricted_temporal_search,unrestricted,,moved_fraction,std_local_similarity,moved_fraction,std_local_similarity,,,none,False,False,False,False,not_applicable,not_applicable,none,-1,-1,-1,,1,0.0110091452531681,,,,,,,no_legal_upstream_micro_manipulation_root
primary_discovery,schelling,unrestricted_temporal_search,unrestricted,,moved_fraction,std_neighbour_count,moved_fraction,std_neighbour_count,,,none,False,False,False,False,not_applicable,not_applicable,none,-1,-1,-1,,5,0.0945801169762085,,,,,,,no_legal_upstream_micro_manipulation_root
primary_discovery,schelling,unrestricted_temporal_search,unrestricted,,moved_fraction,unhappy_fraction,moved_fraction,unhappy_fraction,,,none,False,False,False,False,not_applicable,not_applicable,none,-1,-1,-1,,1,-0.0556274710294869,,,,,,,no_legal_upstream_micro_manipulation_root
primary_discovery,schelling,unrestricted_temporal_search,unrestricted,,quantile_25_local_similarity,boundary_fraction,quantile_25_local_similarity,boundary_fraction,,,none,False,False,False,False,not_applicable,not_applicable,none,-1,-1,-1,,5,-0.0121393551246236,,,,,,,no_legal_upstream_micro_manipulation_root
primary_discovery,schelling,unrestricted_temporal_search,unrestricted,,quantile_25_local_similarity,macro_global_connected_components,quantile_25_local_similarity,macro_global_connected_components,,,none,False,False,False,False,not_applicable,not_applicable,none,-1,-1,-1,,4,0.055312874119829,,,,,,,no_legal_upstream_micro_manipulation_root
primary_discovery,schelling,unrestricted_temporal_search,unrestricted,,quantile_25_local_similarity,macro_global_spatial_neighbor_similarity,quantile_25_local_similarity,macro_global_spatial_neighbor_similarity,,,none,False,False,False,False,not_applicable,not_applicable,none,-1,-1,-1,,4,-0.0204120374667574,,,,,,,no_legal_upstream_micro_manipulation_root
primary_discovery,schelling,unrestricted_temporal_search,unrestricted,,quantile_25_local_similarity,macro_global_unhappy_fraction,quantile_25_local_similarity,macro_global_unhappy_fraction,,,none,False,False,False,False,not_applicable,not_applicable,none,-1,-1,-1,,2,0.0222968038708059,,,,,,,no_legal_upstream_micro_manipulation_root
primary_discovery,schelling,unrestricted_temporal_search,unrestricted,,quantile_25_local_similarity,mean_local_similarity,quantile_25_local_similarity,mean_local_similarity,,,none,False,False,False,False,not_applicable,not_applicable,none,-1,-1,-1,,4,-0.0156057230181077,,,,,,,no_legal_upstream_micro_manipulation_root
primary_discovery,schelling,unrestricted_temporal_search,unrestricted,,quantile_25_local_similarity,mean_neighbour_count,quantile_25_local_similarity,mean_neighbour_count,,,none,False,False,False,False,not_applicable,not_applicable,none,-1,-1,-1,,2,-0.1496805985970641,,,,,,,no_legal_upstream_micro_manipulation_root
primary_discovery,schelling,unrestricted_temporal_search,unrestricted,,quantile_25_local_similarity,meso_district_boundary_fraction_std,quantile_25_local_similarity,meso_district_boundary_fraction_std,,,none,False,False,False,False,not_applicable,not_applicable,none,-1,-1,-1,,4,-0.1404775418421113,,,,,,,no_legal_upstream_micro_manipulation_root
primary_discovery,schelling,unrestricted_temporal_search,unrestricted,,quantile_25_local_similarity,meso_district_destination_similarity_std,quantile_25_local_similarity,meso_district_destination_similarity_std,,,none,False,False,False,False,not_applicable,not_applicable,none,-1,-1,-1,,4,0.2245976080770176,,,,,,,no_legal_upstream_micro_manipulation_root
primary_discovery,schelling,unrestricted_temporal_search,unrestricted,,quantile_25_local_similarity,meso_district_group_entropy_mean,quantile_25_local_similarity,meso_district_group_entropy_mean,,,none,False,False,False,False,not_applicable,not_applicable,none,-1,-1,-1,,4,0.0217600963003517,,,,,,,no_legal_upstream_micro_manipulation_root
primary_discovery,schelling,unrestricted_temporal_search,unrestricted,,quantile_25_local_similarity,meso_district_local_similarity_std,quantile_25_local_similarity,meso_district_local_similarity_std,,,none,False,False,False,False,not_applicable,not_applicable,none,-1,-1,-1,,4,-0.2564713900726161,,,,,,,no_legal_upstream_micro_manipulation_root
primary_discovery,schelling,unrestricted_temporal_search,unrestricted,,quantile_25_local_similarity,meso_district_move_fraction_std,quantile_25_local_similarity,meso_district_move_fraction_std,,,none,False,False,False,False,not_applicable,not_applicable,none,-1,-1,-1,,4,0.1540222555141112,,,,,,,no_legal_upstream_micro_manipulation_root
primary_discovery,schelling,unrestricted_temporal_search,unrestricted,,quantile_25_local_similarity,meso_district_neighbour_count_std,quantile_25_local_similarity,meso_district_neighbour_count_std,,,none,False,False,False,False,not_applicable,not_applicable,none,-1,-1,-1,,4,0.2183379827017244,,,,,,,no_legal_upstream_micro_manipulation_root
primary_discovery,schelling,unrestricted_temporal_search,unrestricted,,quantile_25_local_similarity,meso_district_unhappy_fraction_std,quantile_25_local_similarity,meso_district_unhappy_fraction_std,,,none,False,False,False,False,not_applicable,not_applicable,none,-1,-1,-1,,4,-0.1158571433346487,,,,,,,no_legal_upstream_micro_manipulation_root
primary_discovery,schelling,unrestricted_temporal_search,unrestricted,,quantile_25_local_similarity,quantile_75_local_similarity,quantile_25_local_similarity,quantile_75_local_similarity,,,none,False,False,False,False,not_applicable,not_applicable,none,-1,-1,-1,,2,-0.1713817315354342,,,,,,,no_legal_upstream_micro_manipulation_root
primary_discovery,schelling,unrestricted_temporal_search,unrestricted,,quantile_25_local_similarity,std_destination_similarity,quantile_25_local_similarity,std_destination_similarity,,,none,False,False,False,False,not_applicable,not_applicable,none,-1,-1,-1,,5,0.0931924766266119,,,,,,,no_legal_upstream_micro_manipulation_root
primary_discovery,schelling,unrestricted_temporal_search,unrestricted,,quantile_25_local_similarity,std_local_similarity,quantile_25_local_similarity,std_local_similarity,,,none,False,False,False,False,not_applicable,not_applicable,none,-1,-1,-1,,3,-0.0283590230689808,,,,,,,no_legal_upstream_micro_manipulation_root
primary_discovery,schelling,unrestricted_temporal_search,unrestricted,,quantile_25_local_similarity,std_neighbour_count,quantile_25_local_similarity,std_neighbour_count,,,none,False,False,False,False,not_applicable,not_applicable,none,-1,-1,-1,,5,-0.1245975466772478,,,,,,,no_legal_upstream_micro_manipulation_root
primary_discovery,schelling,unrestricted_temporal_search,unrestricted,,quantile_25_local_similarity,unhappy_fraction,quantile_25_local_similarity,unhappy_fraction,,,none,False,False,False,False,not_applicable,not_applicable,none,-1,-1,-1,,2,0.0222968038708057,,,,,,,no_legal_upstream_micro_manipulation_root
primary_discovery,schelling,unrestricted_temporal_search,unrestricted,,quantile_75_local_similarity,boundary_fraction,quantile_75_local_similarity,boundary_fraction,,,none,False,False,False,False,not_applicable,not_applicable,none,-1,-1,-1,,4,0.0090526904449525,,,,,,,no_legal_upstream_micro_manipulation_root
primary_discovery,schelling,unrestricted_temporal_search,unrestricted,,quantile_75_local_similarity,macro_global_connected_components,quantile_75_local_similarity,macro_global_connected_components,,,none,False,False,False,False,not_applicable,not_applicable,none,-1,-1,-1,,4,0.0258895476260026,,,,,,,no_legal_upstream_micro_manipulation_root
primary_discovery,schelling,unrestricted_temporal_search,unrestricted,,quantile_75_local_similarity,macro_global_moved_fraction,quantile_75_local_similarity,macro_global_moved_fraction,,,none,False,False,False,False,not_applicable,not_applicable,none,-1,-1,-1,,3,-0.0492844774365996,,,,,,,no_legal_upstream_micro_manipulation_root
primary_discovery,schelling,unrestricted_temporal_search,unrestricted,,quantile_75_local_similarity,macro_global_spatial_neighbor_similarity,quantile_75_local_similarity,macro_global_spatial_neighbor_similarity,,,none,False,False,False,False,not_applicable,not_applicable,none,-1,-1,-1,,4,-0.0137207885667833,,,,,,,no_legal_upstream_micro_manipulation_root
primary_discovery,schelling,unrestricted_temporal_search,unrestricted,,quantile_75_local_similarity,macro_global_unhappy_fraction,quantile_75_local_similarity,macro_global_unhappy_fraction,,,none,False,False,False,False,not_applicable,not_applicable,none,-1,-1,-1,,1,-0.0073622861981401,,,,,,,no_legal_upstream_micro_manipulation_root
primary_discovery,schelling,unrestricted_temporal_search,unrestricted,,quantile_75_local_similarity,mean_local_similarity,quantile_75_local_similarity,mean_local_similarity,,,none,False,False,False,False,not_applicable,not_applicable,none,-1,-1,-1,,3,0.0082014860958418,,,,,,,no_legal_upstream_micro_manipulation_root
primary_discovery,schelling,unrestricted_temporal_search,unrestricted,,quantile_75_local_similarity,mean_neighbour_count,quantile_75_local_similarity,mean_neighbour_count,,,none,False,False,False,False,not_applicable,not_applicable,none,-1,-1,-1,,2,-0.0792081471910451,,,,,,,no_legal_upstream_micro_manipulation_root
primary_discovery,schelling,unrestricted_temporal_search,unrestricted,,quantile_75_local_similarity,meso_district_boundary_fraction_std,quantile_75_local_similarity,meso_district_boundary_fraction_std,,,none,False,False,False,False,not_applicable,not_applicable,none,-1,-1,-1,,3,-0.1211848557354105,,,,,,,no_legal_upstream_micro_manipulation_root
primary_discovery,schelling,unrestricted_temporal_search,unrestricted,,quantile_75_local_similarity,meso_district_destination_similarity_std,quantile_75_local_similarity,meso_district_destination_similarity_std,,,none,False,False,False,False,not_applicable,not_applicable,none,-1,-1,-1,,1,-0.107079258485313,,,,,,,no_legal_upstream_micro_manipulation_root
primary_discovery,schelling,unrestricted_temporal_search,unrestricted,,quantile_75_local_similarity,meso_district_group_entropy_mean,quantile_75_local_similarity,meso_district_group_entropy_mean,,,none,False,False,False,False,not_applicable,not_applicable,none,-1,-1,-1,,2,-0.003624454981492,,,,,,,no_legal_upstream_micro_manipulation_root
primary_discovery,schelling,unrestricted_temporal_search,unrestricted,,quantile_75_local_similarity,meso_district_local_similarity_std,quantile_75_local_similarity,meso_district_local_similarity_std,,,none,False,False,False,False,not_applicable,not_applicable,none,-1,-1,-1,,3,-0.1411272245856518,,,,,,,no_legal_upstream_micro_manipulation_root
primary_discovery,schelling,unrestricted_temporal_search,unrestricted,,quantile_75_local_similarity,meso_district_move_distance_std,quantile_75_local_similarity,meso_district_move_distance_std,,,none,False,False,False,False,not_applicable,not_applicable,none,-1,-1,-1,,1,-0.0680485054968857,,,,,,,no_legal_upstream_micro_manipulation_root
primary_discovery,schelling,unrestricted_temporal_search,unrestricted,,quantile_75_local_similarity,meso_district_move_fraction_std,quantile_75_local_similarity,meso_district_move_fraction_std,,,none,False,False,False,False,not_applicable,not_applicable,none,-1,-1,-1,,1,-0.0961675439376897,,,,,,,no_legal_upstream_micro_manipulation_root
primary_discovery,schelling,unrestricted_temporal_search,unrestricted,,quantile_75_local_similarity,meso_district_unhappy_fraction_std,quantile_75_local_similarity,meso_district_unhappy_fraction_std,,,none,False,False,False,False,not_applicable,not_applicable,none,-1,-1,-1,,3,-0.041692003037017,,,,,,,no_legal_upstream_micro_manipulation_root
primary_discovery,schelling,unrestricted_temporal_search,unrestricted,,quantile_75_local_similarity,move_distance_std,quantile_75_local_similarity,move_distance_std,,,none,False,False,False,False,not_applicable,not_applicable,none,-1,-1,-1,,3,-0.0508143912422104,,,,,,,no_legal_upstream_micro_manipulation_root
primary_discovery,schelling,unrestricted_temporal_search,unrestricted,,quantile_75_local_similarity,moved_fraction,quantile_75_local_similarity,moved_fraction,,,none,False,False,False,False,not_applicable,not_applicable,none,-1,-1,-1,,3,-0.0492844774366003,,,,,,,no_legal_upstream_micro_manipulation_root
primary_discovery,schelling,unrestricted_temporal_search,unrestricted,,quantile_75_local_similarity,quantile_25_local_similarity,quantile_75_local_similarity,quantile_25_local_similarity,,,none,False,False,False,False,not_applicable,not_applicable,none,-1,-1,-1,,2,-0.0398761020620151,,,,,,,no_legal_upstream_micro_manipulation_root
primary_discovery,schelling,unrestricted_temporal_search,unrestricted,,quantile_75_local_similarity,std_local_similarity,quantile_75_local_similarity,std_local_similarity,,,none,False,False,False,False,not_applicable,not_applicable,none,-1,-1,-1,,1,-0.004942021724254,,,,,,,no_legal_upstream_micro_manipulation_root
primary_discovery,schelling,unrestricted_temporal_search,unrestricted,,quantile_75_local_similarity,std_neighbour_count,quantile_75_local_similarity,std_neighbour_count,,,none,False,False,False,False,not_applicable,not_applicable,none,-1,-1,-1,,3,-0.0335226231285958,,,,,,,no_legal_upstream_micro_manipulation_root
primary_discovery,schelling,unrestricted_temporal_search,unrestricted,,quantile_75_local_similarity,unhappy_fraction,quantile_75_local_similarity,unhappy_fraction,,,none,False,False,False,False,not_applicable,not_applicable,none,-1,-1,-1,,1,-0.0073622861981401,,,,,,,no_legal_upstream_micro_manipulation_root
primary_discovery,schelling,unrestricted_temporal_search,unrestricted,,relocation_response_fraction,boundary_fraction,relocation_response_fraction,boundary_fraction,,,none,False,False,False,False,not_applicable,not_applicable,none,-1,-1,-1,,5,-0.0011799364853959,,,,,,,no_legal_upstream_micro_manipulation_root
primary_discovery,schelling,unrestricted_temporal_search,unrestricted,,relocation_response_fraction,local_similarity_entropy,relocation_response_fraction,local_similarity_entropy,,,none,False,False,False,False,not_applicable,not_applicable,none,-1,-1,-1,,1,0.0112521869561263,,,,,,,no_legal_upstream_micro_manipulation_root
primary_discovery,schelling,unrestricted_temporal_search,unrestricted,,relocation_response_fraction,macro_global_spatial_neighbor_similarity,relocation_response_fraction,macro_global_spatial_neighbor_similarity,,,none,False,False,False,False,not_applicable,not_applicable,none,-1,-1,-1,,1,-0.0019244723101421,,,,,,,no_legal_upstream_micro_manipulation_root
primary_discovery,schelling,unrestricted_temporal_search,unrestricted,,relocation_response_fraction,mean_destination_similarity_movers,relocation_response_fraction,mean_destination_similarity_movers,,,none,False,False,False,False,not_applicable,not_applicable,none,-1,-1,-1,,3,-0.0555915996713674,,,,,,,no_legal_upstream_micro_manipulation_root
primary_discovery,schelling,unrestricted_temporal_search,unrestricted,,relocation_response_fraction,mean_local_similarity,relocation_response_fraction,mean_local_similarity,,,none,False,False,False,False,not_applicable,not_applicable,none,-1,-1,-1,,1,-0.0013684367455135,,,,,,,no_legal_upstream_micro_manipulation_root
primary_discovery,schelling,unrestricted_temporal_search,unrestricted,,relocation_response_fraction,mean_move_distance,relocation_response_fraction,mean_move_distance,,,none,False,False,False,False,not_applicable,not_applicable,none,-1,-1,-1,,3,-0.0464382878736902,,,,,,,no_legal_upstream_micro_manipulation_root
primary_discovery,schelling,unrestricted_temporal_search,unrestricted,relocation_response_fraction,relocation_response_fraction,meso_district_move_distance_std,relocation_response_fraction,meso_district_move_distance_std,move_probability,minus,micro,False,False,True,True,manipulation_failure,manipulation_failure,direct_root,0,0,0,0.0,1,-0.031246549627298,-1.0,True,True,-0.0546564199460463,-0.0546564199460463,0.3947433634725235,
primary_discovery,schelling,unrestricted_temporal_search,unrestricted,relocation_response_fraction,relocation_response_fraction,meso_district_move_distance_std,relocation_response_fraction,meso_district_move_distance_std,move_probability,plus,micro,False,False,True,True,manipulation_failure,manipulation_failure,direct_root,0,0,17,17.0,1,-0.031246549627298,16.0,False,False,-0.0556050592811951,-0.0556050592811951,-0.3113591456390194,
primary_discovery,schelling,unrestricted_temporal_search,unrestricted,relocation_response_fraction,relocation_response_fraction,meso_district_move_fraction_std,relocation_response_fraction,meso_district_move_fraction_std,move_probability,minus,micro,False,False,True,True,manipulation_failure,manipulation_failure,direct_root,0,0,0,0.0,1,-0.0240744437843811,-1.0,True,True,-0.0546564199460463,-0.0546564199460463,0.4231921988102642,
primary_discovery,schelling,unrestricted_temporal_search,unrestricted,relocation_response_fraction,relocation_response_fraction,meso_district_move_fraction_std,relocation_response_fraction,meso_district_move_fraction_std,move_probability,plus,micro,False,False,True,True,manipulation_failure,manipulation_failure,direct_root,0,0,0,0.0,1,-0.0240744437843811,-1.0,False,True,-0.0556050592811951,-0.0556050592811951,-0.3189939138418262,
primary_discovery,schelling,unrestricted_temporal_search,unrestricted,relocation_response_fraction,relocation_response_fraction,meso_district_unhappy_fraction_std,relocation_response_fraction,meso_district_unhappy_fraction_std,move_probability,minus,micro,False,False,True,True,manipulation_failure,manipulation_failure,direct_root,0,0,15,15.0,1,-0.0180960883775303,14.0,True,False,-0.0546564199460463,-0.0546564199460463,1.0294166904980138,
primary_discovery,schelling,unrestricted_temporal_search,unrestricted,relocation_response_fraction,relocation_response_fraction,meso_district_unhappy_fraction_std,relocation_response_fraction,meso_district_unhappy_fraction_std,move_probability,plus,micro,False,False,True,True,manipulation_failure,manipulation_failure,direct_root,0,0,3,3.0,1,-0.0180960883775303,2.0,False,True,-0.0556050592811951,-0.0556050592811951,-0.5426825555518751,
primary_discovery,schelling,unrestricted_temporal_search,unrestricted,,relocation_response_fraction,move_distance_std,relocation_response_fraction,move_distance_std,,,none,False,False,False,False,not_applicable,not_applicable,none,-1,-1,-1,,1,-0.0276302936176134,,,,,,,no_legal_upstream_micro_manipulation_root
primary_discovery,schelling,unrestricted_temporal_search,unrestricted,,relocation_response_fraction,std_destination_similarity,relocation_response_fraction,std_destination_similarity,,,none,False,False,False,False,not_applicable,not_applicable,none,-1,-1,-1,,1,-0.0252795368042659,,,,,,,no_legal_upstream_micro_manipulation_root
primary_discovery,schelling,unrestricted_temporal_search,unrestricted,,relocation_response_fraction,std_local_similarity,relocation_response_fraction,std_local_similarity,,,none,False,False,False,False,not_applicable,not_applicable,none,-1,-1,-1,,3,-0.0019793206016773,,,,,,,no_legal_upstream_micro_manipulation_root
primary_discovery,schelling,unrestricted_temporal_search,unrestricted,,relocation_response_fraction,std_neighbour_count,relocation_response_fraction,std_neighbour_count,,,none,False,False,False,False,not_applicable,not_applicable,none,-1,-1,-1,,1,-0.0093499397179199,,,,,,,no_legal_upstream_micro_manipulation_root
primary_discovery,schelling,unrestricted_temporal_search,unrestricted,,relocation_response_fraction,unhappy_local_similarity_mean,relocation_response_fraction,unhappy_local_similarity_mean,,,none,False,False,False,False,not_applicable,not_applicable,none,-1,-1,-1,,1,-0.1220043733111699,,,,,,,no_legal_upstream_micro_manipulation_root
primary_discovery,schelling,unrestricted_temporal_search,unrestricted,,std_destination_similarity,boundary_fraction,std_destination_similarity,boundary_fraction,,,none,False,False,False,False,not_applicable,not_applicable,none,-1,-1,-1,,1,-0.0912778388372837,,,,,,,no_legal_upstream_micro_manipulation_root
primary_discovery,schelling,unrestricted_temporal_search,unrestricted,,std_destination_similarity,local_similarity_entropy,std_destination_similarity,local_similarity_entropy,,,none,False,False,False,False,not_applicable,not_applicable,none,-1,-1,-1,,1,-0.1325334384000487,,,,,,,no_legal_upstream_micro_manipulation_root
primary_discovery,schelling,unrestricted_temporal_search,unrestricted,,std_destination_similarity,macro_global_connected_components,std_destination_similarity,macro_global_connected_components,,,none,False,False,False,False,not_applicable,not_applicable,none,-1,-1,-1,,1,-0.0238630433871499,,,,,,,no_legal_upstream_micro_manipulation_root
primary_discovery,schelling,unrestricted_temporal_search,unrestricted,,std_destination_similarity,macro_global_moved_fraction,std_destination_similarity,macro_global_moved_fraction,,,none,False,False,False,False,not_applicable,not_applicable,none,-1,-1,-1,,5,0.319172203596928,,,,,,,no_legal_upstream_micro_manipulation_root
primary_discovery,schelling,unrestricted_temporal_search,unrestricted,,std_destination_similarity,macro_global_spatial_neighbor_similarity,std_destination_similarity,macro_global_spatial_neighbor_similarity,,,none,False,False,False,False,not_applicable,not_applicable,none,-1,-1,-1,,1,0.0614168086614072,,,,,,,no_legal_upstream_micro_manipulation_root
primary_discovery,schelling,unrestricted_temporal_search,unrestricted,,std_destination_similarity,macro_global_unhappy_fraction,std_destination_similarity,macro_global_unhappy_fraction,,,none,False,False,False,False,not_applicable,not_applicable,none,-1,-1,-1,,2,0.0191883496339076,,,,,,,no_legal_upstream_micro_manipulation_root
primary_discovery,schelling,unrestricted_temporal_search,unrestricted,,std_destination_similarity,mean_local_similarity,std_destination_similarity,mean_local_similarity,,,none,False,False,False,False,not_applicable,not_applicable,none,-1,-1,-1,,1,0.0713947916283005,,,,,,,no_legal_upstream_micro_manipulation_root
primary_discovery,schelling,unrestricted_temporal_search,unrestricted,,std_destination_similarity,mean_neighbour_count,std_destination_similarity,mean_neighbour_count,,,none,False,False,False,False,not_applicable,not_applicable,none,-1,-1,-1,,2,-0.037855889905556,,,,,,,no_legal_upstream_micro_manipulation_root
primary_discovery,schelling,unrestricted_temporal_search,unrestricted,,std_destination_similarity,meso_district_destination_similarity_std,std_destination_similarity,meso_district_destination_similarity_std,,,none,False,False,False,False,not_applicable,not_applicable,none,-1,-1,-1,,5,0.1839146113172126,,,,,,,no_legal_upstream_micro_manipulation_root
primary_discovery,schelling,unrestricted_temporal_search,unrestricted,,std_destination_similarity,meso_district_group_entropy_mean,std_destination_similarity,meso_district_group_entropy_mean,,,none,False,False,False,False,not_applicable,not_applicable,none,-1,-1,-1,,1,-0.0198729621064008,,,,,,,no_legal_upstream_micro_manipulation_root
primary_discovery,schelling,unrestricted_temporal_search,unrestricted,,std_destination_similarity,meso_district_local_similarity_std,std_destination_similarity,meso_district_local_similarity_std,,,none,False,False,False,False,not_applicable,not_applicable,none,-1,-1,-1,,1,0.2291441884144961,,,,,,,no_legal_upstream_micro_manipulation_root
primary_discovery,schelling,unrestricted_temporal_search,unrestricted,,std_destination_similarity,meso_district_move_fraction_std,std_destination_similarity,meso_district_move_fraction_std,,,none,False,False,False,False,not_applicable,not_applicable,none,-1,-1,-1,,1,-0.1235754508835609,,,,,,,no_legal_upstream_micro_manipulation_root
primary_discovery,schelling,unrestricted_temporal_search,unrestricted,,std_destination_similarity,meso_district_neighbour_count_std,std_destination_similarity,meso_district_neighbour_count_std,,,none,False,False,False,False,not_applicable,not_applicable,none,-1,-1,-1,,1,-0.1243063563946025,,,,,,,no_legal_upstream_micro_manipulation_root
primary_discovery,schelling,unrestricted_temporal_search,unrestricted,,std_destination_similarity,meso_district_unhappy_fraction_std,std_destination_similarity,meso_district_unhappy_fraction_std,,,none,False,False,False,False,not_applicable,not_applicable,none,-1,-1,-1,,3,0.1146739438513855,,,,,,,no_legal_upstream_micro_manipulation_root
primary_discovery,schelling,unrestricted_temporal_search,unrestricted,,std_destination_similarity,moved_fraction,std_destination_similarity,moved_fraction,,,none,False,False,False,False,not_applicable,not_applicable,none,-1,-1,-1,,5,0.3191722035969287,,,,,,,no_legal_upstream_micro_manipulation_root
primary_discovery,schelling,unrestricted_temporal_search,unrestricted,,std_destination_similarity,quantile_25_local_similarity,std_destination_similarity,quantile_25_local_similarity,,,none,False,False,False,False,not_applicable,not_applicable,none,-1,-1,-1,,4,0.0607952346669115,,,,,,,no_legal_upstream_micro_manipulation_root
primary_discovery,schelling,unrestricted_temporal_search,unrestricted,,std_destination_similarity,quantile_75_local_similarity,std_destination_similarity,quantile_75_local_similarity,,,none,False,False,False,False,not_applicable,not_applicable,none,-1,-1,-1,,2,0.1656652451933945,,,,,,,no_legal_upstream_micro_manipulation_root
primary_discovery,schelling,unrestricted_temporal_search,unrestricted,,std_destination_similarity,std_local_similarity,std_destination_similarity,std_local_similarity,,,none,False,False,False,False,not_applicable,not_applicable,none,-1,-1,-1,,1,-0.0743203442827739,,,,,,,no_legal_upstream_micro_manipulation_root
primary_discovery,schelling,unrestricted_temporal_search,unrestricted,,std_destination_similarity,std_neighbour_count,std_destination_similarity,std_neighbour_count,,,none,False,False,False,False,not_applicable,not_applicable,none,-1,-1,-1,,4,0.0516761010990236,,,,,,,no_legal_upstream_micro_manipulation_root
primary_discovery,schelling,unrestricted_temporal_search,unrestricted,,std_destination_similarity,unhappy_fraction,std_destination_similarity,unhappy_fraction,,,none,False,False,False,False,not_applicable,not_applicable,none,-1,-1,-1,,2,0.0191883496339077,,,,,,,no_legal_upstream_micro_manipulation_root
primary_discovery,schelling,unrestricted_temporal_search,unrestricted,,std_destination_similarity,unhappy_local_similarity_mean,std_destination_similarity,unhappy_local_similarity_mean,,,none,False,False,False,False,not_applicable,not_applicable,none,-1,-1,-1,,1,0.1243529430348366,,,,,,,no_legal_upstream_micro_manipulation_root
primary_discovery,schelling,unrestricted_temporal_search,unrestricted,,std_local_similarity,boundary_fraction,std_local_similarity,boundary_fraction,,,none,False,False,False,False,not_applicable,not_applicable,none,-1,-1,-1,,2,0.07911722477639,,,,,,,no_legal_upstream_micro_manipulation_root
primary_discovery,schelling,unrestricted_temporal_search,unrestricted,,std_local_similarity,macro_global_connected_components,std_local_similarity,macro_global_connected_components,,,none,False,False,False,False,not_applicable,not_applicable,none,-1,-1,-1,,3,-0.1010856992243506,,,,,,,no_legal_upstream_micro_manipulation_root
primary_discovery,schelling,unrestricted_temporal_search,unrestricted,,std_local_similarity,macro_global_moved_fraction,std_local_similarity,macro_global_moved_fraction,,,none,False,False,False,False,not_applicable,not_applicable,none,-1,-1,-1,,5,-0.3760257481174875,,,,,,,no_legal_upstream_micro_manipulation_root
primary_discovery,schelling,unrestricted_temporal_search,unrestricted,,std_local_similarity,macro_global_spatial_neighbor_similarity,std_local_similarity,macro_global_spatial_neighbor_similarity,,,none,False,False,False,False,not_applicable,not_applicable,none,-1,-1,-1,,3,0.0641458727672955,,,,,,,no_legal_upstream_micro_manipulation_root
primary_discovery,schelling,unrestricted_temporal_search,unrestricted,,std_local_similarity,macro_global_unhappy_fraction,std_local_similarity,macro_global_unhappy_fraction,,,none,False,False,False,False,not_applicable,not_applicable,none,-1,-1,-1,,5,0.0519614901789738,,,,,,,no_legal_upstream_micro_manipulation_root
primary_discovery,schelling,unrestricted_temporal_search,unrestricted,,std_local_similarity,mean_destination_similarity_movers,std_local_similarity,mean_destination_similarity_movers,,,none,False,False,False,False,not_applicable,not_applicable,none,-1,-1,-1,,5,0.5994432022316206,,,,,,,no_legal_upstream_micro_manipulation_root
primary_discovery,schelling,unrestricted_temporal_search,unrestricted,,std_local_similarity,mean_local_similarity,std_local_similarity,mean_local_similarity,,,none,False,False,False,False,not_applicable,not_applicable,none,-1,-1,-1,,4,0.0376863875407925,,,,,,,no_legal_upstream_micro_manipulation_root
primary_discovery,schelling,unrestricted_temporal_search,unrestricted,,std_local_similarity,mean_move_distance,std_local_similarity,mean_move_distance,,,none,False,False,False,False,not_applicable,not_applicable,none,-1,-1,-1,,5,0.6620394042783996,,,,,,,no_legal_upstream_micro_manipulation_root
primary_discovery,schelling,unrestricted_temporal_search,unrestricted,,std_local_similarity,mean_neighbour_count,std_local_similarity,mean_neighbour_count,,,none,False,False,False,False,not_applicable,not_applicable,none,-1,-1,-1,,4,0.528004318097968,,,,,,,no_legal_upstream_micro_manipulation_root
primary_discovery,schelling,unrestricted_temporal_search,unrestricted,,std_local_similarity,meso_district_destination_similarity_std,std_local_similarity,meso_district_destination_similarity_std,,,none,False,False,False,False,not_applicable,not_applicable,none,-1,-1,-1,,5,0.3141743978476911,,,,,,,no_legal_upstream_micro_manipulation_root
primary_discovery,schelling,unrestricted_temporal_search,unrestricted,,std_local_similarity,meso_district_group_entropy_mean,std_local_similarity,meso_district_group_entropy_mean,,,none,False,False,False,False,not_applicable,not_applicable,none,-1,-1,-1,,4,-0.0331717869642032,,,,,,,no_legal_upstream_micro_manipulation_root
primary_discovery,schelling,unrestricted_temporal_search,unrestricted,,std_local_similarity,meso_district_local_similarity_std,std_local_similarity,meso_district_local_similarity_std,,,none,False,False,False,False,not_applicable,not_applicable,none,-1,-1,-1,,5,-0.2697605824004147,,,,,,,no_legal_upstream_micro_manipulation_root
primary_discovery,schelling,unrestricted_temporal_search,unrestricted,,std_local_similarity,meso_district_move_distance_std,std_local_similarity,meso_district_move_distance_std,,,none,False,False,False,False,not_applicable,not_applicable,none,-1,-1,-1,,1,0.5428468481753587,,,,,,,no_legal_upstream_micro_manipulation_root
primary_discovery,schelling,unrestricted_temporal_search,unrestricted,,std_local_similarity,meso_district_move_fraction_std,std_local_similarity,meso_district_move_fraction_std,,,none,False,False,False,False,not_applicable,not_applicable,none,-1,-1,-1,,1,0.9127369191436332,,,,,,,no_legal_upstream_micro_manipulation_root
primary_discovery,schelling,unrestricted_temporal_search,unrestricted,,std_local_similarity,meso_district_neighbour_count_std,std_local_similarity,meso_district_neighbour_count_std,,,none,False,False,False,False,not_applicable,not_applicable,none,-1,-1,-1,,4,-0.5207494414194878,,,,,,,no_legal_upstream_micro_manipulation_root
primary_discovery,schelling,unrestricted_temporal_search,unrestricted,,std_local_similarity,meso_district_unhappy_fraction_std,std_local_similarity,meso_district_unhappy_fraction_std,,,none,False,False,False,False,not_applicable,not_applicable,none,-1,-1,-1,,2,0.3650546242562674,,,,,,,no_legal_upstream_micro_manipulation_root
primary_discovery,schelling,unrestricted_temporal_search,unrestricted,,std_local_similarity,move_distance_std,std_local_similarity,move_distance_std,,,none,False,False,False,False,not_applicable,not_applicable,none,-1,-1,-1,,1,0.5005571467240094,,,,,,,no_legal_upstream_micro_manipulation_root
primary_discovery,schelling,unrestricted_temporal_search,unrestricted,,std_local_similarity,moved_fraction,std_local_similarity,moved_fraction,,,none,False,False,False,False,not_applicable,not_applicable,none,-1,-1,-1,,5,-0.3760257481174879,,,,,,,no_legal_upstream_micro_manipulation_root
primary_discovery,schelling,unrestricted_temporal_search,unrestricted,,std_local_similarity,quantile_25_local_similarity,std_local_similarity,quantile_25_local_similarity,,,none,False,False,False,False,not_applicable,not_applicable,none,-1,-1,-1,,3,0.0353548127323186,,,,,,,no_legal_upstream_micro_manipulation_root
primary_discovery,schelling,unrestricted_temporal_search,unrestricted,,std_local_similarity,quantile_75_local_similarity,std_local_similarity,quantile_75_local_similarity,,,none,False,False,False,False,not_applicable,not_applicable,none,-1,-1,-1,,3,0.8707158624223403,,,,,,,no_legal_upstream_micro_manipulation_root
primary_discovery,schelling,unrestricted_temporal_search,unrestricted,,std_local_similarity,std_destination_similarity,std_local_similarity,std_destination_similarity,,,none,False,False,False,False,not_applicable,not_applicable,none,-1,-1,-1,,1,0.5493037197031907,,,,,,,no_legal_upstream_micro_manipulation_root
primary_discovery,schelling,unrestricted_temporal_search,unrestricted,,std_local_similarity,std_neighbour_count,std_local_similarity,std_neighbour_count,,,none,False,False,False,False,not_applicable,not_applicable,none,-1,-1,-1,,2,0.2809723672629072,,,,,,,no_legal_upstream_micro_manipulation_root
primary_discovery,schelling,unrestricted_temporal_search,unrestricted,,std_local_similarity,unhappy_fraction,std_local_similarity,unhappy_fraction,,,none,False,False,False,False,not_applicable,not_applicable,none,-1,-1,-1,,5,0.0519614901789748,,,,,,,no_legal_upstream_micro_manipulation_root
primary_discovery,schelling,unrestricted_temporal_search,unrestricted,,std_neighbour_count,boundary_fraction,std_neighbour_count,boundary_fraction,,,none,False,False,False,False,not_applicable,not_applicable,none,-1,-1,-1,,2,-0.0109619102145086,,,,,,,no_legal_upstream_micro_manipulation_root
primary_discovery,schelling,unrestricted_temporal_search,unrestricted,,std_neighbour_count,macro_global_spatial_neighbor_similarity,std_neighbour_count,macro_global_spatial_neighbor_similarity,,,none,False,False,False,False,not_applicable,not_applicable,none,-1,-1,-1,,2,0.0120067779362858,,,,,,,no_legal_upstream_micro_manipulation_root
primary_discovery,schelling,unrestricted_temporal_search,unrestricted,,std_neighbour_count,macro_global_unhappy_fraction,std_neighbour_count,macro_global_unhappy_fraction,,,none,False,False,False,False,not_applicable,not_applicable,none,-1,-1,-1,,3,-0.0129330262450944,,,,,,,no_legal_upstream_micro_manipulation_root
primary_discovery,schelling,unrestricted_temporal_search,unrestricted,,std_neighbour_count,mean_local_similarity,std_neighbour_count,mean_local_similarity,,,none,False,False,False,False,not_applicable,not_applicable,none,-1,-1,-1,,2,0.0092799633135674,,,,,,,no_legal_upstream_micro_manipulation_root
primary_discovery,schelling,unrestricted_temporal_search,unrestricted,,std_neighbour_count,meso_district_boundary_fraction_std,std_neighbour_count,meso_district_boundary_fraction_std,,,none,False,False,False,False,not_applicable,not_applicable,none,-1,-1,-1,,4,-0.0929850503111504,,,,,,,no_legal_upstream_micro_manipulation_root
primary_discovery,schelling,unrestricted_temporal_search,unrestricted,,std_neighbour_count,meso_district_group_entropy_mean,std_neighbour_count,meso_district_group_entropy_mean,,,none,False,False,False,False,not_applicable,not_applicable,none,-1,-1,-1,,2,-0.0057613904753407,,,,,,,no_legal_upstream_micro_manipulation_root
primary_discovery,schelling,unrestricted_temporal_search,unrestricted,,std_neighbour_count,meso_district_local_similarity_std,std_neighbour_count,meso_district_local_similarity_std,,,none,False,False,False,False,not_applicable,not_applicable,none,-1,-1,-1,,1,0.1317356560810558,,,,,,,no_legal_upstream_micro_manipulation_root
primary_discovery,schelling,unrestricted_temporal_search,unrestricted,,std_neighbour_count,meso_district_neighbour_count_std,std_neighbour_count,meso_district_neighbour_count_std,,,none,False,False,False,False,not_applicable,not_applicable,none,-1,-1,-1,,2,0.1573629838761023,,,,,,,no_legal_upstream_micro_manipulation_root
primary_discovery,schelling,unrestricted_temporal_search,unrestricted,,std_neighbour_count,meso_district_unhappy_fraction_std,std_neighbour_count,meso_district_unhappy_fraction_std,,,none,False,False,False,False,not_applicable,not_applicable,none,-1,-1,-1,,1,0.0916787742326269,,,,,,,no_legal_upstream_micro_manipulation_root
primary_discovery,schelling,unrestricted_temporal_search,unrestricted,,std_neighbour_count,quantile_25_local_similarity,std_neighbour_count,quantile_25_local_similarity,,,none,False,False,False,False,not_applicable,not_applicable,none,-1,-1,-1,,2,0.0559956099233348,,,,,,,no_legal_upstream_micro_manipulation_root
primary_discovery,schelling,unrestricted_temporal_search,unrestricted,,std_neighbour_count,quantile_75_local_similarity,std_neighbour_count,quantile_75_local_similarity,,,none,False,False,False,False,not_applicable,not_applicable,none,-1,-1,-1,,2,0.1608199119949353,,,,,,,no_legal_upstream_micro_manipulation_root
primary_discovery,schelling,unrestricted_temporal_search,unrestricted,,std_neighbour_count,std_local_similarity,std_neighbour_count,std_local_similarity,,,none,False,False,False,False,not_applicable,not_applicable,none,-1,-1,-1,,4,-0.0134130143910045,,,,,,,no_legal_upstream_micro_manipulation_root
primary_discovery,schelling,unrestricted_temporal_search,unrestricted,,std_neighbour_count,unhappy_fraction,std_neighbour_count,unhappy_fraction,,,none,False,False,False,False,not_applicable,not_applicable,none,-1,-1,-1,,3,-0.012933026245094,,,,,,,no_legal_upstream_micro_manipulation_root
primary_discovery,schelling,unrestricted_temporal_search,unrestricted,,unhappy_fraction,boundary_fraction,unhappy_fraction,boundary_fraction,,,none,False,False,False,False,not_applicable,not_applicable,none,-1,-1,-1,,2,0.0214025314926428,,,,,,,no_legal_upstream_micro_manipulation_root
primary_discovery,schelling,unrestricted_temporal_search,unrestricted,,unhappy_fraction,macro_global_connected_components,unhappy_fraction,macro_global_connected_components,,,none,False,False,False,False,not_applicable,not_applicable,none,-1,-1,-1,,2,0.0698052893275842,,,,,,,no_legal_upstream_micro_manipulation_root
primary_discovery,schelling,unrestricted_temporal_search,unrestricted,,unhappy_fraction,macro_global_moved_fraction,unhappy_fraction,macro_global_moved_fraction,,,none,False,False,False,False,not_applicable,not_applicable,none,-1,-1,-1,,1,0.4443958073846798,,,,,,,no_legal_upstream_micro_manipulation_root
primary_discovery,schelling,unrestricted_temporal_search,unrestricted,,unhappy_fraction,macro_global_spatial_neighbor_similarity,unhappy_fraction,macro_global_spatial_neighbor_similarity,,,none,False,False,False,False,not_applicable,not_applicable,none,-1,-1,-1,,4,0.0251807850775165,,,,,,,no_legal_upstream_micro_manipulation_root
primary_discovery,schelling,unrestricted_temporal_search,unrestricted,,unhappy_fraction,macro_global_unhappy_fraction,unhappy_fraction,macro_global_unhappy_fraction,,,none,False,False,False,False,not_applicable,not_applicable,none,-1,-1,-1,,1,0.5888043012055032,,,,,,,no_legal_upstream_micro_manipulation_root
primary_discovery,schelling,unrestricted_temporal_search,unrestricted,,unhappy_fraction,mean_destination_similarity_movers,unhappy_fraction,mean_destination_similarity_movers,,,none,False,False,False,False,not_applicable,not_applicable,none,-1,-1,-1,,5,0.1498382697670666,,,,,,,no_legal_upstream_micro_manipulation_root
primary_discovery,schelling,unrestricted_temporal_search,unrestricted,,unhappy_fraction,mean_local_similarity,unhappy_fraction,mean_local_similarity,,,none,False,False,False,False,not_applicable,not_applicable,none,-1,-1,-1,,1,-0.0286896098043136,,,,,,,no_legal_upstream_micro_manipulation_root
primary_discovery,schelling,unrestricted_temporal_search,unrestricted,,unhappy_fraction,mean_move_distance,unhappy_fraction,mean_move_distance,,,none,False,False,False,False,not_applicable,not_applicable,none,-1,-1,-1,,5,0.2568095436506489,,,,,,,no_legal_upstream_micro_manipulation_root
primary_discovery,schelling,unrestricted_temporal_search,unrestricted,,unhappy_fraction,mean_neighbour_count,unhappy_fraction,mean_neighbour_count,,,none,False,False,False,False,not_applicable,not_applicable,none,-1,-1,-1,,2,-0.1270204927241315,,,,,,,no_legal_upstream_micro_manipulation_root
primary_discovery,schelling,unrestricted_temporal_search,unrestricted,unhappy_fraction,unhappy_fraction,meso_district_boundary_fraction_std,unhappy_fraction,meso_district_boundary_fraction_std,tolerance,minus,micro,True,True,False,True,no_stable_downstream_effect,no_stable_downstream_effect,direct_root,0,0,3,3.0,5,0.2058234512875274,-2.0,False,True,-0.2378518138150472,-0.2378518138150472,0.4089136124012554,
primary_discovery,schelling,unrestricted_temporal_search,unrestricted,unhappy_fraction,unhappy_fraction,meso_district_boundary_fraction_std,unhappy_fraction,meso_district_boundary_fraction_std,tolerance,plus,micro,True,True,True,True,supported,supported,direct_root,0,0,35,35.0,5,0.2058234512875274,30.0,False,False,0.6810788178937784,0.6810788178937784,-1.2240413481341144,
primary_discovery,schelling,unrestricted_temporal_search,unrestricted,unhappy_fraction,unhappy_fraction,meso_district_destination_similarity_std,unhappy_fraction,meso_district_destination_similarity_std,tolerance,minus,micro,True,True,True,True,supported,supported,direct_root,0,0,0,0.0,4,0.488460134521144,-4.0,True,False,-0.2378518138150472,-0.2378518138150472,-0.1867116688180088,
primary_discovery,schelling,unrestricted_temporal_search,unrestricted,unhappy_fraction,unhappy_fraction,meso_district_destination_similarity_std,unhappy_fraction,meso_district_destination_similarity_std,tolerance,plus,micro,True,True,True,True,supported,supported,direct_root,0,0,0,0.0,4,0.488460134521144,-4.0,True,False,0.6810788178937784,0.6810788178937784,0.4677365061048846,
primary_discovery,schelling,unrestricted_temporal_search,unrestricted,unhappy_fraction,unhappy_fraction,meso_district_group_entropy_mean,unhappy_fraction,meso_district_group_entropy_mean,tolerance,minus,micro,True,True,True,True,supported,supported,direct_root,0,0,6,6.0,2,0.0266094217627834,4.0,False,False,-0.2378518138150472,-0.2378518138150472,0.9600569805696164,
primary_discovery,schelling,unrestricted_temporal_search,unrestricted,unhappy_fraction,unhappy_fraction,meso_district_group_entropy_mean,unhappy_fraction,meso_district_group_entropy_mean,tolerance,plus,micro,True,True,False,False,no_stable_downstream_effect,no_stable_downstream_effect,direct_root,0,0,-1,,2,0.0266094217627834,,False,,0.6810788178937784,0.6810788178937784,-0.257047013783002,
primary_discovery,schelling,unrestricted_temporal_search,unrestricted,unhappy_fraction,unhappy_fraction,meso_district_local_similarity_std,unhappy_fraction,meso_district_local_similarity_std,tolerance,minus,micro,True,True,True,True,supported,supported,direct_root,0,0,31,31.0,1,0.3031490535288847,30.0,False,False,-0.2378518138150472,-0.2378518138150472,1.3679623424767424,
primary_discovery,schelling,unrestricted_temporal_search,unrestricted,unhappy_fraction,unhappy_fraction,meso_district_local_similarity_std,unhappy_fraction,meso_district_local_similarity_std,tolerance,plus,micro,True,True,True,True,supported,supported,direct_root,0,0,34,34.0,1,0.3031490535288847,33.0,False,False,0.6810788178937784,0.6810788178937784,-1.445824993709645,
primary_discovery,schelling,unrestricted_temporal_search,unrestricted,unhappy_fraction,unhappy_fraction,meso_district_move_distance_std,unhappy_fraction,meso_district_move_distance_std,tolerance,minus,micro,True,True,True,True,supported,supported,direct_root,0,0,0,0.0,2,-1.0918057130893004,-2.0,False,True,-0.2378518138150472,-0.2378518138150472,-0.2145525572170345,
primary_discovery,schelling,unrestricted_temporal_search,unrestricted,unhappy_fraction,unhappy_fraction,meso_district_move_distance_std,unhappy_fraction,meso_district_move_distance_std,tolerance,plus,micro,True,True,True,True,supported,supported,direct_root,0,0,0,0.0,2,-1.0918057130893004,-2.0,False,True,0.6810788178937784,0.6810788178937784,0.4867891329517824,
primary_discovery,schelling,unrestricted_temporal_search,unrestricted,unhappy_fraction,unhappy_fraction,meso_district_move_fraction_std,unhappy_fraction,meso_district_move_fraction_std,tolerance,minus,micro,True,True,True,True,supported,supported,direct_root,0,0,0,0.0,1,0.5387611517185683,-1.0,True,True,-0.2378518138150472,-0.2378518138150472,-0.2094093064753491,
primary_discovery,schelling,unrestricted_temporal_search,unrestricted,unhappy_fraction,unhappy_fraction,meso_district_move_fraction_std,unhappy_fraction,meso_district_move_fraction_std,tolerance,plus,micro,True,True,True,True,supported,supported,direct_root,0,0,0,0.0,1,0.5387611517185683,-1.0,True,True,0.6810788178937784,0.6810788178937784,0.5241375378923637,
primary_discovery,schelling,unrestricted_temporal_search,unrestricted,unhappy_fraction,unhappy_fraction,meso_district_neighbour_count_std,unhappy_fraction,meso_district_neighbour_count_std,tolerance,minus,micro,True,True,False,False,no_stable_downstream_effect,no_stable_downstream_effect,direct_root,0,0,-1,,2,-0.3165308827685092,,False,,-0.2378518138150472,-0.2378518138150472,-0.3048610249680994,
primary_discovery,schelling,unrestricted_temporal_search,unrestricted,unhappy_fraction,unhappy_fraction,meso_district_neighbour_count_std,unhappy_fraction,meso_district_neighbour_count_std,tolerance,plus,micro,True,True,True,True,supported,supported,direct_root,0,0,31,31.0,2,-0.3165308827685092,29.0,False,False,0.6810788178937784,0.6810788178937784,0.5540032792639907,
primary_discovery,schelling,unrestricted_temporal_search,unrestricted,unhappy_fraction,unhappy_fraction,meso_district_unhappy_fraction_std,unhappy_fraction,meso_district_unhappy_fraction_std,tolerance,minus,micro,True,True,True,True,supported,supported,direct_root,0,0,0,0.0,1,0.304075610095968,-1.0,True,True,-0.2378518138150472,-0.2378518138150472,-0.2701468409811486,
primary_discovery,schelling,unrestricted_temporal_search,unrestricted,unhappy_fraction,unhappy_fraction,meso_district_unhappy_fraction_std,unhappy_fraction,meso_district_unhappy_fraction_std,tolerance,plus,micro,True,True,True,True,supported,supported,direct_root,0,0,2,2.0,1,0.304075610095968,1.0,True,True,0.6810788178937784,0.6810788178937784,0.820703867837433,
primary_discovery,schelling,unrestricted_temporal_search,unrestricted,,unhappy_fraction,move_distance_std,unhappy_fraction,move_distance_std,,,none,False,False,False,False,not_applicable,not_applicable,none,-1,-1,-1,,1,0.4061474339108422,,,,,,,no_legal_upstream_micro_manipulation_root
primary_discovery,schelling,unrestricted_temporal_search,unrestricted,,unhappy_fraction,moved_fraction,unhappy_fraction,moved_fraction,,,none,False,False,False,False,not_applicable,not_applicable,none,-1,-1,-1,,1,0.4443958073846798,,,,,,,no_legal_upstream_micro_manipulation_root
primary_discovery,schelling,unrestricted_temporal_search,unrestricted,,unhappy_fraction,quantile_25_local_similarity,unhappy_fraction,quantile_25_local_similarity,,,none,False,False,False,False,not_applicable,not_applicable,none,-1,-1,-1,,4,0.2364403910127674,,,,,,,no_legal_upstream_micro_manipulation_root
primary_discovery,schelling,unrestricted_temporal_search,unrestricted,,unhappy_fraction,quantile_75_local_similarity,unhappy_fraction,quantile_75_local_similarity,,,none,False,False,False,False,not_applicable,not_applicable,none,-1,-1,-1,,1,-0.1872931363959833,,,,,,,no_legal_upstream_micro_manipulation_root
primary_discovery,schelling,unrestricted_temporal_search,unrestricted,,unhappy_fraction,std_destination_similarity,unhappy_fraction,std_destination_similarity,,,none,False,False,False,False,not_applicable,not_applicable,none,-1,-1,-1,,1,0.3716443667672133,,,,,,,no_legal_upstream_micro_manipulation_root
primary_discovery,schelling,unrestricted_temporal_search,unrestricted,,unhappy_fraction,std_local_similarity,unhappy_fraction,std_local_similarity,,,none,False,False,False,False,not_applicable,not_applicable,none,-1,-1,-1,,2,0.0685181823812285,,,,,,,no_legal_upstream_micro_manipulation_root
primary_discovery,schelling,unrestricted_temporal_search,unrestricted,,unhappy_fraction,std_neighbour_count,unhappy_fraction,std_neighbour_count,,,none,False,False,False,False,not_applicable,not_applicable,none,-1,-1,-1,,5,0.2194809462872321,,,,,,,no_legal_upstream_micro_manipulation_root
primary_discovery,schelling,unrestricted_temporal_search,unrestricted,,unhappy_local_similarity_mean,local_similarity_entropy,unhappy_local_similarity_mean,local_similarity_entropy,,,none,False,False,False,False,not_applicable,not_applicable,none,-1,-1,-1,,1,-0.0129918754801196,,,,,,,no_legal_upstream_micro_manipulation_root
primary_discovery,schelling,unrestricted_temporal_search,unrestricted,,unhappy_local_similarity_mean,meso_district_unhappy_fraction_std,unhappy_local_similarity_mean,meso_district_unhappy_fraction_std,,,none,False,False,False,False,not_applicable,not_applicable,none,-1,-1,-1,,1,0.0297112224167208,,,,,,,no_legal_upstream_micro_manipulation_root
primary_discovery,schelling,unrestricted_temporal_search,unrestricted,,unhappy_local_similarity_mean,relocation_response_fraction,unhappy_local_similarity_mean,relocation_response_fraction,,,none,False,False,False,False,not_applicable,not_applicable,none,-1,-1,-1,,1,0.3379919520409464,,,,,,,no_legal_upstream_micro_manipulation_root
primary_discovery,schelling,single_trajectory,macro_outcome_macro_global_connected_components,mean_destination_similarity_movers,mean_destination_similarity_movers,meso_district_group_entropy_mean,mean_destination_similarity_movers,meso_district_group_entropy_mean,destination_preference,minus,micro,True,True,False,True,no_stable_downstream_effect,no_stable_downstream_effect,direct_root,0,0,7,7.0,1,-0.0198750696807109,6.0,False,False,0.2660373976867192,0.2660373976867192,0.2486157230098173,
primary_discovery,schelling,single_trajectory,macro_outcome_macro_global_connected_components,mean_destination_similarity_movers,mean_destination_similarity_movers,meso_district_group_entropy_mean,mean_destination_similarity_movers,meso_district_group_entropy_mean,destination_preference,plus,micro,False,False,False,False,manipulation_failure,manipulation_failure,direct_root,-1,-1,-1,,1,-0.0198750696807109,,True,,-0.0384399855283769,-0.0384399855283769,0.0854603600542708,
primary_discovery,schelling,single_trajectory,macro_outcome_macro_global_connected_components,moved_fraction,meso_district_boundary_fraction_std,macro_global_connected_components,meso_district_boundary_fraction_std,macro_global_connected_components,move_probability,minus,micro,True,False,True,True,no_stable_downstream_effect,no_stable_downstream_effect,upstream_mediated,0,1,1,0.0,4,0.0294292103701217,-4.0,False,False,0.3084241721235077,-0.0449603430395152,1.1998703053374755,
primary_discovery,schelling,single_trajectory,macro_outcome_macro_global_connected_components,moved_fraction,meso_district_boundary_fraction_std,macro_global_connected_components,meso_district_boundary_fraction_std,macro_global_connected_components,move_probability,plus,micro,True,False,True,True,no_stable_downstream_effect,no_stable_downstream_effect,upstream_mediated,0,1,1,0.0,4,0.0294292103701217,-4.0,False,False,-0.2787196878892839,0.0311126477000535,-0.3342719433422125,
primary_discovery,schelling,single_trajectory,macro_outcome_macro_global_connected_components,unhappy_fraction,meso_district_destination_similarity_std,macro_global_connected_components,meso_district_destination_similarity_std,macro_global_connected_components,tolerance,minus,micro,True,True,True,True,supported,supported,upstream_mediated,0,0,2,2.0,4,0.035429542780563,-2.0,False,True,-0.2378518138150472,-0.1867116688180088,1.7000771125404406,
primary_discovery,schelling,single_trajectory,macro_outcome_macro_global_connected_components,unhappy_fraction,meso_district_destination_similarity_std,macro_global_connected_components,meso_district_destination_similarity_std,macro_global_connected_components,tolerance,plus,micro,True,True,False,True,no_stable_downstream_effect,no_stable_downstream_effect,upstream_mediated,0,0,76,76.0,4,0.035429542780563,72.0,False,False,0.6810788178937784,0.4677365061048846,-0.1439145540042583,
primary_discovery,schelling,single_trajectory,macro_outcome_macro_global_connected_components,mean_destination_similarity_movers,meso_district_move_distance_std,macro_global_connected_components,meso_district_move_distance_std,macro_global_connected_components,destination_preference,minus,micro,True,True,True,False,inconclusive,inconclusive,upstream_mediated,0,11,1,-10.0,5,0.0304859031907804,-15.0,True,False,0.2660373976867192,0.5645883599485648,0.684777040727394,
primary_discovery,schelling,single_trajectory,macro_outcome_macro_global_connected_components,mean_destination_similarity_movers,meso_district_move_distance_std,macro_global_connected_components,meso_district_move_distance_std,macro_global_connected_components,destination_preference,plus,micro,False,False,False,False,manipulation_failure,manipulation_failure,upstream_mediated,-1,-1,4,,5,0.0304859031907804,,True,,-0.0384399855283769,-0.0903291013387437,-0.047935120795045,
primary_discovery,schelling,single_trajectory,macro_outcome_macro_global_connected_components,unhappy_fraction,meso_district_unhappy_fraction_std,macro_global_connected_components,meso_district_unhappy_fraction_std,macro_global_connected_components,tolerance,minus,micro,True,True,True,True,supported,supported,upstream_mediated,0,0,2,2.0,4,-0.053858441086304,-2.0,True,True,-0.2378518138150472,-0.2701468409811486,1.7000771125404406,
primary_discovery,schelling,single_trajectory,macro_outcome_macro_global_connected_components,unhappy_fraction,meso_district_unhappy_fraction_std,macro_global_connected_components,meso_district_unhappy_fraction_std,macro_global_connected_components,tolerance,plus,micro,True,True,False,True,no_stable_downstream_effect,no_stable_downstream_effect,upstream_mediated,0,2,76,74.0,4,-0.053858441086304,70.0,True,False,0.6810788178937784,0.820703867837433,-0.1439145540042583,
primary_discovery,schelling,single_trajectory,macro_outcome_macro_global_connected_components,moved_fraction,moved_fraction,meso_district_boundary_fraction_std,moved_fraction,meso_district_boundary_fraction_std,move_probability,minus,micro,True,True,False,True,no_stable_downstream_effect,no_stable_downstream_effect,direct_root,0,0,1,1.0,1,0.2875505775408007,0.0,False,True,0.3084241721235077,0.3084241721235077,-0.0449603430395152,
primary_discovery,schelling,single_trajectory,macro_outcome_macro_global_connected_components,moved_fraction,moved_fraction,meso_district_boundary_fraction_std,moved_fraction,meso_district_boundary_fraction_std,move_probability,plus,micro,True,True,False,True,no_stable_downstream_effect,no_stable_downstream_effect,direct_root,0,0,1,1.0,1,0.2875505775408007,0.0,False,True,-0.2787196878892839,-0.2787196878892839,0.0311126477000535,
primary_discovery,schelling,single_trajectory,macro_outcome_macro_global_connected_components,unhappy_fraction,unhappy_fraction,meso_district_destination_similarity_std,unhappy_fraction,meso_district_destination_similarity_std,tolerance,minus,micro,True,True,True,True,supported,supported,direct_root,0,0,0,0.0,3,3.778255100980684,-3.0,True,False,-0.2378518138150472,-0.2378518138150472,-0.1867116688180088,
primary_discovery,schelling,single_trajectory,macro_outcome_macro_global_connected_components,unhappy_fraction,unhappy_fraction,meso_district_destination_similarity_std,unhappy_fraction,meso_district_destination_similarity_std,tolerance,plus,micro,True,True,True,True,supported,supported,direct_root,0,0,0,0.0,3,3.778255100980684,-3.0,True,False,0.6810788178937784,0.6810788178937784,0.4677365061048846,
primary_discovery,schelling,single_trajectory,macro_outcome_macro_global_connected_components,unhappy_fraction,unhappy_fraction,meso_district_unhappy_fraction_std,unhappy_fraction,meso_district_unhappy_fraction_std,tolerance,minus,micro,True,True,True,True,supported,supported,direct_root,0,0,0,0.0,5,-2.0927077551005007,-5.0,False,False,-0.2378518138150472,-0.2378518138150472,-0.2701468409811486,
primary_discovery,schelling,single_trajectory,macro_outcome_macro_global_connected_components,unhappy_fraction,unhappy_fraction,meso_district_unhappy_fraction_std,unhappy_fraction,meso_district_unhappy_fraction_std,tolerance,plus,micro,True,True,True,True,supported,supported,direct_root,0,0,2,2.0,5,-2.0927077551005007,-3.0,False,False,0.6810788178937784,0.6810788178937784,0.820703867837433,
primary_discovery,schelling,single_trajectory,macro_outcome_macro_global_moved_fraction,relocation_response_fraction,meso_district_move_fraction_std,macro_global_moved_fraction,meso_district_move_fraction_std,macro_global_moved_fraction,move_probability,minus,micro,False,True,True,True,manipulation_failure,manipulation_failure,upstream_mediated,0,0,0,0.0,5,0.3082110161810838,-5.0,True,False,-0.0546564199460463,0.4231921988102642,0.3084241721235077,
primary_discovery,schelling,single_trajectory,macro_outcome_macro_global_moved_fraction,relocation_response_fraction,meso_district_move_fraction_std,macro_global_moved_fraction,meso_district_move_fraction_std,macro_global_moved_fraction,move_probability,plus,micro,False,True,True,True,manipulation_failure,manipulation_failure,upstream_mediated,0,0,0,0.0,5,0.3082110161810838,-5.0,True,False,-0.0556050592811951,-0.3189939138418262,-0.2787196878892839,
primary_discovery,schelling,single_trajectory,macro_outcome_macro_global_moved_fraction,unhappy_fraction,meso_district_move_fraction_std,macro_global_moved_fraction,meso_district_move_fraction_std,macro_global_moved_fraction,tolerance,minus,micro,True,True,True,True,supported,supported,upstream_mediated,0,0,0,0.0,5,0.3082110161810838,-5.0,True,False,-0.2378518138150472,-0.2094093064753491,-0.2113304102235822,
primary_discovery,schelling,single_trajectory,macro_outcome_macro_global_moved_fraction,unhappy_fraction,meso_district_move_fraction_std,macro_global_moved_fraction,meso_district_move_fraction_std,macro_global_moved_fraction,tolerance,plus,micro,True,True,True,True,supported,supported,upstream_mediated,0,0,0,0.0,5,0.3082110161810838,-5.0,True,False,0.6810788178937784,0.5241375378923637,0.5992621073123257,
primary_discovery,schelling,single_trajectory,macro_outcome_macro_global_moved_fraction,unhappy_fraction,unhappy_fraction,meso_district_move_fraction_std,unhappy_fraction,meso_district_move_fraction_std,tolerance,minus,micro,True,True,True,True,supported,supported,direct_root,0,0,0,0.0,3,0.2633449136596818,-3.0,True,False,-0.2378518138150472,-0.2378518138150472,-0.2094093064753491,
primary_discovery,schelling,single_trajectory,macro_outcome_macro_global_moved_fraction,unhappy_fraction,unhappy_fraction,meso_district_move_fraction_std,unhappy_fraction,meso_district_move_fraction_std,tolerance,plus,micro,True,True,True,True,supported,supported,direct_root,0,0,0,0.0,3,0.2633449136596818,-3.0,True,False,0.6810788178937784,0.6810788178937784,0.5241375378923637,
primary_discovery,schelling,single_trajectory,macro_outcome_macro_global_spatial_neighbor_similarity,mean_destination_similarity_movers,mean_destination_similarity_movers,meso_district_destination_similarity_std,mean_destination_similarity_movers,meso_district_destination_similarity_std,destination_preference,minus,micro,True,True,True,True,supported,supported,direct_root,0,0,37,37.0,5,0.2160221162251412,32.0,True,False,0.2660373976867192,0.2660373976867192,0.3948835471921246,
primary_discovery,schelling,single_trajectory,macro_outcome_macro_global_spatial_neighbor_similarity,mean_destination_similarity_movers,mean_destination_similarity_movers,meso_district_destination_similarity_std,mean_destination_similarity_movers,meso_district_destination_similarity_std,destination_preference,plus,micro,False,False,False,False,manipulation_failure,manipulation_failure,direct_root,-1,-1,-1,,5,0.2160221162251412,,True,,-0.0384399855283769,-0.0384399855283769,-0.063951601480493,
primary_discovery,schelling,single_trajectory,macro_outcome_macro_global_spatial_neighbor_similarity,unhappy_fraction,meso_district_boundary_fraction_std,macro_global_spatial_neighbor_similarity,meso_district_boundary_fraction_std,macro_global_spatial_neighbor_similarity,tolerance,minus,micro,True,False,True,False,no_stable_downstream_effect,no_stable_downstream_effect,upstream_mediated,0,3,1,-2.0,2,-0.0189271547628796,-4.0,True,False,-0.2378518138150472,0.4089136124012554,-3.340027328067182,
primary_discovery,schelling,single_trajectory,macro_outcome_macro_global_spatial_neighbor_similarity,unhappy_fraction,meso_district_boundary_fraction_std,macro_global_spatial_neighbor_similarity,meso_district_boundary_fraction_std,macro_global_spatial_neighbor_similarity,tolerance,plus,micro,True,True,True,False,inconclusive,inconclusive,upstream_mediated,0,35,2,-33.0,2,-0.0189271547628796,-35.0,True,False,0.6810788178937784,-1.2240413481341144,1.1557030527038552,
primary_discovery,schelling,single_trajectory,macro_outcome_macro_global_spatial_neighbor_similarity,mean_destination_similarity_movers,meso_district_destination_similarity_std,macro_global_spatial_neighbor_similarity,meso_district_destination_similarity_std,macro_global_spatial_neighbor_similarity,destination_preference,minus,micro,True,True,True,False,inconclusive,inconclusive,upstream_mediated,0,37,1,-36.0,1,0.0915382003528093,-37.0,False,False,0.2660373976867192,0.3948835471921246,-0.7595975906009652,
primary_discovery,schelling,single_trajectory,macro_outcome_macro_global_spatial_neighbor_similarity,mean_destination_similarity_movers,meso_district_destination_similarity_std,macro_global_spatial_neighbor_similarity,meso_district_destination_similarity_std,macro_global_spatial_neighbor_similarity,destination_preference,plus,micro,False,False,False,False,manipulation_failure,manipulation_failure,upstream_mediated,-1,-1,1,,1,0.0915382003528093,,False,,-0.0384399855283769,-0.063951601480493,0.1125361554044092,
primary_discovery,schelling,single_trajectory,macro_outcome_macro_global_spatial_neighbor_similarity,moved_fraction,meso_district_destination_similarity_std,macro_global_spatial_neighbor_similarity,meso_district_destination_similarity_std,macro_global_spatial_neighbor_similarity,move_probability,minus,micro,True,True,True,True,supported,supported,upstream_mediated,0,0,1,1.0,1,0.0915382003528093,0.0,False,True,0.3084241721235077,0.4006009736523353,-1.1559107811903222,
primary_discovery,schelling,single_trajectory,macro_outcome_macro_global_spatial_neighbor_similarity,moved_fraction,meso_district_destination_similarity_std,macro_global_spatial_neighbor_similarity,meso_district_destination_similarity_std,macro_global_spatial_neighbor_similarity,move_probability,plus,micro,True,True,True,True,supported,supported,upstream_mediated,0,0,1,1.0,1,0.0915382003528093,0.0,False,True,-0.2787196878892839,-0.3142791379912554,0.4482393507792006,
primary_discovery,schelling,single_trajectory,macro_outcome_macro_global_spatial_neighbor_similarity,unhappy_fraction,meso_district_move_fraction_std,macro_global_spatial_neighbor_similarity,meso_district_move_fraction_std,macro_global_spatial_neighbor_similarity,tolerance,minus,micro,True,True,True,True,supported,supported,upstream_mediated,0,0,1,1.0,1,-0.0732801204387801,0.0,False,True,-0.2378518138150472,-0.2094093064753491,-3.340027328067182,
primary_discovery,schelling,single_trajectory,macro_outcome_macro_global_spatial_neighbor_similarity,unhappy_fraction,meso_district_move_fraction_std,macro_global_spatial_neighbor_similarity,meso_district_move_fraction_std,macro_global_spatial_neighbor_similarity,tolerance,plus,micro,True,True,True,True,supported,supported,upstream_mediated,0,0,2,2.0,1,-0.0732801204387801,1.0,False,True,0.6810788178937784,0.5241375378923637,1.1557030527038552,
primary_discovery,schelling,single_trajectory,macro_outcome_macro_global_spatial_neighbor_similarity,moved_fraction,moved_fraction,meso_district_destination_similarity_std,moved_fraction,meso_district_destination_similarity_std,move_probability,minus,micro,True,True,True,True,supported,supported,direct_root,0,0,0,0.0,5,0.4986030743412509,-5.0,True,False,0.3084241721235077,0.3084241721235077,0.4006009736523353,
primary_discovery,schelling,single_trajectory,macro_outcome_macro_global_spatial_neighbor_similarity,moved_fraction,moved_fraction,meso_district_destination_similarity_std,moved_fraction,meso_district_destination_similarity_std,move_probability,plus,micro,True,True,True,True,supported,supported,direct_root,0,0,0,0.0,5,0.4986030743412509,-5.0,True,False,-0.2787196878892839,-0.2787196878892839,-0.3142791379912554,
primary_discovery,schelling,single_trajectory,macro_outcome_macro_global_spatial_neighbor_similarity,unhappy_fraction,unhappy_fraction,meso_district_boundary_fraction_std,unhappy_fraction,meso_district_boundary_fraction_std,tolerance,minus,micro,True,True,False,True,no_stable_downstream_effect,no_stable_downstream_effect,direct_root,0,0,3,3.0,5,-1.0049132080445382,-2.0,True,True,-0.2378518138150472,-0.2378518138150472,0.4089136124012554,
primary_discovery,schelling,single_trajectory,macro_outcome_macro_global_spatial_neighbor_similarity,unhappy_fraction,unhappy_fraction,meso_district_boundary_fraction_std,unhappy_fraction,meso_district_boundary_fraction_std,tolerance,plus,micro,True,True,True,True,supported,supported,direct_root,0,0,35,35.0,5,-1.0049132080445382,30.0,True,False,0.6810788178937784,0.6810788178937784,-1.2240413481341144,
primary_discovery,schelling,single_trajectory,macro_outcome_macro_global_spatial_neighbor_similarity,unhappy_fraction,unhappy_fraction,meso_district_move_fraction_std,unhappy_fraction,meso_district_move_fraction_std,tolerance,minus,micro,True,True,True,True,supported,supported,direct_root,0,0,0,0.0,3,0.2633449136596818,-3.0,True,False,-0.2378518138150472,-0.2378518138150472,-0.2094093064753491,
primary_discovery,schelling,single_trajectory,macro_outcome_macro_global_spatial_neighbor_similarity,unhappy_fraction,unhappy_fraction,meso_district_move_fraction_std,unhappy_fraction,meso_district_move_fraction_std,tolerance,plus,micro,True,True,True,True,supported,supported,direct_root,0,0,0,0.0,3,0.2633449136596818,-3.0,True,False,0.6810788178937784,0.6810788178937784,0.5241375378923637,
primary_discovery,schelling,single_trajectory,macro_outcome_macro_global_unhappy_fraction,mean_destination_similarity_movers,mean_destination_similarity_movers,meso_district_boundary_fraction_std,mean_destination_similarity_movers,meso_district_boundary_fraction_std,destination_preference,minus,micro,True,True,False,True,no_stable_downstream_effect,no_stable_downstream_effect,direct_root,0,0,1,1.0,2,-0.1191425236378538,-1.0,False,True,0.2660373976867192,0.2660373976867192,0.208870944357788,
primary_discovery,schelling,single_trajectory,macro_outcome_macro_global_unhappy_fraction,mean_destination_similarity_movers,mean_destination_similarity_movers,meso_district_boundary_fraction_std,mean_destination_similarity_movers,meso_district_boundary_fraction_std,destination_preference,plus,micro,False,False,False,False,manipulation_failure,manipulation_failure,direct_root,-1,-1,-1,,2,-0.1191425236378538,,False,,-0.0384399855283769,-0.0384399855283769,-0.068882943874273,
primary_discovery,schelling,single_trajectory,macro_outcome_macro_global_unhappy_fraction,mean_destination_similarity_movers,mean_destination_similarity_movers,meso_district_destination_similarity_std,mean_destination_similarity_movers,meso_district_destination_similarity_std,destination_preference,minus,micro,True,True,True,True,supported,supported,direct_root,0,0,37,37.0,5,0.2160221162251412,32.0,True,False,0.2660373976867192,0.2660373976867192,0.3948835471921246,
primary_discovery,schelling,single_trajectory,macro_outcome_macro_global_unhappy_fraction,mean_destination_similarity_movers,mean_destination_similarity_movers,meso_district_destination_similarity_std,mean_destination_similarity_movers,meso_district_destination_similarity_std,destination_preference,plus,micro,False,False,False,False,manipulation_failure,manipulation_failure,direct_root,-1,-1,-1,,5,0.2160221162251412,,True,,-0.0384399855283769,-0.0384399855283769,-0.063951601480493,
primary_discovery,schelling,single_trajectory,macro_outcome_macro_global_unhappy_fraction,mean_destination_similarity_movers,meso_district_boundary_fraction_std,macro_global_unhappy_fraction,meso_district_boundary_fraction_std,macro_global_unhappy_fraction,destination_preference,minus,micro,True,False,True,True,no_stable_downstream_effect,no_stable_downstream_effect,upstream_mediated,0,1,1,0.0,2,0.0401147950369218,-2.0,True,True,0.2660373976867192,0.208870944357788,0.7223266216165585,
primary_discovery,schelling,single_trajectory,macro_outcome_macro_global_unhappy_fraction,mean_destination_similarity_movers,meso_district_boundary_fraction_std,macro_global_unhappy_fraction,meso_district_boundary_fraction_std,macro_global_unhappy_fraction,destination_preference,plus,micro,False,False,False,False,manipulation_failure,manipulation_failure,upstream_mediated,-1,-1,1,,2,0.0401147950369218,,True,,-0.0384399855283769,-0.068882943874273,-0.1114504692614298,
primary_discovery,schelling,single_trajectory,macro_outcome_macro_global_unhappy_fraction,mean_destination_similarity_movers,meso_district_destination_similarity_std,macro_global_unhappy_fraction,meso_district_destination_similarity_std,macro_global_unhappy_fraction,destination_preference,minus,micro,True,True,True,False,inconclusive,inconclusive,upstream_mediated,0,37,1,-36.0,1,-0.045188543247756,-37.0,False,False,0.2660373976867192,0.3948835471921246,0.7223266216165585,
primary_discovery,schelling,single_trajectory,macro_outcome_macro_global_unhappy_fraction,mean_destination_similarity_movers,meso_district_destination_similarity_std,macro_global_unhappy_fraction,meso_district_destination_similarity_std,macro_global_unhappy_fraction,destination_preference,plus,micro,False,False,False,False,manipulation_failure,manipulation_failure,upstream_mediated,-1,-1,1,,1,-0.045188543247756,,False,,-0.0384399855283769,-0.063951601480493,-0.1114504692614298,
primary_discovery,schelling,single_trajectory,macro_outcome_macro_global_unhappy_fraction,moved_fraction,meso_district_neighbour_count_std,macro_global_unhappy_fraction,meso_district_neighbour_count_std,macro_global_unhappy_fraction,move_probability,minus,micro,True,False,True,False,no_stable_downstream_effect,no_stable_downstream_effect,upstream_mediated,0,-1,1,,5,0.0499393271078882,,False,,0.3084241721235077,-0.1922588241183484,1.1792087584621544,
primary_discovery,schelling,single_trajectory,macro_outcome_macro_global_unhappy_fraction,moved_fraction,meso_district_neighbour_count_std,macro_global_unhappy_fraction,meso_district_neighbour_count_std,macro_global_unhappy_fraction,move_probability,plus,micro,True,False,True,False,no_stable_downstream_effect,no_stable_downstream_effect,upstream_mediated,0,-1,1,,5,0.0499393271078882,,False,,-0.2787196878892839,0.0169405544069148,-0.4198371902882867,
primary_discovery,schelling,single_trajectory,macro_outcome_macro_global_unhappy_fraction,relocation_response_fraction,meso_district_unhappy_fraction_std,macro_global_unhappy_fraction,meso_district_unhappy_fraction_std,macro_global_unhappy_fraction,move_probability,minus,micro,False,True,True,False,manipulation_failure,manipulation_failure,upstream_mediated,0,15,1,-14.0,3,-0.0458727993251939,-17.0,False,False,-0.0546564199460463,1.0294166904980138,1.1792087584621544,
primary_discovery,schelling,single_trajectory,macro_outcome_macro_global_unhappy_fraction,relocation_response_fraction,meso_district_unhappy_fraction_std,macro_global_unhappy_fraction,meso_district_unhappy_fraction_std,macro_global_unhappy_fraction,move_probability,plus,micro,False,True,True,False,manipulation_failure,manipulation_failure,upstream_mediated,0,3,1,-2.0,3,-0.0458727993251939,-5.0,False,False,-0.0556050592811951,-0.5426825555518751,-0.4198371902882867,
primary_discovery,schelling,single_trajectory,macro_outcome_macro_global_unhappy_fraction,moved_fraction,moved_fraction,meso_district_neighbour_count_std,moved_fraction,meso_district_neighbour_count_std,move_probability,minus,micro,True,True,False,False,no_stable_downstream_effect,no_stable_downstream_effect,direct_root,0,0,-1,,4,0.2282168550524826,,False,,0.3084241721235077,0.3084241721235077,-0.1922588241183484,
primary_discovery,schelling,single_trajectory,macro_outcome_macro_global_unhappy_fraction,moved_fraction,moved_fraction,meso_district_neighbour_count_std,moved_fraction,meso_district_neighbour_count_std,move_probability,plus,micro,True,True,False,False,no_stable_downstream_effect,no_stable_downstream_effect,direct_root,0,0,-1,,4,0.2282168550524826,,False,,-0.2787196878892839,-0.2787196878892839,0.0169405544069148,
primary_discovery,schelling,trajectory_vote,macro_outcome_macro_global_unhappy_fraction,mean_destination_similarity_movers,mean_destination_similarity_movers,meso_district_boundary_fraction_std,mean_destination_similarity_movers,meso_district_boundary_fraction_std,destination_preference,minus,micro,True,True,False,True,no_stable_downstream_effect,no_stable_downstream_effect,direct_root,0,0,1,1.0,2,-0.0247998081560321,-1.0,False,True,0.2660373976867192,0.2660373976867192,0.208870944357788,
primary_discovery,schelling,trajectory_vote,macro_outcome_macro_global_unhappy_fraction,mean_destination_similarity_movers,mean_destination_similarity_movers,meso_district_boundary_fraction_std,mean_destination_similarity_movers,meso_district_boundary_fraction_std,destination_preference,plus,micro,False,False,False,False,manipulation_failure,manipulation_failure,direct_root,-1,-1,-1,,2,-0.0247998081560321,,False,,-0.0384399855283769,-0.0384399855283769,-0.068882943874273,
primary_discovery,schelling,trajectory_vote,macro_outcome_macro_global_spatial_neighbor_similarity,mean_destination_similarity_movers,mean_destination_similarity_movers,meso_district_destination_similarity_std,mean_destination_similarity_movers,meso_district_destination_similarity_std,destination_preference,minus,micro,True,True,True,True,supported,supported,direct_root,0,0,37,37.0,1,0.2096451045938281,36.0,True,False,0.2660373976867192,0.2660373976867192,0.3948835471921246,
primary_discovery,schelling,trajectory_vote,macro_outcome_macro_global_spatial_neighbor_similarity,mean_destination_similarity_movers,mean_destination_similarity_movers,meso_district_destination_similarity_std,mean_destination_similarity_movers,meso_district_destination_similarity_std,destination_preference,plus,micro,False,False,False,False,manipulation_failure,manipulation_failure,direct_root,-1,-1,-1,,1,0.2096451045938281,,True,,-0.0384399855283769,-0.0384399855283769,-0.063951601480493,
primary_discovery,schelling,trajectory_vote,macro_outcome_macro_global_unhappy_fraction,mean_destination_similarity_movers,mean_destination_similarity_movers,meso_district_destination_similarity_std,mean_destination_similarity_movers,meso_district_destination_similarity_std,destination_preference,minus,micro,True,True,True,True,supported,supported,direct_root,0,0,37,37.0,1,0.2096451045938281,36.0,True,False,0.2660373976867192,0.2660373976867192,0.3948835471921246,
primary_discovery,schelling,trajectory_vote,macro_outcome_macro_global_unhappy_fraction,mean_destination_similarity_movers,mean_destination_similarity_movers,meso_district_destination_similarity_std,mean_destination_similarity_movers,meso_district_destination_similarity_std,destination_preference,plus,micro,False,False,False,False,manipulation_failure,manipulation_failure,direct_root,-1,-1,-1,,1,0.2096451045938281,,True,,-0.0384399855283769,-0.0384399855283769,-0.063951601480493,
primary_discovery,schelling,trajectory_vote,macro_outcome_macro_global_connected_components,mean_destination_similarity_movers,mean_destination_similarity_movers,meso_district_group_entropy_mean,mean_destination_similarity_movers,meso_district_group_entropy_mean,destination_preference,minus,micro,True,True,False,True,no_stable_downstream_effect,no_stable_downstream_effect,direct_root,0,0,7,7.0,1,-0.0204130563107278,6.0,False,False,0.2660373976867192,0.2660373976867192,0.2486157230098173,
primary_discovery,schelling,trajectory_vote,macro_outcome_macro_global_connected_components,mean_destination_similarity_movers,mean_destination_similarity_movers,meso_district_group_entropy_mean,mean_destination_similarity_movers,meso_district_group_entropy_mean,destination_preference,plus,micro,False,False,False,False,manipulation_failure,manipulation_failure,direct_root,-1,-1,-1,,1,-0.0204130563107278,,True,,-0.0384399855283769,-0.0384399855283769,0.0854603600542708,
primary_discovery,schelling,trajectory_vote,macro_outcome_macro_global_connected_components,moved_fraction,meso_district_boundary_fraction_std,macro_global_connected_components,meso_district_boundary_fraction_std,macro_global_connected_components,move_probability,minus,micro,True,False,True,True,no_stable_downstream_effect,no_stable_downstream_effect,upstream_mediated,0,1,1,0.0,3,-0.0192694160708046,-3.0,True,False,0.3084241721235077,-0.0449603430395152,1.1998703053374755,
primary_discovery,schelling,trajectory_vote,macro_outcome_macro_global_connected_components,moved_fraction,meso_district_boundary_fraction_std,macro_global_connected_components,meso_district_boundary_fraction_std,macro_global_connected_components,move_probability,plus,micro,True,False,True,True,no_stable_downstream_effect,no_stable_downstream_effect,upstream_mediated,0,1,1,0.0,3,-0.0192694160708046,-3.0,True,False,-0.2787196878892839,0.0311126477000535,-0.3342719433422125,
primary_discovery,schelling,trajectory_vote,macro_outcome_macro_global_spatial_neighbor_similarity,unhappy_fraction,meso_district_boundary_fraction_std,macro_global_spatial_neighbor_similarity,meso_district_boundary_fraction_std,macro_global_spatial_neighbor_similarity,tolerance,minus,micro,True,False,True,False,no_stable_downstream_effect,no_stable_downstream_effect,upstream_mediated,0,3,1,-2.0,2,-0.0116174260862897,-4.0,True,False,-0.2378518138150472,0.4089136124012554,-3.340027328067182,
primary_discovery,schelling,trajectory_vote,macro_outcome_macro_global_spatial_neighbor_similarity,unhappy_fraction,meso_district_boundary_fraction_std,macro_global_spatial_neighbor_similarity,meso_district_boundary_fraction_std,macro_global_spatial_neighbor_similarity,tolerance,plus,micro,True,True,True,False,inconclusive,inconclusive,upstream_mediated,0,35,2,-33.0,2,-0.0116174260862897,-35.0,True,False,0.6810788178937784,-1.2240413481341144,1.1557030527038552,
primary_discovery,schelling,trajectory_vote,macro_outcome_macro_global_unhappy_fraction,mean_destination_similarity_movers,meso_district_boundary_fraction_std,macro_global_unhappy_fraction,meso_district_boundary_fraction_std,macro_global_unhappy_fraction,destination_preference,minus,micro,True,False,True,True,no_stable_downstream_effect,no_stable_downstream_effect,upstream_mediated,0,1,1,0.0,2,-0.003859461888625,-2.0,False,True,0.2660373976867192,0.208870944357788,0.7223266216165585,
primary_discovery,schelling,trajectory_vote,macro_outcome_macro_global_unhappy_fraction,mean_destination_similarity_movers,meso_district_boundary_fraction_std,macro_global_unhappy_fraction,meso_district_boundary_fraction_std,macro_global_unhappy_fraction,destination_preference,plus,micro,False,False,False,False,manipulation_failure,manipulation_failure,upstream_mediated,-1,-1,1,,2,-0.003859461888625,,False,,-0.0384399855283769,-0.068882943874273,-0.1114504692614298,
primary_discovery,schelling,trajectory_vote,macro_outcome_macro_global_connected_components,unhappy_fraction,meso_district_destination_similarity_std,macro_global_connected_components,meso_district_destination_similarity_std,macro_global_connected_components,tolerance,minus,micro,True,True,True,True,supported,supported,upstream_mediated,0,0,2,2.0,1,-0.0676234052433624,1.0,True,True,-0.2378518138150472,-0.1867116688180088,1.7000771125404406,
primary_discovery,schelling,trajectory_vote,macro_outcome_macro_global_connected_components,unhappy_fraction,meso_district_destination_similarity_std,macro_global_connected_components,meso_district_destination_similarity_std,macro_global_connected_components,tolerance,plus,micro,True,True,False,True,no_stable_downstream_effect,no_stable_downstream_effect,upstream_mediated,0,0,76,76.0,1,-0.0676234052433624,75.0,True,False,0.6810788178937784,0.4677365061048846,-0.1439145540042583,
primary_discovery,schelling,trajectory_vote,macro_outcome_macro_global_spatial_neighbor_similarity,mean_destination_similarity_movers,meso_district_destination_similarity_std,macro_global_spatial_neighbor_similarity,meso_district_destination_similarity_std,macro_global_spatial_neighbor_similarity,destination_preference,minus,micro,True,True,True,False,inconclusive,inconclusive,upstream_mediated,0,37,1,-36.0,1,0.0631798894216904,-37.0,False,False,0.2660373976867192,0.3948835471921246,-0.7595975906009652,
primary_discovery,schelling,trajectory_vote,macro_outcome_macro_global_spatial_neighbor_similarity,mean_destination_similarity_movers,meso_district_destination_similarity_std,macro_global_spatial_neighbor_similarity,meso_district_destination_similarity_std,macro_global_spatial_neighbor_similarity,destination_preference,plus,micro,False,False,False,False,manipulation_failure,manipulation_failure,upstream_mediated,-1,-1,1,,1,0.0631798894216904,,False,,-0.0384399855283769,-0.063951601480493,0.1125361554044092,
primary_discovery,schelling,trajectory_vote,macro_outcome_macro_global_spatial_neighbor_similarity,moved_fraction,meso_district_destination_similarity_std,macro_global_spatial_neighbor_similarity,meso_district_destination_similarity_std,macro_global_spatial_neighbor_similarity,move_probability,minus,micro,True,True,True,True,supported,supported,upstream_mediated,0,0,1,1.0,1,0.0631798894216904,0.0,False,True,0.3084241721235077,0.4006009736523353,-1.1559107811903222,
primary_discovery,schelling,trajectory_vote,macro_outcome_macro_global_spatial_neighbor_similarity,moved_fraction,meso_district_destination_similarity_std,macro_global_spatial_neighbor_similarity,meso_district_destination_similarity_std,macro_global_spatial_neighbor_similarity,move_probability,plus,micro,True,True,True,True,supported,supported,upstream_mediated,0,0,1,1.0,1,0.0631798894216904,0.0,False,True,-0.2787196878892839,-0.3142791379912554,0.4482393507792006,
primary_discovery,schelling,trajectory_vote,macro_outcome_macro_global_unhappy_fraction,mean_destination_similarity_movers,meso_district_destination_similarity_std,macro_global_unhappy_fraction,meso_district_destination_similarity_std,macro_global_unhappy_fraction,destination_preference,minus,micro,True,True,True,False,inconclusive,inconclusive,upstream_mediated,0,37,1,-36.0,1,-0.0342369471915861,-37.0,False,False,0.2660373976867192,0.3948835471921246,0.7223266216165585,
primary_discovery,schelling,trajectory_vote,macro_outcome_macro_global_unhappy_fraction,mean_destination_similarity_movers,meso_district_destination_similarity_std,macro_global_unhappy_fraction,meso_district_destination_similarity_std,macro_global_unhappy_fraction,destination_preference,plus,micro,False,False,False,False,manipulation_failure,manipulation_failure,upstream_mediated,-1,-1,1,,1,-0.0342369471915861,,False,,-0.0384399855283769,-0.063951601480493,-0.1114504692614298,
primary_discovery,schelling,trajectory_vote,macro_outcome_macro_global_connected_components,mean_destination_similarity_movers,meso_district_group_entropy_mean,macro_global_connected_components,meso_district_group_entropy_mean,macro_global_connected_components,destination_preference,minus,micro,True,False,True,False,no_stable_downstream_effect,no_stable_downstream_effect,upstream_mediated,0,7,1,-6.0,5,0.1386624169449755,-11.0,True,False,0.2660373976867192,0.2486157230098173,0.684777040727394,
primary_discovery,schelling,trajectory_vote,macro_outcome_macro_global_connected_components,mean_destination_similarity_movers,meso_district_group_entropy_mean,macro_global_connected_components,meso_district_group_entropy_mean,macro_global_connected_components,destination_preference,plus,micro,False,False,False,False,manipulation_failure,manipulation_failure,upstream_mediated,-1,-1,4,,5,0.1386624169449755,,False,,-0.0384399855283769,0.0854603600542708,-0.047935120795045,
primary_discovery,schelling,trajectory_vote,macro_outcome_macro_global_connected_components,unhappy_fraction,meso_district_group_entropy_mean,macro_global_connected_components,meso_district_group_entropy_mean,macro_global_connected_components,tolerance,minus,micro,True,True,True,False,inconclusive,inconclusive,upstream_mediated,0,6,2,-4.0,5,0.1386624169449755,-9.0,True,False,-0.2378518138150472,0.9600569805696164,1.7000771125404406,
primary_discovery,schelling,trajectory_vote,macro_outcome_macro_global_connected_components,unhappy_fraction,meso_district_group_entropy_mean,macro_global_connected_components,meso_district_group_entropy_mean,macro_global_connected_components,tolerance,plus,micro,True,False,False,False,no_stable_downstream_effect,no_stable_downstream_effect,upstream_mediated,0,-1,76,,5,0.1386624169449755,,True,,0.6810788178937784,-0.257047013783002,-0.1439145540042583,
primary_discovery,schelling,trajectory_vote,macro_outcome_macro_global_connected_components,mean_destination_similarity_movers,meso_district_move_distance_std,macro_global_connected_components,meso_district_move_distance_std,macro_global_connected_components,destination_preference,minus,micro,True,True,True,False,inconclusive,inconclusive,upstream_mediated,0,11,1,-10.0,2,0.016946798483043,-12.0,True,False,0.2660373976867192,0.5645883599485648,0.684777040727394,
primary_discovery,schelling,trajectory_vote,macro_outcome_macro_global_connected_components,mean_destination_similarity_movers,meso_district_move_distance_std,macro_global_connected_components,meso_district_move_distance_std,macro_global_connected_components,destination_preference,plus,micro,False,False,False,False,manipulation_failure,manipulation_failure,upstream_mediated,-1,-1,4,,2,0.016946798483043,,True,,-0.0384399855283769,-0.0903291013387437,-0.047935120795045,
primary_discovery,schelling,trajectory_vote,macro_outcome_macro_global_moved_fraction,relocation_response_fraction,meso_district_move_fraction_std,macro_global_moved_fraction,meso_district_move_fraction_std,macro_global_moved_fraction,move_probability,minus,micro,False,True,True,True,manipulation_failure,manipulation_failure,upstream_mediated,0,0,0,0.0,2,0.1442381046425362,-2.0,True,True,-0.0546564199460463,0.4231921988102642,0.3084241721235077,
primary_discovery,schelling,trajectory_vote,macro_outcome_macro_global_moved_fraction,relocation_response_fraction,meso_district_move_fraction_std,macro_global_moved_fraction,meso_district_move_fraction_std,macro_global_moved_fraction,move_probability,plus,micro,False,True,True,True,manipulation_failure,manipulation_failure,upstream_mediated,0,0,0,0.0,2,0.1442381046425362,-2.0,True,True,-0.0556050592811951,-0.3189939138418262,-0.2787196878892839,
primary_discovery,schelling,trajectory_vote,macro_outcome_macro_global_moved_fraction,unhappy_fraction,meso_district_move_fraction_std,macro_global_moved_fraction,meso_district_move_fraction_std,macro_global_moved_fraction,tolerance,minus,micro,True,True,True,True,supported,supported,upstream_mediated,0,0,0,0.0,2,0.1442381046425362,-2.0,True,True,-0.2378518138150472,-0.2094093064753491,-0.2113304102235822,
primary_discovery,schelling,trajectory_vote,macro_outcome_macro_global_moved_fraction,unhappy_fraction,meso_district_move_fraction_std,macro_global_moved_fraction,meso_district_move_fraction_std,macro_global_moved_fraction,tolerance,plus,micro,True,True,True,True,supported,supported,upstream_mediated,0,0,0,0.0,2,0.1442381046425362,-2.0,True,True,0.6810788178937784,0.5241375378923637,0.5992621073123257,
primary_discovery,schelling,trajectory_vote,macro_outcome_macro_global_spatial_neighbor_similarity,unhappy_fraction,meso_district_move_fraction_std,macro_global_spatial_neighbor_similarity,meso_district_move_fraction_std,macro_global_spatial_neighbor_similarity,tolerance,minus,micro,True,True,True,True,supported,supported,upstream_mediated,0,0,1,1.0,1,-0.0629340906888576,0.0,False,True,-0.2378518138150472,-0.2094093064753491,-3.340027328067182,
primary_discovery,schelling,trajectory_vote,macro_outcome_macro_global_spatial_neighbor_similarity,unhappy_fraction,meso_district_move_fraction_std,macro_global_spatial_neighbor_similarity,meso_district_move_fraction_std,macro_global_spatial_neighbor_similarity,tolerance,plus,micro,True,True,True,True,supported,supported,upstream_mediated,0,0,2,2.0,1,-0.0629340906888576,1.0,False,True,0.6810788178937784,0.5241375378923637,1.1557030527038552,
primary_discovery,schelling,trajectory_vote,macro_outcome_macro_global_unhappy_fraction,moved_fraction,meso_district_neighbour_count_std,macro_global_unhappy_fraction,meso_district_neighbour_count_std,macro_global_unhappy_fraction,move_probability,minus,micro,True,False,True,False,no_stable_downstream_effect,no_stable_downstream_effect,upstream_mediated,0,-1,1,,2,-0.0008539713325231,,True,,0.3084241721235077,-0.1922588241183484,1.1792087584621544,
primary_discovery,schelling,trajectory_vote,macro_outcome_macro_global_unhappy_fraction,moved_fraction,meso_district_neighbour_count_std,macro_global_unhappy_fraction,meso_district_neighbour_count_std,macro_global_unhappy_fraction,move_probability,plus,micro,True,False,True,False,no_stable_downstream_effect,no_stable_downstream_effect,upstream_mediated,0,-1,1,,2,-0.0008539713325231,,True,,-0.2787196878892839,0.0169405544069148,-0.4198371902882867,
primary_discovery,schelling,trajectory_vote,macro_outcome_macro_global_connected_components,unhappy_fraction,meso_district_unhappy_fraction_std,macro_global_connected_components,meso_district_unhappy_fraction_std,macro_global_connected_components,tolerance,minus,micro,True,True,True,True,supported,supported,upstream_mediated,0,0,2,2.0,5,-0.0395734320616483,-3.0,True,False,-0.2378518138150472,-0.2701468409811486,1.7000771125404406,
primary_discovery,schelling,trajectory_vote,macro_outcome_macro_global_connected_components,unhappy_fraction,meso_district_unhappy_fraction_std,macro_global_connected_components,meso_district_unhappy_fraction_std,macro_global_connected_components,tolerance,plus,micro,True,True,False,True,no_stable_downstream_effect,no_stable_downstream_effect,upstream_mediated,0,2,76,74.0,5,-0.0395734320616483,69.0,True,False,0.6810788178937784,0.820703867837433,-0.1439145540042583,
primary_discovery,schelling,trajectory_vote,macro_outcome_macro_global_unhappy_fraction,relocation_response_fraction,meso_district_unhappy_fraction_std,macro_global_unhappy_fraction,meso_district_unhappy_fraction_std,macro_global_unhappy_fraction,move_probability,minus,micro,False,True,True,False,manipulation_failure,manipulation_failure,upstream_mediated,0,15,1,-14.0,3,0.0185051408428154,-17.0,True,False,-0.0546564199460463,1.0294166904980138,1.1792087584621544,
primary_discovery,schelling,trajectory_vote,macro_outcome_macro_global_unhappy_fraction,relocation_response_fraction,meso_district_unhappy_fraction_std,macro_global_unhappy_fraction,meso_district_unhappy_fraction_std,macro_global_unhappy_fraction,move_probability,plus,micro,False,True,True,False,manipulation_failure,manipulation_failure,upstream_mediated,0,3,1,-2.0,3,0.0185051408428154,-5.0,True,False,-0.0556050592811951,-0.5426825555518751,-0.4198371902882867,
primary_discovery,schelling,trajectory_vote,macro_outcome_macro_global_connected_components,moved_fraction,moved_fraction,meso_district_boundary_fraction_std,moved_fraction,meso_district_boundary_fraction_std,move_probability,minus,micro,True,True,False,True,no_stable_downstream_effect,no_stable_downstream_effect,direct_root,0,0,1,1.0,3,0.1597320425213011,-2.0,False,True,0.3084241721235077,0.3084241721235077,-0.0449603430395152,
primary_discovery,schelling,trajectory_vote,macro_outcome_macro_global_connected_components,moved_fraction,moved_fraction,meso_district_boundary_fraction_std,moved_fraction,meso_district_boundary_fraction_std,move_probability,plus,micro,True,True,False,True,no_stable_downstream_effect,no_stable_downstream_effect,direct_root,0,0,1,1.0,3,0.1597320425213011,-2.0,False,True,-0.2787196878892839,-0.2787196878892839,0.0311126477000535,
primary_discovery,schelling,trajectory_vote,macro_outcome_macro_global_spatial_neighbor_similarity,moved_fraction,moved_fraction,meso_district_destination_similarity_std,moved_fraction,meso_district_destination_similarity_std,move_probability,minus,micro,True,True,True,True,supported,supported,direct_root,0,0,0,0.0,4,-0.4270147231683777,-4.0,False,False,0.3084241721235077,0.3084241721235077,0.4006009736523353,
primary_discovery,schelling,trajectory_vote,macro_outcome_macro_global_spatial_neighbor_similarity,moved_fraction,moved_fraction,meso_district_destination_similarity_std,moved_fraction,meso_district_destination_similarity_std,move_probability,plus,micro,True,True,True,True,supported,supported,direct_root,0,0,0,0.0,4,-0.4270147231683777,-4.0,False,False,-0.2787196878892839,-0.2787196878892839,-0.3142791379912554,
primary_discovery,schelling,trajectory_vote,macro_outcome_macro_global_unhappy_fraction,moved_fraction,moved_fraction,meso_district_neighbour_count_std,moved_fraction,meso_district_neighbour_count_std,move_probability,minus,micro,True,True,False,False,no_stable_downstream_effect,no_stable_downstream_effect,direct_root,0,0,-1,,4,-0.1797000874556773,,True,,0.3084241721235077,0.3084241721235077,-0.1922588241183484,
primary_discovery,schelling,trajectory_vote,macro_outcome_macro_global_unhappy_fraction,moved_fraction,moved_fraction,meso_district_neighbour_count_std,moved_fraction,meso_district_neighbour_count_std,move_probability,plus,micro,True,True,False,False,no_stable_downstream_effect,no_stable_downstream_effect,direct_root,0,0,-1,,4,-0.1797000874556773,,True,,-0.2787196878892839,-0.2787196878892839,0.0169405544069148,
primary_discovery,schelling,trajectory_vote,macro_outcome_macro_global_spatial_neighbor_similarity,unhappy_fraction,unhappy_fraction,meso_district_boundary_fraction_std,unhappy_fraction,meso_district_boundary_fraction_std,tolerance,minus,micro,True,True,False,True,no_stable_downstream_effect,no_stable_downstream_effect,direct_root,0,0,3,3.0,1,-0.0063205187523329,2.0,True,True,-0.2378518138150472,-0.2378518138150472,0.4089136124012554,
primary_discovery,schelling,trajectory_vote,macro_outcome_macro_global_spatial_neighbor_similarity,unhappy_fraction,unhappy_fraction,meso_district_boundary_fraction_std,unhappy_fraction,meso_district_boundary_fraction_std,tolerance,plus,micro,True,True,True,True,supported,supported,direct_root,0,0,35,35.0,1,-0.0063205187523329,34.0,True,False,0.6810788178937784,0.6810788178937784,-1.2240413481341144,
primary_discovery,schelling,trajectory_vote,macro_outcome_macro_global_connected_components,unhappy_fraction,unhappy_fraction,meso_district_destination_similarity_std,unhappy_fraction,meso_district_destination_similarity_std,tolerance,minus,micro,True,True,True,True,supported,supported,direct_root,0,0,0,0.0,1,3.202065726850852,-1.0,True,True,-0.2378518138150472,-0.2378518138150472,-0.1867116688180088,
primary_discovery,schelling,trajectory_vote,macro_outcome_macro_global_connected_components,unhappy_fraction,unhappy_fraction,meso_district_destination_similarity_std,unhappy_fraction,meso_district_destination_similarity_std,tolerance,plus,micro,True,True,True,True,supported,supported,direct_root,0,0,0,0.0,1,3.202065726850852,-1.0,True,True,0.6810788178937784,0.6810788178937784,0.4677365061048846,
primary_discovery,schelling,trajectory_vote,macro_outcome_macro_global_connected_components,unhappy_fraction,unhappy_fraction,meso_district_group_entropy_mean,unhappy_fraction,meso_district_group_entropy_mean,tolerance,minus,micro,True,True,True,True,supported,supported,direct_root,0,0,6,6.0,1,0.0539041772756517,5.0,False,False,-0.2378518138150472,-0.2378518138150472,0.9600569805696164,
primary_discovery,schelling,trajectory_vote,macro_outcome_macro_global_connected_components,unhappy_fraction,unhappy_fraction,meso_district_group_entropy_mean,unhappy_fraction,meso_district_group_entropy_mean,tolerance,plus,micro,True,True,False,False,no_stable_downstream_effect,no_stable_downstream_effect,direct_root,0,0,-1,,1,0.0539041772756517,,False,,0.6810788178937784,0.6810788178937784,-0.257047013783002,
primary_discovery,schelling,trajectory_vote,macro_outcome_macro_global_moved_fraction,unhappy_fraction,unhappy_fraction,meso_district_move_fraction_std,unhappy_fraction,meso_district_move_fraction_std,tolerance,minus,micro,True,True,True,True,supported,supported,direct_root,0,0,0,0.0,1,3.88235227205074,-1.0,True,True,-0.2378518138150472,-0.2378518138150472,-0.2094093064753491,
primary_discovery,schelling,trajectory_vote,macro_outcome_macro_global_moved_fraction,unhappy_fraction,unhappy_fraction,meso_district_move_fraction_std,unhappy_fraction,meso_district_move_fraction_std,tolerance,plus,micro,True,True,True,True,supported,supported,direct_root,0,0,0,0.0,1,3.88235227205074,-1.0,True,True,0.6810788178937784,0.6810788178937784,0.5241375378923637,
primary_discovery,schelling,trajectory_vote,macro_outcome_macro_global_spatial_neighbor_similarity,unhappy_fraction,unhappy_fraction,meso_district_move_fraction_std,unhappy_fraction,meso_district_move_fraction_std,tolerance,minus,micro,True,True,True,True,supported,supported,direct_root,0,0,0,0.0,1,3.88235227205074,-1.0,True,True,-0.2378518138150472,-0.2378518138150472,-0.2094093064753491,
primary_discovery,schelling,trajectory_vote,macro_outcome_macro_global_spatial_neighbor_similarity,unhappy_fraction,unhappy_fraction,meso_district_move_fraction_std,unhappy_fraction,meso_district_move_fraction_std,tolerance,plus,micro,True,True,True,True,supported,supported,direct_root,0,0,0,0.0,1,3.88235227205074,-1.0,True,True,0.6810788178937784,0.6810788178937784,0.5241375378923637,
primary_discovery,schelling,trajectory_vote,macro_outcome_macro_global_connected_components,unhappy_fraction,unhappy_fraction,meso_district_unhappy_fraction_std,unhappy_fraction,meso_district_unhappy_fraction_std,tolerance,minus,micro,True,True,True,True,supported,supported,direct_root,0,0,0,0.0,1,0.6842846373397189,-1.0,True,True,-0.2378518138150472,-0.2378518138150472,-0.2701468409811486,
primary_discovery,schelling,trajectory_vote,macro_outcome_macro_global_connected_components,unhappy_fraction,unhappy_fraction,meso_district_unhappy_fraction_std,unhappy_fraction,meso_district_unhappy_fraction_std,tolerance,plus,micro,True,True,True,True,supported,supported,direct_root,0,0,2,2.0,1,0.6842846373397189,1.0,True,True,0.6810788178937784,0.6810788178937784,0.820703867837433,
