scenario,evaluation_track,method,hypothesis_group_id,source,target,edge_class,attempt_count,applicable_attempt_count,supported_attempt_count,contradiction_attempt_count
deffuant,primary_discovery,full_method,macro_outcome_macro_network_assortativity,meso_neighborhood_abs_opinion_variance,macro_network_assortativity,supported,2,2,2,0
deffuant,primary_discovery,full_method,macro_outcome_macro_network_assortativity,meso_neighborhood_interaction_distance_std,macro_network_assortativity,no_stable_downstream_effect,4,4,0,0
deffuant,primary_discovery,full_method,macro_outcome_macro_network_assortativity,micro_accepted_fraction,meso_neighborhood_abs_opinion_variance,supported,2,2,2,0
deffuant,primary_discovery,full_method,macro_outcome_macro_network_assortativity,micro_backfire_fraction,meso_neighborhood_abs_opinion_std,no_stable_downstream_effect,2,2,0,0
deffuant,primary_discovery,full_method,macro_outcome_macro_network_assortativity,micro_mean_abs_agent_shift,meso_neighborhood_interaction_distance_std,no_stable_downstream_effect,2,2,0,0
deffuant,primary_discovery,full_method,macro_outcome_macro_network_largest_component_fraction,micro_mean_abs_agent_shift,meso_neighborhood_abs_opinion_variance,supported,2,2,1,0
deffuant,primary_discovery,full_method,macro_outcome_macro_opinion_global_mean,meso_neighborhood_agent_shift_std,macro_opinion_global_mean,no_stable_downstream_effect,4,4,0,0
deffuant,primary_discovery,full_method,macro_outcome_macro_opinion_global_mean,micro_accepted_fraction,meso_neighborhood_abs_opinion_std,supported,2,2,2,0
deffuant,primary_discovery,full_method,macro_outcome_macro_opinion_global_mean,micro_backfire_fraction,meso_neighborhood_agent_shift_std,no_stable_downstream_effect,2,2,0,0
deffuant,primary_discovery,full_method,macro_outcome_macro_opinion_global_mean,micro_mean_abs_agent_shift,meso_neighborhood_abs_opinion_std,supported,2,2,1,0
deffuant,primary_discovery,full_method,macro_outcome_macro_opinion_global_variance,meso_neighborhood_opinion_std,macro_opinion_global_variance,supported,6,6,1,0
deffuant,primary_discovery,full_method,macro_outcome_macro_opinion_global_variance,meso_neighborhood_opinion_variance,macro_opinion_global_variance,supported,6,6,3,0
deffuant,primary_discovery,full_method,macro_outcome_macro_opinion_global_variance,micro_accepted_fraction,meso_neighborhood_opinion_std,supported,2,2,2,0
deffuant,primary_discovery,full_method,macro_outcome_macro_opinion_global_variance,micro_accepted_fraction,meso_neighborhood_opinion_variance,supported,2,2,2,0
deffuant,primary_discovery,full_method,macro_outcome_macro_opinion_global_variance,micro_mean_abs_agent_shift,meso_neighborhood_opinion_std,no_stable_downstream_effect,2,2,0,0
deffuant,primary_discovery,full_method,macro_outcome_macro_opinion_global_variance,micro_mean_abs_agent_shift,meso_neighborhood_opinion_variance,no_stable_downstream_effect,2,2,0,0
deffuant,primary_discovery,single_trajectory,macro_outcome_macro_network_assortativity,meso_neighborhood_interaction_distance_std,macro_network_assortativity,no_stable_downstream_effect,4,4,0,0
deffuant,primary_discovery,single_trajectory,macro_outcome_macro_network_assortativity,micro_accepted_fraction,meso_neighborhood_abs_opinion_variance,supported,2,2,2,0
deffuant,primary_discovery,single_trajectory,macro_outcome_macro_network_assortativity,micro_backfire_fraction,meso_neighborhood_abs_opinion_std,no_stable_downstream_effect,2,2,0,0
deffuant,primary_discovery,single_trajectory,macro_outcome_macro_network_largest_component_fraction,micro_backfire_fraction,meso_neighborhood_interaction_distance_variance,supported,2,2,1,0
deffuant,primary_discovery,single_trajectory,macro_outcome_macro_network_largest_component_fraction,micro_mean_abs_agent_shift,meso_neighborhood_abs_opinion_variance,supported,2,2,1,0
deffuant,primary_discovery,single_trajectory,macro_outcome_macro_opinion_global_mean,meso_neighborhood_agent_shift_std,macro_opinion_global_mean,no_stable_downstream_effect,4,4,0,0
deffuant,primary_discovery,single_trajectory,macro_outcome_macro_opinion_global_mean,micro_backfire_fraction,meso_neighborhood_agent_shift_std,no_stable_downstream_effect,2,2,0,0
deffuant,primary_discovery,single_trajectory,macro_outcome_macro_opinion_global_mean,micro_mean_abs_agent_shift,meso_neighborhood_abs_opinion_std,supported,2,2,1,0
deffuant,primary_discovery,single_trajectory,macro_outcome_macro_opinion_global_mean,micro_mean_abs_agent_shift,meso_neighborhood_agent_shift_std,supported,2,2,1,0
deffuant,primary_discovery,trajectory_vote,macro_outcome_macro_network_assortativity,micro_accepted_fraction,meso_neighborhood_abs_opinion_variance,supported,2,2,2,0
deffuant,primary_discovery,trajectory_vote,macro_outcome_macro_network_assortativity,micro_backfire_fraction,meso_neighborhood_abs_opinion_std,no_stable_downstream_effect,2,2,0,0
deffuant,primary_discovery,trajectory_vote,macro_outcome_macro_network_largest_component_fraction,micro_mean_abs_agent_shift,meso_neighborhood_abs_opinion_variance,supported,2,2,1,0
deffuant,primary_discovery,trajectory_vote,macro_outcome_macro_opinion_global_mean,meso_neighborhood_agent_shift_std,macro_opinion_global_mean,no_stable_downstream_effect,4,4,0,0
deffuant,primary_discovery,trajectory_vote,macro_outcome_macro_opinion_global_mean,micro_accepted_fraction,meso_neighborhood_abs_opinion_std,supported,2,2,2,0
deffuant,primary_discovery,trajectory_vote,macro_outcome_macro_opinion_global_mean,micro_backfire_fraction,meso_neighborhood_agent_shift_std,no_stable_downstream_effect,2,2,0,0
deffuant,primary_discovery,trajectory_vote,macro_outcome_macro_opinion_global_mean,micro_mean_abs_agent_shift,meso_neighborhood_agent_shift_std,supported,2,2,1,0
deffuant,primary_discovery,unrestricted_temporal_search,unrestricted,macro_network_assortativity,macro_opinion_global_mean,not_applicable,1,0,0,0
deffuant,primary_discovery,unrestricted_temporal_search,unrestricted,macro_network_assortativity,meso_neighborhood_abs_opinion_variance,not_applicable,1,0,0,0
deffuant,primary_discovery,unrestricted_temporal_search,unrestricted,macro_network_assortativity,meso_neighborhood_agent_shift_variance,not_applicable,1,0,0,0
deffuant,primary_discovery,unrestricted_temporal_search,unrestricted,macro_network_assortativity,micro_accepted_count,not_applicable,1,0,0,0
deffuant,primary_discovery,unrestricted_temporal_search,unrestricted,macro_network_assortativity,micro_accepted_fraction,not_applicable,1,0,0,0
deffuant,primary_discovery,unrestricted_temporal_search,unrestricted,macro_network_assortativity,micro_agent_shift_std,not_applicable,1,0,0,0
deffuant,primary_discovery,unrestricted_temporal_search,unrestricted,macro_network_assortativity,micro_backfire_fraction,not_applicable,1,0,0,0
deffuant,primary_discovery,unrestricted_temporal_search,unrestricted,macro_network_assortativity,micro_extreme_agent_fraction,not_applicable,1,0,0,0
deffuant,primary_discovery,unrestricted_temporal_search,unrestricted,macro_network_assortativity,micro_opinion_p25,not_applicable,1,0,0,0
deffuant,primary_discovery,unrestricted_temporal_search,unrestricted,macro_network_assortativity,micro_opinion_std,not_applicable,1,0,0,0
deffuant,primary_discovery,unrestricted_temporal_search,unrestricted,macro_network_assortativity,micro_rejected_fraction,not_applicable,1,0,0,0
deffuant,primary_discovery,unrestricted_temporal_search,unrestricted,macro_network_assortativity,micro_sign_flip_fraction,not_applicable,1,0,0,0
deffuant,primary_discovery,unrestricted_temporal_search,unrestricted,macro_opinion_global_mean,meso_neighborhood_abs_opinion_std,not_applicable,1,0,0,0
deffuant,primary_discovery,unrestricted_temporal_search,unrestricted,macro_opinion_global_mean,meso_neighborhood_abs_opinion_variance,not_applicable,1,0,0,0
deffuant,primary_discovery,unrestricted_temporal_search,unrestricted,macro_opinion_global_mean,micro_accepted_count,not_applicable,1,0,0,0
deffuant,primary_discovery,unrestricted_temporal_search,unrestricted,macro_opinion_global_mean,micro_accepted_fraction,not_applicable,1,0,0,0
deffuant,primary_discovery,unrestricted_temporal_search,unrestricted,macro_opinion_global_mean,micro_edge_rewired_count,not_applicable,1,0,0,0
deffuant,primary_discovery,unrestricted_temporal_search,unrestricted,macro_opinion_global_mean,micro_mean_interaction_distance,not_applicable,1,0,0,0
deffuant,primary_discovery,unrestricted_temporal_search,unrestricted,macro_opinion_global_mean,micro_opinion_p25,not_applicable,1,0,0,0
deffuant,primary_discovery,unrestricted_temporal_search,unrestricted,macro_opinion_global_mean,micro_rejected_fraction,not_applicable,1,0,0,0
deffuant,primary_discovery,unrestricted_temporal_search,unrestricted,macro_opinion_global_mean,micro_rewiring_fraction,not_applicable,1,0,0,0
deffuant,primary_discovery,unrestricted_temporal_search,unrestricted,macro_opinion_global_variance,micro_accepted_count,not_applicable,1,0,0,0
deffuant,primary_discovery,unrestricted_temporal_search,unrestricted,macro_opinion_global_variance,micro_accepted_fraction,not_applicable,1,0,0,0
deffuant,primary_discovery,unrestricted_temporal_search,unrestricted,macro_opinion_global_variance,micro_mean_interaction_distance,not_applicable,1,0,0,0
deffuant,primary_discovery,unrestricted_temporal_search,unrestricted,meso_neighborhood_abs_opinion_std,meso_neighborhood_agent_shift_std,not_applicable,1,0,0,0
deffuant,primary_discovery,unrestricted_temporal_search,unrestricted,meso_neighborhood_abs_opinion_std,meso_neighborhood_agent_shift_variance,not_applicable,1,0,0,0
deffuant,primary_discovery,unrestricted_temporal_search,unrestricted,meso_neighborhood_abs_opinion_std,micro_accepted_count,not_applicable,1,0,0,0
deffuant,primary_discovery,unrestricted_temporal_search,unrestricted,meso_neighborhood_abs_opinion_std,micro_accepted_fraction,not_applicable,1,0,0,0
deffuant,primary_discovery,unrestricted_temporal_search,unrestricted,meso_neighborhood_abs_opinion_std,micro_agent_shift_std,not_applicable,1,0,0,0
deffuant,primary_discovery,unrestricted_temporal_search,unrestricted,meso_neighborhood_abs_opinion_std,micro_mean_abs_agent_shift,not_applicable,1,0,0,0
deffuant,primary_discovery,unrestricted_temporal_search,unrestricted,meso_neighborhood_abs_opinion_std,micro_mean_interaction_distance,not_applicable,1,0,0,0
deffuant,primary_discovery,unrestricted_temporal_search,unrestricted,meso_neighborhood_abs_opinion_std,micro_rejected_fraction,not_applicable,1,0,0,0
deffuant,primary_discovery,unrestricted_temporal_search,unrestricted,meso_neighborhood_abs_opinion_variance,meso_neighborhood_agent_shift_std,not_applicable,1,0,0,0
deffuant,primary_discovery,unrestricted_temporal_search,unrestricted,meso_neighborhood_abs_opinion_variance,micro_accepted_count,not_applicable,1,0,0,0
deffuant,primary_discovery,unrestricted_temporal_search,unrestricted,meso_neighborhood_abs_opinion_variance,micro_accepted_fraction,not_applicable,1,0,0,0
deffuant,primary_discovery,unrestricted_temporal_search,unrestricted,meso_neighborhood_abs_opinion_variance,micro_agent_shift_std,not_applicable,1,0,0,0
deffuant,primary_discovery,unrestricted_temporal_search,unrestricted,meso_neighborhood_abs_opinion_variance,micro_mean_abs_agent_shift,not_applicable,1,0,0,0
deffuant,primary_discovery,unrestricted_temporal_search,unrestricted,meso_neighborhood_abs_opinion_variance,micro_median_opinion,not_applicable,1,0,0,0
deffuant,primary_discovery,unrestricted_temporal_search,unrestricted,meso_neighborhood_abs_opinion_variance,micro_rejected_fraction,not_applicable,1,0,0,0
deffuant,primary_discovery,unrestricted_temporal_search,unrestricted,meso_neighborhood_abs_opinion_variance,micro_sign_flip_fraction,not_applicable,1,0,0,0
deffuant,primary_discovery,unrestricted_temporal_search,unrestricted,meso_neighborhood_agent_shift_std,macro_opinion_global_mean,no_stable_downstream_effect,4,4,0,0
deffuant,primary_discovery,unrestricted_temporal_search,unrestricted,meso_neighborhood_agent_shift_std,meso_neighborhood_abs_opinion_std,not_applicable,1,0,0,0
deffuant,primary_discovery,unrestricted_temporal_search,unrestricted,meso_neighborhood_agent_shift_std,meso_neighborhood_abs_opinion_variance,not_applicable,1,0,0,0
deffuant,primary_discovery,unrestricted_temporal_search,unrestricted,meso_neighborhood_agent_shift_std,micro_backfire_fraction,not_applicable,1,0,0,0
deffuant,primary_discovery,unrestricted_temporal_search,unrestricted,meso_neighborhood_agent_shift_std,micro_sign_flip_fraction,not_applicable,1,0,0,0
deffuant,primary_discovery,unrestricted_temporal_search,unrestricted,meso_neighborhood_agent_shift_variance,macro_opinion_global_mean,not_applicable,1,0,0,0
deffuant,primary_discovery,unrestricted_temporal_search,unrestricted,meso_neighborhood_agent_shift_variance,macro_opinion_global_variance,not_applicable,1,0,0,0
deffuant,primary_discovery,unrestricted_temporal_search,unrestricted,meso_neighborhood_agent_shift_variance,meso_neighborhood_abs_opinion_std,not_applicable,1,0,0,0
deffuant,primary_discovery,unrestricted_temporal_search,unrestricted,meso_neighborhood_agent_shift_variance,meso_neighborhood_abs_opinion_variance,not_applicable,1,0,0,0
deffuant,primary_discovery,unrestricted_temporal_search,unrestricted,meso_neighborhood_agent_shift_variance,meso_neighborhood_interaction_distance_variance,not_applicable,1,0,0,0
deffuant,primary_discovery,unrestricted_temporal_search,unrestricted,meso_neighborhood_agent_shift_variance,micro_accepted_count,not_applicable,1,0,0,0
deffuant,primary_discovery,unrestricted_temporal_search,unrestricted,meso_neighborhood_agent_shift_variance,micro_accepted_fraction,not_applicable,1,0,0,0
deffuant,primary_discovery,unrestricted_temporal_search,unrestricted,meso_neighborhood_agent_shift_variance,micro_backfire_fraction,not_applicable,1,0,0,0
deffuant,primary_discovery,unrestricted_temporal_search,unrestricted,meso_neighborhood_agent_shift_variance,micro_mean_abs_agent_shift,not_applicable,1,0,0,0
deffuant,primary_discovery,unrestricted_temporal_search,unrestricted,meso_neighborhood_agent_shift_variance,micro_mean_abs_opinion,not_applicable,1,0,0,0
deffuant,primary_discovery,unrestricted_temporal_search,unrestricted,meso_neighborhood_agent_shift_variance,micro_median_opinion,not_applicable,1,0,0,0
deffuant,primary_discovery,unrestricted_temporal_search,unrestricted,meso_neighborhood_agent_shift_variance,micro_opinion_std,not_applicable,1,0,0,0
deffuant,primary_discovery,unrestricted_temporal_search,unrestricted,meso_neighborhood_agent_shift_variance,micro_sign_flip_fraction,not_applicable,1,0,0,0
deffuant,primary_discovery,unrestricted_temporal_search,unrestricted,meso_neighborhood_interaction_distance_std,macro_network_assortativity,no_stable_downstream_effect,4,4,0,0
deffuant,primary_discovery,unrestricted_temporal_search,unrestricted,meso_neighborhood_interaction_distance_std,macro_opinion_global_mean,not_applicable,1,0,0,0
deffuant,primary_discovery,unrestricted_temporal_search,unrestricted,meso_neighborhood_interaction_distance_std,meso_neighborhood_abs_opinion_variance,not_applicable,1,0,0,0
deffuant,primary_discovery,unrestricted_temporal_search,unrestricted,meso_neighborhood_interaction_distance_std,meso_neighborhood_agent_shift_std,not_applicable,1,0,0,0
deffuant,primary_discovery,unrestricted_temporal_search,unrestricted,meso_neighborhood_interaction_distance_std,meso_neighborhood_agent_shift_variance,not_applicable,1,0,0,0
deffuant,primary_discovery,unrestricted_temporal_search,unrestricted,meso_neighborhood_interaction_distance_std,meso_neighborhood_interaction_distance_variance,not_applicable,1,0,0,0
deffuant,primary_discovery,unrestricted_temporal_search,unrestricted,meso_neighborhood_interaction_distance_std,micro_accepted_count,not_applicable,1,0,0,0
deffuant,primary_discovery,unrestricted_temporal_search,unrestricted,meso_neighborhood_interaction_distance_std,micro_accepted_fraction,not_applicable,1,0,0,0
deffuant,primary_discovery,unrestricted_temporal_search,unrestricted,meso_neighborhood_interaction_distance_std,micro_agent_shift_std,not_applicable,1,0,0,0
deffuant,primary_discovery,unrestricted_temporal_search,unrestricted,meso_neighborhood_interaction_distance_std,micro_interaction_distance_std,not_applicable,1,0,0,0
deffuant,primary_discovery,unrestricted_temporal_search,unrestricted,meso_neighborhood_interaction_distance_std,micro_mean_abs_agent_shift,not_applicable,1,0,0,0
deffuant,primary_discovery,unrestricted_temporal_search,unrestricted,meso_neighborhood_interaction_distance_variance,macro_network_assortativity,not_applicable,1,0,0,0
deffuant,primary_discovery,unrestricted_temporal_search,unrestricted,meso_neighborhood_interaction_distance_variance,meso_neighborhood_abs_opinion_std,not_applicable,1,0,0,0
deffuant,primary_discovery,unrestricted_temporal_search,unrestricted,meso_neighborhood_interaction_distance_variance,meso_neighborhood_abs_opinion_variance,not_applicable,1,0,0,0
deffuant,primary_discovery,unrestricted_temporal_search,unrestricted,meso_neighborhood_interaction_distance_variance,meso_neighborhood_agent_shift_std,not_applicable,1,0,0,0
deffuant,primary_discovery,unrestricted_temporal_search,unrestricted,meso_neighborhood_interaction_distance_variance,meso_neighborhood_agent_shift_variance,not_applicable,1,0,0,0
deffuant,primary_discovery,unrestricted_temporal_search,unrestricted,meso_neighborhood_interaction_distance_variance,micro_accepted_count,not_applicable,1,0,0,0
deffuant,primary_discovery,unrestricted_temporal_search,unrestricted,meso_neighborhood_interaction_distance_variance,micro_accepted_fraction,not_applicable,1,0,0,0
deffuant,primary_discovery,unrestricted_temporal_search,unrestricted,meso_neighborhood_interaction_distance_variance,micro_agent_shift_std,not_applicable,1,0,0,0
deffuant,primary_discovery,unrestricted_temporal_search,unrestricted,meso_neighborhood_interaction_distance_variance,micro_backfire_fraction,not_applicable,1,0,0,0
deffuant,primary_discovery,unrestricted_temporal_search,unrestricted,meso_neighborhood_interaction_distance_variance,micro_mean_abs_agent_shift,not_applicable,1,0,0,0
deffuant,primary_discovery,unrestricted_temporal_search,unrestricted,meso_neighborhood_interaction_distance_variance,micro_mean_interaction_distance,not_applicable,1,0,0,0
deffuant,primary_discovery,unrestricted_temporal_search,unrestricted,meso_neighborhood_interaction_distance_variance,micro_opinion_p25,not_applicable,1,0,0,0
deffuant,primary_discovery,unrestricted_temporal_search,unrestricted,meso_neighborhood_opinion_std,meso_neighborhood_abs_opinion_std,not_applicable,1,0,0,0
deffuant,primary_discovery,unrestricted_temporal_search,unrestricted,meso_neighborhood_opinion_std,meso_neighborhood_interaction_distance_std,not_applicable,1,0,0,0
deffuant,primary_discovery,unrestricted_temporal_search,unrestricted,meso_neighborhood_opinion_std,meso_neighborhood_interaction_distance_variance,not_applicable,1,0,0,0
deffuant,primary_discovery,unrestricted_temporal_search,unrestricted,meso_neighborhood_opinion_std,micro_interaction_distance_std,not_applicable,1,0,0,0
deffuant,primary_discovery,unrestricted_temporal_search,unrestricted,meso_neighborhood_opinion_variance,meso_neighborhood_interaction_distance_variance,not_applicable,1,0,0,0
deffuant,primary_discovery,unrestricted_temporal_search,unrestricted,meso_neighborhood_opinion_variance,meso_neighborhood_opinion_std,not_applicable,1,0,0,0
deffuant,primary_discovery,unrestricted_temporal_search,unrestricted,meso_neighborhood_opinion_variance,micro_extreme_agent_fraction,not_applicable,1,0,0,0
deffuant,primary_discovery,unrestricted_temporal_search,unrestricted,meso_neighborhood_opinion_variance,micro_interaction_distance_std,not_applicable,1,0,0,0
deffuant,primary_discovery,unrestricted_temporal_search,unrestricted,meso_neighborhood_opinion_variance,micro_mean_interaction_distance,not_applicable,1,0,0,0
deffuant,primary_discovery,unrestricted_temporal_search,unrestricted,micro_accepted_count,macro_network_assortativity,not_applicable,1,0,0,0
deffuant,primary_discovery,unrestricted_temporal_search,unrestricted,micro_accepted_count,meso_neighborhood_abs_opinion_std,not_applicable,1,0,0,0
deffuant,primary_discovery,unrestricted_temporal_search,unrestricted,micro_accepted_count,meso_neighborhood_abs_opinion_variance,not_applicable,1,0,0,0
deffuant,primary_discovery,unrestricted_temporal_search,unrestricted,micro_accepted_count,meso_neighborhood_agent_shift_variance,not_applicable,1,0,0,0
deffuant,primary_discovery,unrestricted_temporal_search,unrestricted,micro_accepted_count,meso_neighborhood_opinion_std,not_applicable,1,0,0,0
deffuant,primary_discovery,unrestricted_temporal_search,unrestricted,micro_accepted_count,meso_neighborhood_opinion_variance,not_applicable,1,0,0,0
deffuant,primary_discovery,unrestricted_temporal_search,unrestricted,micro_accepted_count,micro_agent_shift_std,not_applicable,1,0,0,0
deffuant,primary_discovery,unrestricted_temporal_search,unrestricted,micro_accepted_count,micro_extreme_agent_fraction,not_applicable,1,0,0,0
deffuant,primary_discovery,unrestricted_temporal_search,unrestricted,micro_accepted_count,micro_mean_abs_agent_shift,not_applicable,1,0,0,0
deffuant,primary_discovery,unrestricted_temporal_search,unrestricted,micro_accepted_count,micro_opinion_p25,not_applicable,1,0,0,0
deffuant,primary_discovery,unrestricted_temporal_search,unrestricted,micro_accepted_fraction,macro_network_assortativity,not_applicable,1,0,0,0
deffuant,primary_discovery,unrestricted_temporal_search,unrestricted,micro_accepted_fraction,meso_neighborhood_abs_opinion_std,supported,2,2,2,0
deffuant,primary_discovery,unrestricted_temporal_search,unrestricted,micro_accepted_fraction,meso_neighborhood_abs_opinion_variance,supported,2,2,2,0
deffuant,primary_discovery,unrestricted_temporal_search,unrestricted,micro_accepted_fraction,meso_neighborhood_agent_shift_variance,supported,2,2,1,0
deffuant,primary_discovery,unrestricted_temporal_search,unrestricted,micro_accepted_fraction,meso_neighborhood_opinion_std,supported,2,2,2,0
deffuant,primary_discovery,unrestricted_temporal_search,unrestricted,micro_accepted_fraction,meso_neighborhood_opinion_variance,supported,2,2,2,0
deffuant,primary_discovery,unrestricted_temporal_search,unrestricted,micro_accepted_fraction,micro_agent_shift_std,not_applicable,1,0,0,0
deffuant,primary_discovery,unrestricted_temporal_search,unrestricted,micro_accepted_fraction,micro_extreme_agent_fraction,not_applicable,1,0,0,0
deffuant,primary_discovery,unrestricted_temporal_search,unrestricted,micro_accepted_fraction,micro_mean_abs_agent_shift,not_applicable,1,0,0,0
deffuant,primary_discovery,unrestricted_temporal_search,unrestricted,micro_accepted_fraction,micro_opinion_p25,not_applicable,1,0,0,0
deffuant,primary_discovery,unrestricted_temporal_search,unrestricted,micro_agent_shift_std,meso_neighborhood_abs_opinion_std,not_applicable,1,0,0,0
deffuant,primary_discovery,unrestricted_temporal_search,unrestricted,micro_agent_shift_std,meso_neighborhood_abs_opinion_variance,not_applicable,1,0,0,0
deffuant,primary_discovery,unrestricted_temporal_search,unrestricted,micro_agent_shift_std,meso_neighborhood_agent_shift_std,not_applicable,1,0,0,0
deffuant,primary_discovery,unrestricted_temporal_search,unrestricted,micro_agent_shift_std,meso_neighborhood_agent_shift_variance,not_applicable,1,0,0,0
deffuant,primary_discovery,unrestricted_temporal_search,unrestricted,micro_agent_shift_std,micro_mean_abs_agent_shift,not_applicable,1,0,0,0
deffuant,primary_discovery,unrestricted_temporal_search,unrestricted,micro_agent_shift_std,micro_mean_abs_opinion,not_applicable,1,0,0,0
deffuant,primary_discovery,unrestricted_temporal_search,unrestricted,micro_agent_shift_std,micro_opinion_std,not_applicable,1,0,0,0
deffuant,primary_discovery,unrestricted_temporal_search,unrestricted,micro_backfire_fraction,macro_network_assortativity,not_applicable,1,0,0,0
deffuant,primary_discovery,unrestricted_temporal_search,unrestricted,micro_backfire_fraction,meso_neighborhood_abs_opinion_std,no_stable_downstream_effect,2,2,0,0
deffuant,primary_discovery,unrestricted_temporal_search,unrestricted,micro_backfire_fraction,meso_neighborhood_abs_opinion_variance,no_stable_downstream_effect,2,2,0,0
deffuant,primary_discovery,unrestricted_temporal_search,unrestricted,micro_backfire_fraction,meso_neighborhood_agent_shift_std,no_stable_downstream_effect,2,2,0,0
deffuant,primary_discovery,unrestricted_temporal_search,unrestricted,micro_backfire_fraction,meso_neighborhood_agent_shift_variance,no_stable_downstream_effect,2,2,0,0
deffuant,primary_discovery,unrestricted_temporal_search,unrestricted,micro_backfire_fraction,meso_neighborhood_opinion_std,supported,2,2,1,0
deffuant,primary_discovery,unrestricted_temporal_search,unrestricted,micro_backfire_fraction,meso_neighborhood_opinion_variance,supported,2,2,1,0
deffuant,primary_discovery,unrestricted_temporal_search,unrestricted,micro_backfire_fraction,micro_agent_shift_std,not_applicable,1,0,0,0
deffuant,primary_discovery,unrestricted_temporal_search,unrestricted,micro_backfire_fraction,micro_extreme_agent_fraction,not_applicable,1,0,0,0
deffuant,primary_discovery,unrestricted_temporal_search,unrestricted,micro_backfire_fraction,micro_mean_abs_agent_shift,not_applicable,1,0,0,0
deffuant,primary_discovery,unrestricted_temporal_search,unrestricted,micro_backfire_fraction,micro_rejected_fraction,not_applicable,1,0,0,0
deffuant,primary_discovery,unrestricted_temporal_search,unrestricted,micro_edge_rewired_count,macro_network_assortativity,not_applicable,1,0,0,0
deffuant,primary_discovery,unrestricted_temporal_search,unrestricted,micro_edge_rewired_count,macro_opinion_global_mean,not_applicable,1,0,0,0
deffuant,primary_discovery,unrestricted_temporal_search,unrestricted,micro_edge_rewired_count,macro_opinion_global_variance,not_applicable,1,0,0,0
deffuant,primary_discovery,unrestricted_temporal_search,unrestricted,micro_edge_rewired_count,meso_neighborhood_abs_opinion_std,not_applicable,1,0,0,0
deffuant,primary_discovery,unrestricted_temporal_search,unrestricted,micro_edge_rewired_count,meso_neighborhood_abs_opinion_variance,not_applicable,1,0,0,0
deffuant,primary_discovery,unrestricted_temporal_search,unrestricted,micro_edge_rewired_count,meso_neighborhood_agent_shift_std,not_applicable,1,0,0,0
deffuant,primary_discovery,unrestricted_temporal_search,unrestricted,micro_edge_rewired_count,meso_neighborhood_agent_shift_variance,not_applicable,1,0,0,0
deffuant,primary_discovery,unrestricted_temporal_search,unrestricted,micro_edge_rewired_count,meso_neighborhood_interaction_distance_variance,not_applicable,1,0,0,0
deffuant,primary_discovery,unrestricted_temporal_search,unrestricted,micro_edge_rewired_count,meso_neighborhood_opinion_std,not_applicable,1,0,0,0
deffuant,primary_discovery,unrestricted_temporal_search,unrestricted,micro_edge_rewired_count,meso_neighborhood_opinion_variance,not_applicable,1,0,0,0
deffuant,primary_discovery,unrestricted_temporal_search,unrestricted,micro_edge_rewired_count,micro_accepted_count,not_applicable,1,0,0,0
deffuant,primary_discovery,unrestricted_temporal_search,unrestricted,micro_edge_rewired_count,micro_accepted_fraction,not_applicable,1,0,0,0
deffuant,primary_discovery,unrestricted_temporal_search,unrestricted,micro_edge_rewired_count,micro_agent_shift_std,not_applicable,1,0,0,0
deffuant,primary_discovery,unrestricted_temporal_search,unrestricted,micro_edge_rewired_count,micro_backfire_fraction,not_applicable,1,0,0,0
deffuant,primary_discovery,unrestricted_temporal_search,unrestricted,micro_edge_rewired_count,micro_interaction_distance_std,not_applicable,1,0,0,0
deffuant,primary_discovery,unrestricted_temporal_search,unrestricted,micro_edge_rewired_count,micro_mean_abs_agent_shift,not_applicable,1,0,0,0
deffuant,primary_discovery,unrestricted_temporal_search,unrestricted,micro_edge_rewired_count,micro_mean_interaction_distance,not_applicable,1,0,0,0
deffuant,primary_discovery,unrestricted_temporal_search,unrestricted,micro_edge_rewired_count,micro_median_opinion,not_applicable,1,0,0,0
deffuant,primary_discovery,unrestricted_temporal_search,unrestricted,micro_edge_rewired_count,micro_opinion_p25,not_applicable,1,0,0,0
deffuant,primary_discovery,unrestricted_temporal_search,unrestricted,micro_edge_rewired_count,micro_opinion_std,not_applicable,1,0,0,0
deffuant,primary_discovery,unrestricted_temporal_search,unrestricted,micro_edge_rewired_count,micro_rejected_fraction,not_applicable,1,0,0,0
deffuant,primary_discovery,unrestricted_temporal_search,unrestricted,micro_edge_rewired_count,micro_rewiring_fraction,not_applicable,1,0,0,0
deffuant,primary_discovery,unrestricted_temporal_search,unrestricted,micro_extreme_agent_fraction,macro_opinion_global_mean,not_applicable,1,0,0,0
deffuant,primary_discovery,unrestricted_temporal_search,unrestricted,micro_extreme_agent_fraction,macro_opinion_global_variance,not_applicable,1,0,0,0
deffuant,primary_discovery,unrestricted_temporal_search,unrestricted,micro_extreme_agent_fraction,meso_neighborhood_abs_opinion_variance,not_applicable,1,0,0,0
deffuant,primary_discovery,unrestricted_temporal_search,unrestricted,micro_extreme_agent_fraction,meso_neighborhood_agent_shift_variance,not_applicable,1,0,0,0
deffuant,primary_discovery,unrestricted_temporal_search,unrestricted,micro_extreme_agent_fraction,micro_accepted_count,not_applicable,1,0,0,0
deffuant,primary_discovery,unrestricted_temporal_search,unrestricted,micro_extreme_agent_fraction,micro_accepted_fraction,not_applicable,1,0,0,0
deffuant,primary_discovery,unrestricted_temporal_search,unrestricted,micro_extreme_agent_fraction,micro_agent_shift_std,not_applicable,1,0,0,0
deffuant,primary_discovery,unrestricted_temporal_search,unrestricted,micro_extreme_agent_fraction,micro_backfire_fraction,not_applicable,1,0,0,0
deffuant,primary_discovery,unrestricted_temporal_search,unrestricted,micro_extreme_agent_fraction,micro_mean_abs_opinion,not_applicable,1,0,0,0
deffuant,primary_discovery,unrestricted_temporal_search,unrestricted,micro_extreme_agent_fraction,micro_mean_interaction_distance,not_applicable,1,0,0,0
deffuant,primary_discovery,unrestricted_temporal_search,unrestricted,micro_extreme_agent_fraction,micro_median_opinion,not_applicable,1,0,0,0
deffuant,primary_discovery,unrestricted_temporal_search,unrestricted,micro_extreme_agent_fraction,micro_opinion_std,not_applicable,1,0,0,0
deffuant,primary_discovery,unrestricted_temporal_search,unrestricted,micro_extreme_agent_fraction,micro_rejected_fraction,not_applicable,1,0,0,0
deffuant,primary_discovery,unrestricted_temporal_search,unrestricted,micro_extreme_agent_fraction,micro_sign_flip_fraction,not_applicable,1,0,0,0
deffuant,primary_discovery,unrestricted_temporal_search,unrestricted,micro_interaction_distance_std,meso_neighborhood_abs_opinion_std,not_applicable,1,0,0,0
deffuant,primary_discovery,unrestricted_temporal_search,unrestricted,micro_interaction_distance_std,meso_neighborhood_opinion_std,not_applicable,1,0,0,0
deffuant,primary_discovery,unrestricted_temporal_search,unrestricted,micro_interaction_distance_std,meso_neighborhood_opinion_variance,not_applicable,1,0,0,0
deffuant,primary_discovery,unrestricted_temporal_search,unrestricted,micro_interaction_distance_std,micro_mean_abs_agent_shift,not_applicable,1,0,0,0
deffuant,primary_discovery,unrestricted_temporal_search,unrestricted,micro_interaction_distance_std,micro_mean_abs_opinion,not_applicable,1,0,0,0
deffuant,primary_discovery,unrestricted_temporal_search,unrestricted,micro_interaction_distance_std,micro_opinion_std,not_applicable,1,0,0,0
deffuant,primary_discovery,unrestricted_temporal_search,unrestricted,micro_mean_abs_agent_shift,macro_network_assortativity,not_applicable,1,0,0,0
deffuant,primary_discovery,unrestricted_temporal_search,unrestricted,micro_mean_abs_agent_shift,macro_opinion_global_variance,not_applicable,1,0,0,0
deffuant,primary_discovery,unrestricted_temporal_search,unrestricted,micro_mean_abs_agent_shift,meso_neighborhood_abs_opinion_std,supported,2,2,1,0
deffuant,primary_discovery,unrestricted_temporal_search,unrestricted,micro_mean_abs_agent_shift,meso_neighborhood_abs_opinion_variance,supported,2,2,1,0
deffuant,primary_discovery,unrestricted_temporal_search,unrestricted,micro_mean_abs_agent_shift,meso_neighborhood_opinion_std,no_stable_downstream_effect,2,2,0,0
deffuant,primary_discovery,unrestricted_temporal_search,unrestricted,micro_mean_abs_agent_shift,meso_neighborhood_opinion_variance,no_stable_downstream_effect,2,2,0,0
deffuant,primary_discovery,unrestricted_temporal_search,unrestricted,micro_mean_abs_agent_shift,micro_backfire_fraction,not_applicable,1,0,0,0
deffuant,primary_discovery,unrestricted_temporal_search,unrestricted,micro_mean_abs_agent_shift,micro_extreme_agent_fraction,not_applicable,1,0,0,0
deffuant,primary_discovery,unrestricted_temporal_search,unrestricted,micro_mean_abs_agent_shift,micro_mean_interaction_distance,not_applicable,1,0,0,0
deffuant,primary_discovery,unrestricted_temporal_search,unrestricted,micro_mean_abs_agent_shift,micro_opinion_std,not_applicable,1,0,0,0
deffuant,primary_discovery,unrestricted_temporal_search,unrestricted,micro_mean_abs_agent_shift,micro_sign_flip_fraction,not_applicable,1,0,0,0
deffuant,primary_discovery,unrestricted_temporal_search,unrestricted,micro_mean_abs_opinion,meso_neighborhood_abs_opinion_std,not_applicable,1,0,0,0
deffuant,primary_discovery,unrestricted_temporal_search,unrestricted,micro_mean_abs_opinion,meso_neighborhood_abs_opinion_variance,not_applicable,1,0,0,0
deffuant,primary_discovery,unrestricted_temporal_search,unrestricted,micro_mean_abs_opinion,micro_opinion_std,not_applicable,1,0,0,0
deffuant,primary_discovery,unrestricted_temporal_search,unrestricted,micro_mean_abs_opinion,micro_rejected_fraction,not_applicable,1,0,0,0
deffuant,primary_discovery,unrestricted_temporal_search,unrestricted,micro_mean_abs_opinion,micro_sign_flip_fraction,not_applicable,1,0,0,0
deffuant,primary_discovery,unrestricted_temporal_search,unrestricted,micro_mean_interaction_distance,macro_network_assortativity,not_applicable,1,0,0,0
deffuant,primary_discovery,unrestricted_temporal_search,unrestricted,micro_mean_interaction_distance,macro_opinion_global_mean,not_applicable,1,0,0,0
deffuant,primary_discovery,unrestricted_temporal_search,unrestricted,micro_mean_interaction_distance,macro_opinion_global_variance,not_applicable,1,0,0,0
deffuant,primary_discovery,unrestricted_temporal_search,unrestricted,micro_mean_interaction_distance,meso_neighborhood_abs_opinion_std,not_applicable,1,0,0,0
deffuant,primary_discovery,unrestricted_temporal_search,unrestricted,micro_mean_interaction_distance,meso_neighborhood_abs_opinion_variance,not_applicable,1,0,0,0
deffuant,primary_discovery,unrestricted_temporal_search,unrestricted,micro_mean_interaction_distance,meso_neighborhood_agent_shift_std,not_applicable,1,0,0,0
deffuant,primary_discovery,unrestricted_temporal_search,unrestricted,micro_mean_interaction_distance,meso_neighborhood_agent_shift_variance,not_applicable,1,0,0,0
deffuant,primary_discovery,unrestricted_temporal_search,unrestricted,micro_mean_interaction_distance,meso_neighborhood_opinion_std,not_applicable,1,0,0,0
deffuant,primary_discovery,unrestricted_temporal_search,unrestricted,micro_mean_interaction_distance,meso_neighborhood_opinion_variance,not_applicable,1,0,0,0
deffuant,primary_discovery,unrestricted_temporal_search,unrestricted,micro_mean_interaction_distance,micro_agent_shift_std,not_applicable,1,0,0,0
deffuant,primary_discovery,unrestricted_temporal_search,unrestricted,micro_mean_interaction_distance,micro_extreme_agent_fraction,not_applicable,1,0,0,0
deffuant,primary_discovery,unrestricted_temporal_search,unrestricted,micro_mean_interaction_distance,micro_mean_abs_agent_shift,not_applicable,1,0,0,0
deffuant,primary_discovery,unrestricted_temporal_search,unrestricted,micro_mean_interaction_distance,micro_mean_abs_opinion,not_applicable,1,0,0,0
deffuant,primary_discovery,unrestricted_temporal_search,unrestricted,micro_mean_interaction_distance,micro_opinion_p25,not_applicable,1,0,0,0
deffuant,primary_discovery,unrestricted_temporal_search,unrestricted,micro_mean_interaction_distance,micro_opinion_std,not_applicable,1,0,0,0
deffuant,primary_discovery,unrestricted_temporal_search,unrestricted,micro_mean_interaction_distance,micro_rejected_fraction,not_applicable,1,0,0,0
deffuant,primary_discovery,unrestricted_temporal_search,unrestricted,micro_mean_interaction_distance,micro_sign_flip_fraction,not_applicable,1,0,0,0
deffuant,primary_discovery,unrestricted_temporal_search,unrestricted,micro_median_opinion,macro_network_assortativity,not_applicable,1,0,0,0
deffuant,primary_discovery,unrestricted_temporal_search,unrestricted,micro_median_opinion,macro_opinion_global_variance,not_applicable,1,0,0,0
deffuant,primary_discovery,unrestricted_temporal_search,unrestricted,micro_median_opinion,meso_neighborhood_abs_opinion_std,not_applicable,1,0,0,0
deffuant,primary_discovery,unrestricted_temporal_search,unrestricted,micro_median_opinion,meso_neighborhood_abs_opinion_variance,not_applicable,1,0,0,0
deffuant,primary_discovery,unrestricted_temporal_search,unrestricted,micro_median_opinion,meso_neighborhood_agent_shift_variance,not_applicable,1,0,0,0
deffuant,primary_discovery,unrestricted_temporal_search,unrestricted,micro_median_opinion,micro_mean_abs_agent_shift,not_applicable,1,0,0,0
deffuant,primary_discovery,unrestricted_temporal_search,unrestricted,micro_median_opinion,micro_mean_abs_opinion,not_applicable,1,0,0,0
deffuant,primary_discovery,unrestricted_temporal_search,unrestricted,micro_median_opinion,micro_opinion_p25,not_applicable,1,0,0,0
deffuant,primary_discovery,unrestricted_temporal_search,unrestricted,micro_opinion_p25,micro_accepted_count,not_applicable,1,0,0,0
deffuant,primary_discovery,unrestricted_temporal_search,unrestricted,micro_opinion_p25,micro_accepted_fraction,not_applicable,1,0,0,0
deffuant,primary_discovery,unrestricted_temporal_search,unrestricted,micro_opinion_p25,micro_agent_shift_std,not_applicable,1,0,0,0
deffuant,primary_discovery,unrestricted_temporal_search,unrestricted,micro_opinion_p25,micro_edge_rewired_count,not_applicable,1,0,0,0
deffuant,primary_discovery,unrestricted_temporal_search,unrestricted,micro_opinion_p25,micro_median_opinion,not_applicable,1,0,0,0
deffuant,primary_discovery,unrestricted_temporal_search,unrestricted,micro_opinion_p25,micro_rewiring_fraction,not_applicable,1,0,0,0
deffuant,primary_discovery,unrestricted_temporal_search,unrestricted,micro_opinion_p25,micro_sign_flip_fraction,not_applicable,1,0,0,0
deffuant,primary_discovery,unrestricted_temporal_search,unrestricted,micro_opinion_std,micro_accepted_count,not_applicable,1,0,0,0
deffuant,primary_discovery,unrestricted_temporal_search,unrestricted,micro_opinion_std,micro_accepted_fraction,not_applicable,1,0,0,0
deffuant,primary_discovery,unrestricted_temporal_search,unrestricted,micro_opinion_std,micro_rejected_fraction,not_applicable,1,0,0,0
deffuant,primary_discovery,unrestricted_temporal_search,unrestricted,micro_rejected_fraction,macro_network_assortativity,not_applicable,1,0,0,0
deffuant,primary_discovery,unrestricted_temporal_search,unrestricted,micro_rejected_fraction,macro_opinion_global_variance,not_applicable,1,0,0,0
deffuant,primary_discovery,unrestricted_temporal_search,unrestricted,micro_rejected_fraction,meso_neighborhood_abs_opinion_std,not_applicable,1,0,0,0
deffuant,primary_discovery,unrestricted_temporal_search,unrestricted,micro_rejected_fraction,meso_neighborhood_abs_opinion_variance,not_applicable,1,0,0,0
deffuant,primary_discovery,unrestricted_temporal_search,unrestricted,micro_rejected_fraction,meso_neighborhood_agent_shift_variance,not_applicable,1,0,0,0
deffuant,primary_discovery,unrestricted_temporal_search,unrestricted,micro_rejected_fraction,micro_accepted_count,not_applicable,1,0,0,0
deffuant,primary_discovery,unrestricted_temporal_search,unrestricted,micro_rejected_fraction,micro_accepted_fraction,not_applicable,1,0,0,0
deffuant,primary_discovery,unrestricted_temporal_search,unrestricted,micro_rejected_fraction,micro_agent_shift_std,not_applicable,1,0,0,0
deffuant,primary_discovery,unrestricted_temporal_search,unrestricted,micro_rejected_fraction,micro_backfire_fraction,not_applicable,1,0,0,0
deffuant,primary_discovery,unrestricted_temporal_search,unrestricted,micro_rejected_fraction,micro_mean_abs_opinion,not_applicable,1,0,0,0
deffuant,primary_discovery,unrestricted_temporal_search,unrestricted,micro_rejected_fraction,micro_opinion_std,not_applicable,1,0,0,0
deffuant,primary_discovery,unrestricted_temporal_search,unrestricted,micro_rejected_fraction,micro_sign_flip_fraction,not_applicable,1,0,0,0
deffuant,primary_discovery,unrestricted_temporal_search,unrestricted,micro_rewiring_fraction,macro_network_assortativity,not_applicable,1,0,0,0
deffuant,primary_discovery,unrestricted_temporal_search,unrestricted,micro_rewiring_fraction,macro_opinion_global_mean,not_applicable,1,0,0,0
deffuant,primary_discovery,unrestricted_temporal_search,unrestricted,micro_rewiring_fraction,macro_opinion_global_variance,not_applicable,1,0,0,0
deffuant,primary_discovery,unrestricted_temporal_search,unrestricted,micro_rewiring_fraction,meso_neighborhood_abs_opinion_std,not_applicable,1,0,0,0
deffuant,primary_discovery,unrestricted_temporal_search,unrestricted,micro_rewiring_fraction,meso_neighborhood_abs_opinion_variance,not_applicable,1,0,0,0
deffuant,primary_discovery,unrestricted_temporal_search,unrestricted,micro_rewiring_fraction,meso_neighborhood_agent_shift_std,not_applicable,1,0,0,0
deffuant,primary_discovery,unrestricted_temporal_search,unrestricted,micro_rewiring_fraction,meso_neighborhood_agent_shift_variance,not_applicable,1,0,0,0
deffuant,primary_discovery,unrestricted_temporal_search,unrestricted,micro_rewiring_fraction,meso_neighborhood_interaction_distance_variance,not_applicable,1,0,0,0
deffuant,primary_discovery,unrestricted_temporal_search,unrestricted,micro_rewiring_fraction,meso_neighborhood_opinion_std,not_applicable,1,0,0,0
deffuant,primary_discovery,unrestricted_temporal_search,unrestricted,micro_rewiring_fraction,meso_neighborhood_opinion_variance,not_applicable,1,0,0,0
deffuant,primary_discovery,unrestricted_temporal_search,unrestricted,micro_rewiring_fraction,micro_accepted_count,not_applicable,1,0,0,0
deffuant,primary_discovery,unrestricted_temporal_search,unrestricted,micro_rewiring_fraction,micro_accepted_fraction,not_applicable,1,0,0,0
deffuant,primary_discovery,unrestricted_temporal_search,unrestricted,micro_rewiring_fraction,micro_agent_shift_std,not_applicable,1,0,0,0
deffuant,primary_discovery,unrestricted_temporal_search,unrestricted,micro_rewiring_fraction,micro_backfire_fraction,not_applicable,1,0,0,0
deffuant,primary_discovery,unrestricted_temporal_search,unrestricted,micro_rewiring_fraction,micro_edge_rewired_count,not_applicable,1,0,0,0
deffuant,primary_discovery,unrestricted_temporal_search,unrestricted,micro_rewiring_fraction,micro_interaction_distance_std,not_applicable,1,0,0,0
deffuant,primary_discovery,unrestricted_temporal_search,unrestricted,micro_rewiring_fraction,micro_mean_abs_agent_shift,not_applicable,1,0,0,0
deffuant,primary_discovery,unrestricted_temporal_search,unrestricted,micro_rewiring_fraction,micro_mean_interaction_distance,not_applicable,1,0,0,0
deffuant,primary_discovery,unrestricted_temporal_search,unrestricted,micro_rewiring_fraction,micro_median_opinion,not_applicable,1,0,0,0
deffuant,primary_discovery,unrestricted_temporal_search,unrestricted,micro_rewiring_fraction,micro_opinion_p25,not_applicable,1,0,0,0
deffuant,primary_discovery,unrestricted_temporal_search,unrestricted,micro_rewiring_fraction,micro_opinion_std,not_applicable,1,0,0,0
deffuant,primary_discovery,unrestricted_temporal_search,unrestricted,micro_rewiring_fraction,micro_rejected_fraction,not_applicable,1,0,0,0
deffuant,primary_discovery,unrestricted_temporal_search,unrestricted,micro_sign_flip_fraction,macro_network_assortativity,not_applicable,1,0,0,0
deffuant,primary_discovery,unrestricted_temporal_search,unrestricted,micro_sign_flip_fraction,macro_opinion_global_variance,not_applicable,1,0,0,0
deffuant,primary_discovery,unrestricted_temporal_search,unrestricted,micro_sign_flip_fraction,meso_neighborhood_abs_opinion_std,not_applicable,1,0,0,0
deffuant,primary_discovery,unrestricted_temporal_search,unrestricted,micro_sign_flip_fraction,meso_neighborhood_abs_opinion_variance,not_applicable,1,0,0,0
deffuant,primary_discovery,unrestricted_temporal_search,unrestricted,micro_sign_flip_fraction,meso_neighborhood_agent_shift_std,not_applicable,1,0,0,0
deffuant,primary_discovery,unrestricted_temporal_search,unrestricted,micro_sign_flip_fraction,meso_neighborhood_agent_shift_variance,not_applicable,1,0,0,0
deffuant,primary_discovery,unrestricted_temporal_search,unrestricted,micro_sign_flip_fraction,micro_agent_shift_std,not_applicable,1,0,0,0
deffuant,primary_discovery,unrestricted_temporal_search,unrestricted,micro_sign_flip_fraction,micro_mean_abs_agent_shift,not_applicable,1,0,0,0
deffuant,primary_discovery,unrestricted_temporal_search,unrestricted,micro_sign_flip_fraction,micro_mean_abs_opinion,not_applicable,1,0,0,0
deffuant,primary_discovery,unrestricted_temporal_search,unrestricted,micro_sign_flip_fraction,micro_rejected_fraction,not_applicable,1,0,0,0
schelling,primary_discovery,full_method,macro_outcome_macro_global_connected_components,mean_destination_similarity_movers,meso_district_group_entropy_mean,no_stable_downstream_effect,2,2,0,0
schelling,primary_discovery,full_method,macro_outcome_macro_global_connected_components,mean_destination_similarity_movers,meso_district_move_distance_std,supported,2,2,1,0
schelling,primary_discovery,full_method,macro_outcome_macro_global_connected_components,meso_district_boundary_fraction_std,macro_global_connected_components,no_stable_downstream_effect,2,2,0,0
schelling,primary_discovery,full_method,macro_outcome_macro_global_connected_components,meso_district_destination_similarity_std,macro_global_connected_components,supported,2,2,1,0
schelling,primary_discovery,full_method,macro_outcome_macro_global_connected_components,meso_district_group_entropy_mean,macro_global_connected_components,no_stable_downstream_effect,4,4,0,0
schelling,primary_discovery,full_method,macro_outcome_macro_global_connected_components,meso_district_move_distance_std,macro_global_connected_components,inconclusive,2,2,0,0
schelling,primary_discovery,full_method,macro_outcome_macro_global_connected_components,meso_district_unhappy_fraction_std,macro_global_connected_components,supported,2,2,1,0
schelling,primary_discovery,full_method,macro_outcome_macro_global_connected_components,moved_fraction,meso_district_boundary_fraction_std,no_stable_downstream_effect,2,2,0,0
schelling,primary_discovery,full_method,macro_outcome_macro_global_connected_components,unhappy_fraction,meso_district_destination_similarity_std,supported,2,2,2,0
schelling,primary_discovery,full_method,macro_outcome_macro_global_connected_components,unhappy_fraction,meso_district_group_entropy_mean,supported,2,2,1,0
schelling,primary_discovery,full_method,macro_outcome_macro_global_connected_components,unhappy_fraction,meso_district_unhappy_fraction_std,supported,2,2,2,0
schelling,primary_discovery,full_method,macro_outcome_macro_global_moved_fraction,meso_district_move_fraction_std,macro_global_moved_fraction,supported,4,4,2,0
schelling,primary_discovery,full_method,macro_outcome_macro_global_moved_fraction,relocation_response_fraction,meso_district_move_fraction_std,manipulation_failure,2,2,0,0
schelling,primary_discovery,full_method,macro_outcome_macro_global_moved_fraction,unhappy_fraction,meso_district_move_fraction_std,supported,2,2,2,0
schelling,primary_discovery,full_method,macro_outcome_macro_global_spatial_neighbor_similarity,mean_destination_similarity_movers,meso_district_destination_similarity_std,supported,2,2,1,0
schelling,primary_discovery,full_method,macro_outcome_macro_global_spatial_neighbor_similarity,meso_district_destination_similarity_std,macro_global_spatial_neighbor_similarity,supported,4,4,2,0
schelling,primary_discovery,full_method,macro_outcome_macro_global_spatial_neighbor_similarity,meso_district_move_fraction_std,macro_global_spatial_neighbor_similarity,supported,2,2,2,0
schelling,primary_discovery,full_method,macro_outcome_macro_global_spatial_neighbor_similarity,moved_fraction,meso_district_destination_similarity_std,supported,2,2,2,0
schelling,primary_discovery,full_method,macro_outcome_macro_global_spatial_neighbor_similarity,unhappy_fraction,meso_district_boundary_fraction_std,supported,2,2,1,0
schelling,primary_discovery,full_method,macro_outcome_macro_global_spatial_neighbor_similarity,unhappy_fraction,meso_district_move_fraction_std,supported,2,2,2,0
schelling,primary_discovery,full_method,macro_outcome_macro_global_unhappy_fraction,mean_destination_similarity_movers,meso_district_boundary_fraction_std,no_stable_downstream_effect,2,2,0,0
schelling,primary_discovery,full_method,macro_outcome_macro_global_unhappy_fraction,mean_destination_similarity_movers,meso_district_destination_similarity_std,supported,2,2,1,0
schelling,primary_discovery,full_method,macro_outcome_macro_global_unhappy_fraction,meso_district_boundary_fraction_std,macro_global_unhappy_fraction,no_stable_downstream_effect,2,2,0,0
schelling,primary_discovery,full_method,macro_outcome_macro_global_unhappy_fraction,meso_district_destination_similarity_std,macro_global_unhappy_fraction,inconclusive,2,2,0,0
schelling,primary_discovery,full_method,macro_outcome_macro_global_unhappy_fraction,meso_district_neighbour_count_std,macro_global_unhappy_fraction,no_stable_downstream_effect,2,2,0,0
schelling,primary_discovery,full_method,macro_outcome_macro_global_unhappy_fraction,meso_district_unhappy_fraction_std,macro_global_unhappy_fraction,manipulation_failure,2,2,0,0
schelling,primary_discovery,full_method,macro_outcome_macro_global_unhappy_fraction,moved_fraction,meso_district_neighbour_count_std,no_stable_downstream_effect,2,2,0,0
schelling,primary_discovery,full_method,macro_outcome_macro_global_unhappy_fraction,relocation_response_fraction,meso_district_unhappy_fraction_std,manipulation_failure,2,2,0,0
schelling,primary_discovery,single_trajectory,macro_outcome_macro_global_connected_components,mean_destination_similarity_movers,meso_district_group_entropy_mean,no_stable_downstream_effect,2,2,0,0
schelling,primary_discovery,single_trajectory,macro_outcome_macro_global_connected_components,meso_district_boundary_fraction_std,macro_global_connected_components,no_stable_downstream_effect,2,2,0,0
schelling,primary_discovery,single_trajectory,macro_outcome_macro_global_connected_components,meso_district_destination_similarity_std,macro_global_connected_components,supported,2,2,1,0
schelling,primary_discovery,single_trajectory,macro_outcome_macro_global_connected_components,meso_district_move_distance_std,macro_global_connected_components,inconclusive,2,2,0,0
schelling,primary_discovery,single_trajectory,macro_outcome_macro_global_connected_components,meso_district_unhappy_fraction_std,macro_global_connected_components,supported,2,2,1,0
schelling,primary_discovery,single_trajectory,macro_outcome_macro_global_connected_components,moved_fraction,meso_district_boundary_fraction_std,no_stable_downstream_effect,2,2,0,0
schelling,primary_discovery,single_trajectory,macro_outcome_macro_global_connected_components,unhappy_fraction,meso_district_destination_similarity_std,supported,2,2,2,0
schelling,primary_discovery,single_trajectory,macro_outcome_macro_global_connected_components,unhappy_fraction,meso_district_unhappy_fraction_std,supported,2,2,2,0
schelling,primary_discovery,single_trajectory,macro_outcome_macro_global_moved_fraction,meso_district_move_fraction_std,macro_global_moved_fraction,supported,4,4,2,0
schelling,primary_discovery,single_trajectory,macro_outcome_macro_global_moved_fraction,unhappy_fraction,meso_district_move_fraction_std,supported,2,2,2,0
schelling,primary_discovery,single_trajectory,macro_outcome_macro_global_spatial_neighbor_similarity,mean_destination_similarity_movers,meso_district_destination_similarity_std,supported,2,2,1,0
schelling,primary_discovery,single_trajectory,macro_outcome_macro_global_spatial_neighbor_similarity,meso_district_boundary_fraction_std,macro_global_spatial_neighbor_similarity,no_stable_downstream_effect,2,2,0,0
schelling,primary_discovery,single_trajectory,macro_outcome_macro_global_spatial_neighbor_similarity,meso_district_destination_similarity_std,macro_global_spatial_neighbor_similarity,supported,4,4,2,0
schelling,primary_discovery,single_trajectory,macro_outcome_macro_global_spatial_neighbor_similarity,meso_district_move_fraction_std,macro_global_spatial_neighbor_similarity,supported,2,2,2,0
schelling,primary_discovery,single_trajectory,macro_outcome_macro_global_spatial_neighbor_similarity,moved_fraction,meso_district_destination_similarity_std,supported,2,2,2,0
schelling,primary_discovery,single_trajectory,macro_outcome_macro_global_spatial_neighbor_similarity,unhappy_fraction,meso_district_boundary_fraction_std,supported,2,2,1,0
schelling,primary_discovery,single_trajectory,macro_outcome_macro_global_spatial_neighbor_similarity,unhappy_fraction,meso_district_move_fraction_std,supported,2,2,2,0
schelling,primary_discovery,single_trajectory,macro_outcome_macro_global_unhappy_fraction,mean_destination_similarity_movers,meso_district_boundary_fraction_std,no_stable_downstream_effect,2,2,0,0
schelling,primary_discovery,single_trajectory,macro_outcome_macro_global_unhappy_fraction,mean_destination_similarity_movers,meso_district_destination_similarity_std,supported,2,2,1,0
schelling,primary_discovery,single_trajectory,macro_outcome_macro_global_unhappy_fraction,meso_district_boundary_fraction_std,macro_global_unhappy_fraction,no_stable_downstream_effect,2,2,0,0
schelling,primary_discovery,single_trajectory,macro_outcome_macro_global_unhappy_fraction,meso_district_destination_similarity_std,macro_global_unhappy_fraction,inconclusive,2,2,0,0
schelling,primary_discovery,single_trajectory,macro_outcome_macro_global_unhappy_fraction,meso_district_neighbour_count_std,macro_global_unhappy_fraction,no_stable_downstream_effect,2,2,0,0
schelling,primary_discovery,single_trajectory,macro_outcome_macro_global_unhappy_fraction,meso_district_unhappy_fraction_std,macro_global_unhappy_fraction,manipulation_failure,2,2,0,0
schelling,primary_discovery,single_trajectory,macro_outcome_macro_global_unhappy_fraction,moved_fraction,meso_district_neighbour_count_std,no_stable_downstream_effect,2,2,0,0
schelling,primary_discovery,trajectory_vote,macro_outcome_macro_global_connected_components,mean_destination_similarity_movers,meso_district_group_entropy_mean,no_stable_downstream_effect,2,2,0,0
schelling,primary_discovery,trajectory_vote,macro_outcome_macro_global_connected_components,meso_district_boundary_fraction_std,macro_global_connected_components,no_stable_downstream_effect,2,2,0,0
schelling,primary_discovery,trajectory_vote,macro_outcome_macro_global_connected_components,meso_district_destination_similarity_std,macro_global_connected_components,supported,2,2,1,0
schelling,primary_discovery,trajectory_vote,macro_outcome_macro_global_connected_components,meso_district_group_entropy_mean,macro_global_connected_components,no_stable_downstream_effect,4,4,0,0
schelling,primary_discovery,trajectory_vote,macro_outcome_macro_global_connected_components,meso_district_move_distance_std,macro_global_connected_components,inconclusive,2,2,0,0
schelling,primary_discovery,trajectory_vote,macro_outcome_macro_global_connected_components,meso_district_unhappy_fraction_std,macro_global_connected_components,supported,2,2,1,0
schelling,primary_discovery,trajectory_vote,macro_outcome_macro_global_connected_components,moved_fraction,meso_district_boundary_fraction_std,no_stable_downstream_effect,2,2,0,0
schelling,primary_discovery,trajectory_vote,macro_outcome_macro_global_connected_components,unhappy_fraction,meso_district_destination_similarity_std,supported,2,2,2,0
schelling,primary_discovery,trajectory_vote,macro_outcome_macro_global_connected_components,unhappy_fraction,meso_district_group_entropy_mean,supported,2,2,1,0
schelling,primary_discovery,trajectory_vote,macro_outcome_macro_global_connected_components,unhappy_fraction,meso_district_unhappy_fraction_std,supported,2,2,2,0
schelling,primary_discovery,trajectory_vote,macro_outcome_macro_global_moved_fraction,meso_district_move_fraction_std,macro_global_moved_fraction,supported,4,4,2,0
schelling,primary_discovery,trajectory_vote,macro_outcome_macro_global_moved_fraction,unhappy_fraction,meso_district_move_fraction_std,supported,2,2,2,0
schelling,primary_discovery,trajectory_vote,macro_outcome_macro_global_spatial_neighbor_similarity,mean_destination_similarity_movers,meso_district_destination_similarity_std,supported,2,2,1,0
schelling,primary_discovery,trajectory_vote,macro_outcome_macro_global_spatial_neighbor_similarity,meso_district_boundary_fraction_std,macro_global_spatial_neighbor_similarity,no_stable_downstream_effect,2,2,0,0
schelling,primary_discovery,trajectory_vote,macro_outcome_macro_global_spatial_neighbor_similarity,meso_district_destination_similarity_std,macro_global_spatial_neighbor_similarity,supported,4,4,2,0
schelling,primary_discovery,trajectory_vote,macro_outcome_macro_global_spatial_neighbor_similarity,meso_district_move_fraction_std,macro_global_spatial_neighbor_similarity,supported,2,2,2,0
schelling,primary_discovery,trajectory_vote,macro_outcome_macro_global_spatial_neighbor_similarity,moved_fraction,meso_district_destination_similarity_std,supported,2,2,2,0
schelling,primary_discovery,trajectory_vote,macro_outcome_macro_global_spatial_neighbor_similarity,unhappy_fraction,meso_district_boundary_fraction_std,supported,2,2,1,0
schelling,primary_discovery,trajectory_vote,macro_outcome_macro_global_spatial_neighbor_similarity,unhappy_fraction,meso_district_move_fraction_std,supported,2,2,2,0
schelling,primary_discovery,trajectory_vote,macro_outcome_macro_global_unhappy_fraction,mean_destination_similarity_movers,meso_district_boundary_fraction_std,no_stable_downstream_effect,2,2,0,0
schelling,primary_discovery,trajectory_vote,macro_outcome_macro_global_unhappy_fraction,mean_destination_similarity_movers,meso_district_destination_similarity_std,supported,2,2,1,0
schelling,primary_discovery,trajectory_vote,macro_outcome_macro_global_unhappy_fraction,meso_district_boundary_fraction_std,macro_global_unhappy_fraction,no_stable_downstream_effect,2,2,0,0
schelling,primary_discovery,trajectory_vote,macro_outcome_macro_global_unhappy_fraction,meso_district_destination_similarity_std,macro_global_unhappy_fraction,inconclusive,2,2,0,0
schelling,primary_discovery,trajectory_vote,macro_outcome_macro_global_unhappy_fraction,meso_district_neighbour_count_std,macro_global_unhappy_fraction,no_stable_downstream_effect,2,2,0,0
schelling,primary_discovery,trajectory_vote,macro_outcome_macro_global_unhappy_fraction,meso_district_unhappy_fraction_std,macro_global_unhappy_fraction,manipulation_failure,2,2,0,0
schelling,primary_discovery,trajectory_vote,macro_outcome_macro_global_unhappy_fraction,moved_fraction,meso_district_neighbour_count_std,no_stable_downstream_effect,2,2,0,0
schelling,primary_discovery,unrestricted_temporal_search,unrestricted,boundary_fraction,macro_global_connected_components,not_applicable,1,0,0,0
schelling,primary_discovery,unrestricted_temporal_search,unrestricted,boundary_fraction,macro_global_spatial_neighbor_similarity,not_applicable,1,0,0,0
schelling,primary_discovery,unrestricted_temporal_search,unrestricted,boundary_fraction,macro_global_unhappy_fraction,not_applicable,1,0,0,0
schelling,primary_discovery,unrestricted_temporal_search,unrestricted,boundary_fraction,mean_local_similarity,not_applicable,1,0,0,0
schelling,primary_discovery,unrestricted_temporal_search,unrestricted,boundary_fraction,mean_neighbour_count,not_applicable,1,0,0,0
schelling,primary_discovery,unrestricted_temporal_search,unrestricted,boundary_fraction,meso_district_boundary_fraction_std,not_applicable,1,0,0,0
schelling,primary_discovery,unrestricted_temporal_search,unrestricted,boundary_fraction,meso_district_destination_similarity_std,not_applicable,1,0,0,0
schelling,primary_discovery,unrestricted_temporal_search,unrestricted,boundary_fraction,meso_district_local_similarity_std,not_applicable,1,0,0,0
schelling,primary_discovery,unrestricted_temporal_search,unrestricted,boundary_fraction,meso_district_move_fraction_std,not_applicable,1,0,0,0
schelling,primary_discovery,unrestricted_temporal_search,unrestricted,boundary_fraction,meso_district_neighbour_count_std,not_applicable,1,0,0,0
schelling,primary_discovery,unrestricted_temporal_search,unrestricted,boundary_fraction,meso_district_unhappy_fraction_std,not_applicable,1,0,0,0
schelling,primary_discovery,unrestricted_temporal_search,unrestricted,boundary_fraction,quantile_75_local_similarity,not_applicable,1,0,0,0
schelling,primary_discovery,unrestricted_temporal_search,unrestricted,boundary_fraction,std_local_similarity,not_applicable,1,0,0,0
schelling,primary_discovery,unrestricted_temporal_search,unrestricted,boundary_fraction,std_neighbour_count,not_applicable,1,0,0,0
schelling,primary_discovery,unrestricted_temporal_search,unrestricted,boundary_fraction,unhappy_fraction,not_applicable,1,0,0,0
schelling,primary_discovery,unrestricted_temporal_search,unrestricted,local_similarity_entropy,mean_destination_similarity_movers,not_applicable,1,0,0,0
schelling,primary_discovery,unrestricted_temporal_search,unrestricted,local_similarity_entropy,mean_move_distance,not_applicable,1,0,0,0
schelling,primary_discovery,unrestricted_temporal_search,unrestricted,local_similarity_entropy,meso_district_unhappy_fraction_std,not_applicable,1,0,0,0
schelling,primary_discovery,unrestricted_temporal_search,unrestricted,local_similarity_entropy,unhappy_local_similarity_mean,not_applicable,1,0,0,0
schelling,primary_discovery,unrestricted_temporal_search,unrestricted,macro_global_connected_components,macro_global_moved_fraction,not_applicable,1,0,0,0
schelling,primary_discovery,unrestricted_temporal_search,unrestricted,macro_global_connected_components,macro_global_spatial_neighbor_similarity,not_applicable,1,0,0,0
schelling,primary_discovery,unrestricted_temporal_search,unrestricted,macro_global_connected_components,macro_global_unhappy_fraction,not_applicable,1,0,0,0
schelling,primary_discovery,unrestricted_temporal_search,unrestricted,macro_global_connected_components,mean_local_similarity,not_applicable,1,0,0,0
schelling,primary_discovery,unrestricted_temporal_search,unrestricted,macro_global_connected_components,mean_neighbour_count,not_applicable,1,0,0,0
schelling,primary_discovery,unrestricted_temporal_search,unrestricted,macro_global_connected_components,meso_district_destination_similarity_std,not_applicable,1,0,0,0
schelling,primary_discovery,unrestricted_temporal_search,unrestricted,macro_global_connected_components,meso_district_group_entropy_mean,not_applicable,1,0,0,0
schelling,primary_discovery,unrestricted_temporal_search,unrestricted,macro_global_connected_components,meso_district_local_similarity_std,not_applicable,1,0,0,0
schelling,primary_discovery,unrestricted_temporal_search,unrestricted,macro_global_connected_components,meso_district_move_fraction_std,not_applicable,1,0,0,0
schelling,primary_discovery,unrestricted_temporal_search,unrestricted,macro_global_connected_components,meso_district_neighbour_count_std,not_applicable,1,0,0,0
schelling,primary_discovery,unrestricted_temporal_search,unrestricted,macro_global_connected_components,meso_district_unhappy_fraction_std,not_applicable,1,0,0,0
schelling,primary_discovery,unrestricted_temporal_search,unrestricted,macro_global_connected_components,move_distance_std,not_applicable,1,0,0,0
schelling,primary_discovery,unrestricted_temporal_search,unrestricted,macro_global_connected_components,moved_fraction,not_applicable,1,0,0,0
schelling,primary_discovery,unrestricted_temporal_search,unrestricted,macro_global_connected_components,quantile_25_local_similarity,not_applicable,1,0,0,0
schelling,primary_discovery,unrestricted_temporal_search,unrestricted,macro_global_connected_components,quantile_75_local_similarity,not_applicable,1,0,0,0
schelling,primary_discovery,unrestricted_temporal_search,unrestricted,macro_global_connected_components,std_destination_similarity,not_applicable,1,0,0,0
schelling,primary_discovery,unrestricted_temporal_search,unrestricted,macro_global_connected_components,std_local_similarity,not_applicable,1,0,0,0
schelling,primary_discovery,unrestricted_temporal_search,unrestricted,macro_global_connected_components,std_neighbour_count,not_applicable,1,0,0,0
schelling,primary_discovery,unrestricted_temporal_search,unrestricted,macro_global_connected_components,unhappy_fraction,not_applicable,1,0,0,0
schelling,primary_discovery,unrestricted_temporal_search,unrestricted,macro_global_moved_fraction,boundary_fraction,not_applicable,1,0,0,0
schelling,primary_discovery,unrestricted_temporal_search,unrestricted,macro_global_moved_fraction,macro_global_connected_components,not_applicable,1,0,0,0
schelling,primary_discovery,unrestricted_temporal_search,unrestricted,macro_global_moved_fraction,macro_global_spatial_neighbor_similarity,not_applicable,1,0,0,0
schelling,primary_discovery,unrestricted_temporal_search,unrestricted,macro_global_moved_fraction,macro_global_unhappy_fraction,not_applicable,1,0,0,0
schelling,primary_discovery,unrestricted_temporal_search,unrestricted,macro_global_moved_fraction,mean_local_similarity,not_applicable,1,0,0,0
schelling,primary_discovery,unrestricted_temporal_search,unrestricted,macro_global_moved_fraction,mean_neighbour_count,not_applicable,1,0,0,0
schelling,primary_discovery,unrestricted_temporal_search,unrestricted,macro_global_moved_fraction,meso_district_boundary_fraction_std,not_applicable,1,0,0,0
schelling,primary_discovery,unrestricted_temporal_search,unrestricted,macro_global_moved_fraction,meso_district_destination_similarity_std,not_applicable,1,0,0,0
schelling,primary_discovery,unrestricted_temporal_search,unrestricted,macro_global_moved_fraction,meso_district_group_entropy_mean,not_applicable,1,0,0,0
schelling,primary_discovery,unrestricted_temporal_search,unrestricted,macro_global_moved_fraction,meso_district_local_similarity_std,not_applicable,1,0,0,0
schelling,primary_discovery,unrestricted_temporal_search,unrestricted,macro_global_moved_fraction,meso_district_move_distance_std,not_applicable,1,0,0,0
schelling,primary_discovery,unrestricted_temporal_search,unrestricted,macro_global_moved_fraction,meso_district_move_fraction_std,not_applicable,1,0,0,0
schelling,primary_discovery,unrestricted_temporal_search,unrestricted,macro_global_moved_fraction,meso_district_neighbour_count_std,not_applicable,1,0,0,0
schelling,primary_discovery,unrestricted_temporal_search,unrestricted,macro_global_moved_fraction,meso_district_unhappy_fraction_std,not_applicable,1,0,0,0
schelling,primary_discovery,unrestricted_temporal_search,unrestricted,macro_global_moved_fraction,move_distance_std,not_applicable,1,0,0,0
schelling,primary_discovery,unrestricted_temporal_search,unrestricted,macro_global_moved_fraction,moved_fraction,not_applicable,1,0,0,0
schelling,primary_discovery,unrestricted_temporal_search,unrestricted,macro_global_moved_fraction,quantile_25_local_similarity,not_applicable,1,0,0,0
schelling,primary_discovery,unrestricted_temporal_search,unrestricted,macro_global_moved_fraction,quantile_75_local_similarity,not_applicable,1,0,0,0
schelling,primary_discovery,unrestricted_temporal_search,unrestricted,macro_global_moved_fraction,std_local_similarity,not_applicable,1,0,0,0
schelling,primary_discovery,unrestricted_temporal_search,unrestricted,macro_global_moved_fraction,std_neighbour_count,not_applicable,1,0,0,0
schelling,primary_discovery,unrestricted_temporal_search,unrestricted,macro_global_moved_fraction,unhappy_fraction,not_applicable,1,0,0,0
schelling,primary_discovery,unrestricted_temporal_search,unrestricted,macro_global_spatial_neighbor_similarity,macro_global_connected_components,not_applicable,1,0,0,0
schelling,primary_discovery,unrestricted_temporal_search,unrestricted,macro_global_spatial_neighbor_similarity,macro_global_moved_fraction,not_applicable,1,0,0,0
schelling,primary_discovery,unrestricted_temporal_search,unrestricted,macro_global_spatial_neighbor_similarity,macro_global_unhappy_fraction,not_applicable,1,0,0,0
schelling,primary_discovery,unrestricted_temporal_search,unrestricted,macro_global_spatial_neighbor_similarity,mean_local_similarity,not_applicable,1,0,0,0
schelling,primary_discovery,unrestricted_temporal_search,unrestricted,macro_global_spatial_neighbor_similarity,mean_neighbour_count,not_applicable,1,0,0,0
schelling,primary_discovery,unrestricted_temporal_search,unrestricted,macro_global_spatial_neighbor_similarity,meso_district_boundary_fraction_std,not_applicable,1,0,0,0
schelling,primary_discovery,unrestricted_temporal_search,unrestricted,macro_global_spatial_neighbor_similarity,meso_district_group_entropy_mean,not_applicable,1,0,0,0
schelling,primary_discovery,unrestricted_temporal_search,unrestricted,macro_global_spatial_neighbor_similarity,meso_district_local_similarity_std,not_applicable,1,0,0,0
schelling,primary_discovery,unrestricted_temporal_search,unrestricted,macro_global_spatial_neighbor_similarity,meso_district_move_fraction_std,not_applicable,1,0,0,0
schelling,primary_discovery,unrestricted_temporal_search,unrestricted,macro_global_spatial_neighbor_similarity,meso_district_neighbour_count_std,not_applicable,1,0,0,0
schelling,primary_discovery,unrestricted_temporal_search,unrestricted,macro_global_spatial_neighbor_similarity,meso_district_unhappy_fraction_std,not_applicable,1,0,0,0
schelling,primary_discovery,unrestricted_temporal_search,unrestricted,macro_global_spatial_neighbor_similarity,move_distance_std,not_applicable,1,0,0,0
schelling,primary_discovery,unrestricted_temporal_search,unrestricted,macro_global_spatial_neighbor_similarity,moved_fraction,not_applicable,1,0,0,0
schelling,primary_discovery,unrestricted_temporal_search,unrestricted,macro_global_spatial_neighbor_similarity,quantile_25_local_similarity,not_applicable,1,0,0,0
schelling,primary_discovery,unrestricted_temporal_search,unrestricted,macro_global_spatial_neighbor_similarity,std_destination_similarity,not_applicable,1,0,0,0
schelling,primary_discovery,unrestricted_temporal_search,unrestricted,macro_global_spatial_neighbor_similarity,std_neighbour_count,not_applicable,1,0,0,0
schelling,primary_discovery,unrestricted_temporal_search,unrestricted,macro_global_spatial_neighbor_similarity,unhappy_fraction,not_applicable,1,0,0,0
schelling,primary_discovery,unrestricted_temporal_search,unrestricted,macro_global_unhappy_fraction,boundary_fraction,not_applicable,1,0,0,0
schelling,primary_discovery,unrestricted_temporal_search,unrestricted,macro_global_unhappy_fraction,macro_global_connected_components,not_applicable,1,0,0,0
schelling,primary_discovery,unrestricted_temporal_search,unrestricted,macro_global_unhappy_fraction,macro_global_moved_fraction,not_applicable,1,0,0,0
schelling,primary_discovery,unrestricted_temporal_search,unrestricted,macro_global_unhappy_fraction,macro_global_spatial_neighbor_similarity,not_applicable,1,0,0,0
schelling,primary_discovery,unrestricted_temporal_search,unrestricted,macro_global_unhappy_fraction,mean_destination_similarity_movers,not_applicable,1,0,0,0
schelling,primary_discovery,unrestricted_temporal_search,unrestricted,macro_global_unhappy_fraction,mean_local_similarity,not_applicable,1,0,0,0
schelling,primary_discovery,unrestricted_temporal_search,unrestricted,macro_global_unhappy_fraction,mean_move_distance,not_applicable,1,0,0,0
schelling,primary_discovery,unrestricted_temporal_search,unrestricted,macro_global_unhappy_fraction,mean_neighbour_count,not_applicable,1,0,0,0
schelling,primary_discovery,unrestricted_temporal_search,unrestricted,macro_global_unhappy_fraction,meso_district_boundary_fraction_std,not_applicable,1,0,0,0
schelling,primary_discovery,unrestricted_temporal_search,unrestricted,macro_global_unhappy_fraction,meso_district_destination_similarity_std,not_applicable,1,0,0,0
schelling,primary_discovery,unrestricted_temporal_search,unrestricted,macro_global_unhappy_fraction,meso_district_group_entropy_mean,not_applicable,1,0,0,0
schelling,primary_discovery,unrestricted_temporal_search,unrestricted,macro_global_unhappy_fraction,meso_district_local_similarity_std,not_applicable,1,0,0,0
schelling,primary_discovery,unrestricted_temporal_search,unrestricted,macro_global_unhappy_fraction,meso_district_move_distance_std,not_applicable,1,0,0,0
schelling,primary_discovery,unrestricted_temporal_search,unrestricted,macro_global_unhappy_fraction,meso_district_move_fraction_std,not_applicable,1,0,0,0
schelling,primary_discovery,unrestricted_temporal_search,unrestricted,macro_global_unhappy_fraction,meso_district_neighbour_count_std,not_applicable,1,0,0,0
schelling,primary_discovery,unrestricted_temporal_search,unrestricted,macro_global_unhappy_fraction,meso_district_unhappy_fraction_std,not_applicable,1,0,0,0
schelling,primary_discovery,unrestricted_temporal_search,unrestricted,macro_global_unhappy_fraction,move_distance_std,not_applicable,1,0,0,0
schelling,primary_discovery,unrestricted_temporal_search,unrestricted,macro_global_unhappy_fraction,moved_fraction,not_applicable,1,0,0,0
schelling,primary_discovery,unrestricted_temporal_search,unrestricted,macro_global_unhappy_fraction,quantile_25_local_similarity,not_applicable,1,0,0,0
schelling,primary_discovery,unrestricted_temporal_search,unrestricted,macro_global_unhappy_fraction,quantile_75_local_similarity,not_applicable,1,0,0,0
schelling,primary_discovery,unrestricted_temporal_search,unrestricted,macro_global_unhappy_fraction,std_destination_similarity,not_applicable,1,0,0,0
schelling,primary_discovery,unrestricted_temporal_search,unrestricted,macro_global_unhappy_fraction,std_local_similarity,not_applicable,1,0,0,0
schelling,primary_discovery,unrestricted_temporal_search,unrestricted,macro_global_unhappy_fraction,std_neighbour_count,not_applicable,1,0,0,0
schelling,primary_discovery,unrestricted_temporal_search,unrestricted,macro_global_unhappy_fraction,unhappy_fraction,not_applicable,1,0,0,0
schelling,primary_discovery,unrestricted_temporal_search,unrestricted,mean_destination_similarity_movers,boundary_fraction,not_applicable,1,0,0,0
schelling,primary_discovery,unrestricted_temporal_search,unrestricted,mean_destination_similarity_movers,local_similarity_entropy,not_applicable,1,0,0,0
schelling,primary_discovery,unrestricted_temporal_search,unrestricted,mean_destination_similarity_movers,macro_global_moved_fraction,not_applicable,1,0,0,0
schelling,primary_discovery,unrestricted_temporal_search,unrestricted,mean_destination_similarity_movers,macro_global_spatial_neighbor_similarity,not_applicable,1,0,0,0
schelling,primary_discovery,unrestricted_temporal_search,unrestricted,mean_destination_similarity_movers,macro_global_unhappy_fraction,not_applicable,1,0,0,0
schelling,primary_discovery,unrestricted_temporal_search,unrestricted,mean_destination_similarity_movers,mean_local_similarity,not_applicable,1,0,0,0
schelling,primary_discovery,unrestricted_temporal_search,unrestricted,mean_destination_similarity_movers,meso_district_boundary_fraction_std,no_stable_downstream_effect,2,2,0,0
schelling,primary_discovery,unrestricted_temporal_search,unrestricted,mean_destination_similarity_movers,meso_district_group_entropy_mean,no_stable_downstream_effect,2,2,0,0
schelling,primary_discovery,unrestricted_temporal_search,unrestricted,mean_destination_similarity_movers,meso_district_local_similarity_std,no_stable_downstream_effect,2,2,0,0
schelling,primary_discovery,unrestricted_temporal_search,unrestricted,mean_destination_similarity_movers,meso_district_neighbour_count_std,no_stable_downstream_effect,2,2,0,0
schelling,primary_discovery,unrestricted_temporal_search,unrestricted,mean_destination_similarity_movers,meso_district_unhappy_fraction_std,supported,2,2,1,0
schelling,primary_discovery,unrestricted_temporal_search,unrestricted,mean_destination_similarity_movers,moved_fraction,not_applicable,1,0,0,0
schelling,primary_discovery,unrestricted_temporal_search,unrestricted,mean_destination_similarity_movers,std_destination_similarity,not_applicable,1,0,0,0
schelling,primary_discovery,unrestricted_temporal_search,unrestricted,mean_destination_similarity_movers,std_local_similarity,not_applicable,1,0,0,0
schelling,primary_discovery,unrestricted_temporal_search,unrestricted,mean_destination_similarity_movers,std_neighbour_count,not_applicable,1,0,0,0
schelling,primary_discovery,unrestricted_temporal_search,unrestricted,mean_destination_similarity_movers,unhappy_fraction,not_applicable,1,0,0,0
schelling,primary_discovery,unrestricted_temporal_search,unrestricted,mean_local_similarity,boundary_fraction,not_applicable,1,0,0,0
schelling,primary_discovery,unrestricted_temporal_search,unrestricted,mean_local_similarity,macro_global_connected_components,not_applicable,1,0,0,0
schelling,primary_discovery,unrestricted_temporal_search,unrestricted,mean_local_similarity,macro_global_spatial_neighbor_similarity,not_applicable,1,0,0,0
schelling,primary_discovery,unrestricted_temporal_search,unrestricted,mean_local_similarity,macro_global_unhappy_fraction,not_applicable,1,0,0,0
schelling,primary_discovery,unrestricted_temporal_search,unrestricted,mean_local_similarity,mean_neighbour_count,not_applicable,1,0,0,0
schelling,primary_discovery,unrestricted_temporal_search,unrestricted,mean_local_similarity,meso_district_destination_similarity_std,not_applicable,1,0,0,0
schelling,primary_discovery,unrestricted_temporal_search,unrestricted,mean_local_similarity,meso_district_group_entropy_mean,not_applicable,1,0,0,0
schelling,primary_discovery,unrestricted_temporal_search,unrestricted,mean_local_similarity,meso_district_move_distance_std,not_applicable,1,0,0,0
schelling,primary_discovery,unrestricted_temporal_search,unrestricted,mean_local_similarity,meso_district_move_fraction_std,not_applicable,1,0,0,0
schelling,primary_discovery,unrestricted_temporal_search,unrestricted,mean_local_similarity,meso_district_neighbour_count_std,not_applicable,1,0,0,0
schelling,primary_discovery,unrestricted_temporal_search,unrestricted,mean_local_similarity,meso_district_unhappy_fraction_std,not_applicable,1,0,0,0
schelling,primary_discovery,unrestricted_temporal_search,unrestricted,mean_local_similarity,move_distance_std,not_applicable,1,0,0,0
schelling,primary_discovery,unrestricted_temporal_search,unrestricted,mean_local_similarity,quantile_25_local_similarity,not_applicable,1,0,0,0
schelling,primary_discovery,unrestricted_temporal_search,unrestricted,mean_local_similarity,quantile_75_local_similarity,not_applicable,1,0,0,0
schelling,primary_discovery,unrestricted_temporal_search,unrestricted,mean_local_similarity,std_local_similarity,not_applicable,1,0,0,0
schelling,primary_discovery,unrestricted_temporal_search,unrestricted,mean_local_similarity,std_neighbour_count,not_applicable,1,0,0,0
schelling,primary_discovery,unrestricted_temporal_search,unrestricted,mean_local_similarity,unhappy_fraction,not_applicable,1,0,0,0
schelling,primary_discovery,unrestricted_temporal_search,unrestricted,mean_move_distance,boundary_fraction,not_applicable,1,0,0,0
schelling,primary_discovery,unrestricted_temporal_search,unrestricted,mean_move_distance,local_similarity_entropy,not_applicable,1,0,0,0
schelling,primary_discovery,unrestricted_temporal_search,unrestricted,mean_move_distance,macro_global_connected_components,not_applicable,1,0,0,0
schelling,primary_discovery,unrestricted_temporal_search,unrestricted,mean_move_distance,macro_global_moved_fraction,not_applicable,1,0,0,0
schelling,primary_discovery,unrestricted_temporal_search,unrestricted,mean_move_distance,macro_global_spatial_neighbor_similarity,not_applicable,1,0,0,0
schelling,primary_discovery,unrestricted_temporal_search,unrestricted,mean_move_distance,macro_global_unhappy_fraction,not_applicable,1,0,0,0
schelling,primary_discovery,unrestricted_temporal_search,unrestricted,mean_move_distance,mean_local_similarity,not_applicable,1,0,0,0
schelling,primary_discovery,unrestricted_temporal_search,unrestricted,mean_move_distance,mean_neighbour_count,not_applicable,1,0,0,0
schelling,primary_discovery,unrestricted_temporal_search,unrestricted,mean_move_distance,meso_district_boundary_fraction_std,not_applicable,1,0,0,0
schelling,primary_discovery,unrestricted_temporal_search,unrestricted,mean_move_distance,meso_district_group_entropy_mean,not_applicable,1,0,0,0
schelling,primary_discovery,unrestricted_temporal_search,unrestricted,mean_move_distance,meso_district_local_similarity_std,not_applicable,1,0,0,0
schelling,primary_discovery,unrestricted_temporal_search,unrestricted,mean_move_distance,meso_district_neighbour_count_std,not_applicable,1,0,0,0
schelling,primary_discovery,unrestricted_temporal_search,unrestricted,mean_move_distance,meso_district_unhappy_fraction_std,not_applicable,1,0,0,0
schelling,primary_discovery,unrestricted_temporal_search,unrestricted,mean_move_distance,moved_fraction,not_applicable,1,0,0,0
schelling,primary_discovery,unrestricted_temporal_search,unrestricted,mean_move_distance,quantile_75_local_similarity,not_applicable,1,0,0,0
schelling,primary_discovery,unrestricted_temporal_search,unrestricted,mean_move_distance,std_destination_similarity,not_applicable,1,0,0,0
schelling,primary_discovery,unrestricted_temporal_search,unrestricted,mean_move_distance,std_local_similarity,not_applicable,1,0,0,0
schelling,primary_discovery,unrestricted_temporal_search,unrestricted,mean_move_distance,std_neighbour_count,not_applicable,1,0,0,0
schelling,primary_discovery,unrestricted_temporal_search,unrestricted,mean_move_distance,unhappy_fraction,not_applicable,1,0,0,0
schelling,primary_discovery,unrestricted_temporal_search,unrestricted,mean_neighbour_count,macro_global_moved_fraction,not_applicable,1,0,0,0
schelling,primary_discovery,unrestricted_temporal_search,unrestricted,mean_neighbour_count,macro_global_spatial_neighbor_similarity,not_applicable,1,0,0,0
schelling,primary_discovery,unrestricted_temporal_search,unrestricted,mean_neighbour_count,macro_global_unhappy_fraction,not_applicable,1,0,0,0
schelling,primary_discovery,unrestricted_temporal_search,unrestricted,mean_neighbour_count,meso_district_boundary_fraction_std,not_applicable,1,0,0,0
schelling,primary_discovery,unrestricted_temporal_search,unrestricted,mean_neighbour_count,meso_district_group_entropy_mean,not_applicable,1,0,0,0
schelling,primary_discovery,unrestricted_temporal_search,unrestricted,mean_neighbour_count,meso_district_local_similarity_std,not_applicable,1,0,0,0
schelling,primary_discovery,unrestricted_temporal_search,unrestricted,mean_neighbour_count,meso_district_neighbour_count_std,not_applicable,1,0,0,0
schelling,primary_discovery,unrestricted_temporal_search,unrestricted,mean_neighbour_count,move_distance_std,not_applicable,1,0,0,0
schelling,primary_discovery,unrestricted_temporal_search,unrestricted,mean_neighbour_count,moved_fraction,not_applicable,1,0,0,0
schelling,primary_discovery,unrestricted_temporal_search,unrestricted,mean_neighbour_count,quantile_25_local_similarity,not_applicable,1,0,0,0
schelling,primary_discovery,unrestricted_temporal_search,unrestricted,mean_neighbour_count,quantile_75_local_similarity,not_applicable,1,0,0,0
schelling,primary_discovery,unrestricted_temporal_search,unrestricted,mean_neighbour_count,std_neighbour_count,not_applicable,1,0,0,0
schelling,primary_discovery,unrestricted_temporal_search,unrestricted,mean_neighbour_count,unhappy_fraction,not_applicable,1,0,0,0
schelling,primary_discovery,unrestricted_temporal_search,unrestricted,meso_district_boundary_fraction_std,macro_global_connected_components,no_stable_downstream_effect,2,2,0,0
schelling,primary_discovery,unrestricted_temporal_search,unrestricted,meso_district_boundary_fraction_std,macro_global_moved_fraction,not_applicable,1,0,0,0
schelling,primary_discovery,unrestricted_temporal_search,unrestricted,meso_district_boundary_fraction_std,macro_global_spatial_neighbor_similarity,no_stable_downstream_effect,2,2,0,0
schelling,primary_discovery,unrestricted_temporal_search,unrestricted,meso_district_boundary_fraction_std,mean_local_similarity,not_applicable,1,0,0,0
schelling,primary_discovery,unrestricted_temporal_search,unrestricted,meso_district_boundary_fraction_std,meso_district_local_similarity_std,not_applicable,1,0,0,0
schelling,primary_discovery,unrestricted_temporal_search,unrestricted,meso_district_boundary_fraction_std,meso_district_unhappy_fraction_std,not_applicable,1,0,0,0
schelling,primary_discovery,unrestricted_temporal_search,unrestricted,meso_district_boundary_fraction_std,moved_fraction,not_applicable,1,0,0,0
schelling,primary_discovery,unrestricted_temporal_search,unrestricted,meso_district_boundary_fraction_std,quantile_25_local_similarity,not_applicable,1,0,0,0
schelling,primary_discovery,unrestricted_temporal_search,unrestricted,meso_district_boundary_fraction_std,quantile_75_local_similarity,not_applicable,1,0,0,0
schelling,primary_discovery,unrestricted_temporal_search,unrestricted,meso_district_boundary_fraction_std,std_local_similarity,not_applicable,1,0,0,0
schelling,primary_discovery,unrestricted_temporal_search,unrestricted,meso_district_destination_similarity_std,boundary_fraction,not_applicable,1,0,0,0
schelling,primary_discovery,unrestricted_temporal_search,unrestricted,meso_district_destination_similarity_std,macro_global_connected_components,supported,2,2,1,0
schelling,primary_discovery,unrestricted_temporal_search,unrestricted,meso_district_destination_similarity_std,macro_global_moved_fraction,not_applicable,1,0,0,0
schelling,primary_discovery,unrestricted_temporal_search,unrestricted,meso_district_destination_similarity_std,macro_global_spatial_neighbor_similarity,supported,4,4,2,0
schelling,primary_discovery,unrestricted_temporal_search,unrestricted,meso_district_destination_similarity_std,macro_global_unhappy_fraction,inconclusive,2,2,0,0
schelling,primary_discovery,unrestricted_temporal_search,unrestricted,meso_district_destination_similarity_std,mean_destination_similarity_movers,not_applicable,1,0,0,0
schelling,primary_discovery,unrestricted_temporal_search,unrestricted,meso_district_destination_similarity_std,mean_local_similarity,not_applicable,1,0,0,0
schelling,primary_discovery,unrestricted_temporal_search,unrestricted,meso_district_destination_similarity_std,mean_move_distance,not_applicable,1,0,0,0
schelling,primary_discovery,unrestricted_temporal_search,unrestricted,meso_district_destination_similarity_std,mean_neighbour_count,not_applicable,1,0,0,0
schelling,primary_discovery,unrestricted_temporal_search,unrestricted,meso_district_destination_similarity_std,meso_district_boundary_fraction_std,not_applicable,1,0,0,0
schelling,primary_discovery,unrestricted_temporal_search,unrestricted,meso_district_destination_similarity_std,meso_district_group_entropy_mean,not_applicable,1,0,0,0
schelling,primary_discovery,unrestricted_temporal_search,unrestricted,meso_district_destination_similarity_std,meso_district_local_similarity_std,not_applicable,1,0,0,0
schelling,primary_discovery,unrestricted_temporal_search,unrestricted,meso_district_destination_similarity_std,meso_district_move_fraction_std,not_applicable,1,0,0,0
schelling,primary_discovery,unrestricted_temporal_search,unrestricted,meso_district_destination_similarity_std,meso_district_neighbour_count_std,not_applicable,1,0,0,0
schelling,primary_discovery,unrestricted_temporal_search,unrestricted,meso_district_destination_similarity_std,meso_district_unhappy_fraction_std,not_applicable,1,0,0,0
schelling,primary_discovery,unrestricted_temporal_search,unrestricted,meso_district_destination_similarity_std,move_distance_std,not_applicable,1,0,0,0
schelling,primary_discovery,unrestricted_temporal_search,unrestricted,meso_district_destination_similarity_std,moved_fraction,not_applicable,1,0,0,0
schelling,primary_discovery,unrestricted_temporal_search,unrestricted,meso_district_destination_similarity_std,quantile_25_local_similarity,not_applicable,1,0,0,0
schelling,primary_discovery,unrestricted_temporal_search,unrestricted,meso_district_destination_similarity_std,quantile_75_local_similarity,not_applicable,1,0,0,0
schelling,primary_discovery,unrestricted_temporal_search,unrestricted,meso_district_destination_similarity_std,std_destination_similarity,not_applicable,1,0,0,0
schelling,primary_discovery,unrestricted_temporal_search,unrestricted,meso_district_destination_similarity_std,std_local_similarity,not_applicable,1,0,0,0
schelling,primary_discovery,unrestricted_temporal_search,unrestricted,meso_district_destination_similarity_std,std_neighbour_count,not_applicable,1,0,0,0
schelling,primary_discovery,unrestricted_temporal_search,unrestricted,meso_district_destination_similarity_std,unhappy_fraction,not_applicable,1,0,0,0
schelling,primary_discovery,unrestricted_temporal_search,unrestricted,meso_district_destination_similarity_std,unhappy_local_similarity_mean,not_applicable,1,0,0,0
schelling,primary_discovery,unrestricted_temporal_search,unrestricted,meso_district_group_entropy_mean,boundary_fraction,not_applicable,1,0,0,0
schelling,primary_discovery,unrestricted_temporal_search,unrestricted,meso_district_group_entropy_mean,macro_global_connected_components,no_stable_downstream_effect,4,4,0,0
schelling,primary_discovery,unrestricted_temporal_search,unrestricted,meso_district_group_entropy_mean,macro_global_moved_fraction,not_applicable,1,0,0,0
schelling,primary_discovery,unrestricted_temporal_search,unrestricted,meso_district_group_entropy_mean,macro_global_spatial_neighbor_similarity,not_applicable,1,0,0,0
schelling,primary_discovery,unrestricted_temporal_search,unrestricted,meso_district_group_entropy_mean,macro_global_unhappy_fraction,not_applicable,1,0,0,0
schelling,primary_discovery,unrestricted_temporal_search,unrestricted,meso_district_group_entropy_mean,mean_local_similarity,not_applicable,1,0,0,0
schelling,primary_discovery,unrestricted_temporal_search,unrestricted,meso_district_group_entropy_mean,mean_neighbour_count,not_applicable,1,0,0,0
schelling,primary_discovery,unrestricted_temporal_search,unrestricted,meso_district_group_entropy_mean,meso_district_boundary_fraction_std,not_applicable,1,0,0,0
schelling,primary_discovery,unrestricted_temporal_search,unrestricted,meso_district_group_entropy_mean,meso_district_destination_similarity_std,not_applicable,1,0,0,0
schelling,primary_discovery,unrestricted_temporal_search,unrestricted,meso_district_group_entropy_mean,meso_district_local_similarity_std,not_applicable,1,0,0,0
schelling,primary_discovery,unrestricted_temporal_search,unrestricted,meso_district_group_entropy_mean,meso_district_move_distance_std,not_applicable,1,0,0,0
schelling,primary_discovery,unrestricted_temporal_search,unrestricted,meso_district_group_entropy_mean,meso_district_unhappy_fraction_std,not_applicable,1,0,0,0
schelling,primary_discovery,unrestricted_temporal_search,unrestricted,meso_district_group_entropy_mean,move_distance_std,not_applicable,1,0,0,0
schelling,primary_discovery,unrestricted_temporal_search,unrestricted,meso_district_group_entropy_mean,moved_fraction,not_applicable,1,0,0,0
schelling,primary_discovery,unrestricted_temporal_search,unrestricted,meso_district_group_entropy_mean,std_neighbour_count,not_applicable,1,0,0,0
schelling,primary_discovery,unrestricted_temporal_search,unrestricted,meso_district_group_entropy_mean,unhappy_fraction,not_applicable,1,0,0,0
schelling,primary_discovery,unrestricted_temporal_search,unrestricted,meso_district_local_similarity_std,macro_global_connected_components,not_applicable,1,0,0,0
schelling,primary_discovery,unrestricted_temporal_search,unrestricted,meso_district_local_similarity_std,macro_global_moved_fraction,not_applicable,1,0,0,0
schelling,primary_discovery,unrestricted_temporal_search,unrestricted,meso_district_local_similarity_std,macro_global_unhappy_fraction,not_applicable,1,0,0,0
schelling,primary_discovery,unrestricted_temporal_search,unrestricted,meso_district_local_similarity_std,mean_neighbour_count,not_applicable,1,0,0,0
schelling,primary_discovery,unrestricted_temporal_search,unrestricted,meso_district_local_similarity_std,meso_district_group_entropy_mean,not_applicable,1,0,0,0
schelling,primary_discovery,unrestricted_temporal_search,unrestricted,meso_district_local_similarity_std,meso_district_move_distance_std,not_applicable,1,0,0,0
schelling,primary_discovery,unrestricted_temporal_search,unrestricted,meso_district_local_similarity_std,meso_district_neighbour_count_std,not_applicable,1,0,0,0
schelling,primary_discovery,unrestricted_temporal_search,unrestricted,meso_district_local_similarity_std,meso_district_unhappy_fraction_std,not_applicable,1,0,0,0
schelling,primary_discovery,unrestricted_temporal_search,unrestricted,meso_district_local_similarity_std,move_distance_std,not_applicable,1,0,0,0
schelling,primary_discovery,unrestricted_temporal_search,unrestricted,meso_district_local_similarity_std,moved_fraction,not_applicable,1,0,0,0
schelling,primary_discovery,unrestricted_temporal_search,unrestricted,meso_district_local_similarity_std,quantile_25_local_similarity,not_applicable,1,0,0,0
schelling,primary_discovery,unrestricted_temporal_search,unrestricted,meso_district_local_similarity_std,quantile_75_local_similarity,not_applicable,1,0,0,0
schelling,primary_discovery,unrestricted_temporal_search,unrestricted,meso_district_local_similarity_std,std_local_similarity,not_applicable,1,0,0,0
schelling,primary_discovery,unrestricted_temporal_search,unrestricted,meso_district_local_similarity_std,std_neighbour_count,not_applicable,1,0,0,0
schelling,primary_discovery,unrestricted_temporal_search,unrestricted,meso_district_local_similarity_std,unhappy_fraction,not_applicable,1,0,0,0
schelling,primary_discovery,unrestricted_temporal_search,unrestricted,meso_district_move_distance_std,boundary_fraction,not_applicable,1,0,0,0
schelling,primary_discovery,unrestricted_temporal_search,unrestricted,meso_district_move_distance_std,macro_global_connected_components,inconclusive,2,2,0,0
schelling,primary_discovery,unrestricted_temporal_search,unrestricted,meso_district_move_distance_std,macro_global_moved_fraction,not_applicable,1,0,0,0
schelling,primary_discovery,unrestricted_temporal_search,unrestricted,meso_district_move_distance_std,macro_global_spatial_neighbor_similarity,not_applicable,1,0,0,0
schelling,primary_discovery,unrestricted_temporal_search,unrestricted,meso_district_move_distance_std,macro_global_unhappy_fraction,not_applicable,1,0,0,0
schelling,primary_discovery,unrestricted_temporal_search,unrestricted,meso_district_move_distance_std,mean_local_similarity,not_applicable,1,0,0,0
schelling,primary_discovery,unrestricted_temporal_search,unrestricted,meso_district_move_distance_std,mean_neighbour_count,not_applicable,1,0,0,0
schelling,primary_discovery,unrestricted_temporal_search,unrestricted,meso_district_move_distance_std,meso_district_boundary_fraction_std,not_applicable,1,0,0,0
schelling,primary_discovery,unrestricted_temporal_search,unrestricted,meso_district_move_distance_std,meso_district_destination_similarity_std,not_applicable,1,0,0,0
schelling,primary_discovery,unrestricted_temporal_search,unrestricted,meso_district_move_distance_std,meso_district_group_entropy_mean,not_applicable,1,0,0,0
schelling,primary_discovery,unrestricted_temporal_search,unrestricted,meso_district_move_distance_std,meso_district_local_similarity_std,not_applicable,1,0,0,0
schelling,primary_discovery,unrestricted_temporal_search,unrestricted,meso_district_move_distance_std,meso_district_move_fraction_std,not_applicable,1,0,0,0
schelling,primary_discovery,unrestricted_temporal_search,unrestricted,meso_district_move_distance_std,meso_district_neighbour_count_std,not_applicable,1,0,0,0
schelling,primary_discovery,unrestricted_temporal_search,unrestricted,meso_district_move_distance_std,meso_district_unhappy_fraction_std,not_applicable,1,0,0,0
schelling,primary_discovery,unrestricted_temporal_search,unrestricted,meso_district_move_distance_std,move_distance_std,not_applicable,1,0,0,0
schelling,primary_discovery,unrestricted_temporal_search,unrestricted,meso_district_move_distance_std,moved_fraction,not_applicable,1,0,0,0
schelling,primary_discovery,unrestricted_temporal_search,unrestricted,meso_district_move_distance_std,quantile_25_local_similarity,not_applicable,1,0,0,0
schelling,primary_discovery,unrestricted_temporal_search,unrestricted,meso_district_move_distance_std,quantile_75_local_similarity,not_applicable,1,0,0,0
schelling,primary_discovery,unrestricted_temporal_search,unrestricted,meso_district_move_distance_std,std_destination_similarity,not_applicable,1,0,0,0
schelling,primary_discovery,unrestricted_temporal_search,unrestricted,meso_district_move_distance_std,std_local_similarity,not_applicable,1,0,0,0
schelling,primary_discovery,unrestricted_temporal_search,unrestricted,meso_district_move_distance_std,std_neighbour_count,not_applicable,1,0,0,0
schelling,primary_discovery,unrestricted_temporal_search,unrestricted,meso_district_move_distance_std,unhappy_fraction,not_applicable,1,0,0,0
schelling,primary_discovery,unrestricted_temporal_search,unrestricted,meso_district_move_fraction_std,boundary_fraction,not_applicable,1,0,0,0
schelling,primary_discovery,unrestricted_temporal_search,unrestricted,meso_district_move_fraction_std,macro_global_connected_components,not_applicable,1,0,0,0
schelling,primary_discovery,unrestricted_temporal_search,unrestricted,meso_district_move_fraction_std,macro_global_moved_fraction,supported,4,4,2,0
schelling,primary_discovery,unrestricted_temporal_search,unrestricted,meso_district_move_fraction_std,macro_global_spatial_neighbor_similarity,supported,2,2,2,0
schelling,primary_discovery,unrestricted_temporal_search,unrestricted,meso_district_move_fraction_std,macro_global_unhappy_fraction,not_applicable,1,0,0,0
schelling,primary_discovery,unrestricted_temporal_search,unrestricted,meso_district_move_fraction_std,mean_destination_similarity_movers,not_applicable,1,0,0,0
schelling,primary_discovery,unrestricted_temporal_search,unrestricted,meso_district_move_fraction_std,mean_local_similarity,not_applicable,1,0,0,0
schelling,primary_discovery,unrestricted_temporal_search,unrestricted,meso_district_move_fraction_std,mean_move_distance,not_applicable,1,0,0,0
schelling,primary_discovery,unrestricted_temporal_search,unrestricted,meso_district_move_fraction_std,mean_neighbour_count,not_applicable,1,0,0,0
schelling,primary_discovery,unrestricted_temporal_search,unrestricted,meso_district_move_fraction_std,meso_district_boundary_fraction_std,not_applicable,1,0,0,0
schelling,primary_discovery,unrestricted_temporal_search,unrestricted,meso_district_move_fraction_std,meso_district_destination_similarity_std,not_applicable,1,0,0,0
schelling,primary_discovery,unrestricted_temporal_search,unrestricted,meso_district_move_fraction_std,meso_district_group_entropy_mean,not_applicable,1,0,0,0
schelling,primary_discovery,unrestricted_temporal_search,unrestricted,meso_district_move_fraction_std,meso_district_local_similarity_std,not_applicable,1,0,0,0
schelling,primary_discovery,unrestricted_temporal_search,unrestricted,meso_district_move_fraction_std,meso_district_move_distance_std,not_applicable,1,0,0,0
schelling,primary_discovery,unrestricted_temporal_search,unrestricted,meso_district_move_fraction_std,meso_district_unhappy_fraction_std,not_applicable,1,0,0,0
schelling,primary_discovery,unrestricted_temporal_search,unrestricted,meso_district_move_fraction_std,move_distance_std,not_applicable,1,0,0,0
schelling,primary_discovery,unrestricted_temporal_search,unrestricted,meso_district_move_fraction_std,moved_fraction,not_applicable,1,0,0,0
schelling,primary_discovery,unrestricted_temporal_search,unrestricted,meso_district_move_fraction_std,quantile_25_local_similarity,not_applicable,1,0,0,0
schelling,primary_discovery,unrestricted_temporal_search,unrestricted,meso_district_move_fraction_std,quantile_75_local_similarity,not_applicable,1,0,0,0
schelling,primary_discovery,unrestricted_temporal_search,unrestricted,meso_district_move_fraction_std,std_destination_similarity,not_applicable,1,0,0,0
schelling,primary_discovery,unrestricted_temporal_search,unrestricted,meso_district_move_fraction_std,std_local_similarity,not_applicable,1,0,0,0
schelling,primary_discovery,unrestricted_temporal_search,unrestricted,meso_district_move_fraction_std,std_neighbour_count,not_applicable,1,0,0,0
schelling,primary_discovery,unrestricted_temporal_search,unrestricted,meso_district_move_fraction_std,unhappy_fraction,not_applicable,1,0,0,0
schelling,primary_discovery,unrestricted_temporal_search,unrestricted,meso_district_move_fraction_std,unhappy_local_similarity_mean,not_applicable,1,0,0,0
schelling,primary_discovery,unrestricted_temporal_search,unrestricted,meso_district_neighbour_count_std,boundary_fraction,not_applicable,1,0,0,0
schelling,primary_discovery,unrestricted_temporal_search,unrestricted,meso_district_neighbour_count_std,macro_global_connected_components,not_applicable,1,0,0,0
schelling,primary_discovery,unrestricted_temporal_search,unrestricted,meso_district_neighbour_count_std,macro_global_moved_fraction,not_applicable,1,0,0,0
schelling,primary_discovery,unrestricted_temporal_search,unrestricted,meso_district_neighbour_count_std,macro_global_spatial_neighbor_similarity,not_applicable,1,0,0,0
schelling,primary_discovery,unrestricted_temporal_search,unrestricted,meso_district_neighbour_count_std,macro_global_unhappy_fraction,no_stable_downstream_effect,2,2,0,0
schelling,primary_discovery,unrestricted_temporal_search,unrestricted,meso_district_neighbour_count_std,mean_local_similarity,not_applicable,1,0,0,0
schelling,primary_discovery,unrestricted_temporal_search,unrestricted,meso_district_neighbour_count_std,mean_neighbour_count,not_applicable,1,0,0,0
schelling,primary_discovery,unrestricted_temporal_search,unrestricted,meso_district_neighbour_count_std,meso_district_boundary_fraction_std,not_applicable,1,0,0,0
schelling,primary_discovery,unrestricted_temporal_search,unrestricted,meso_district_neighbour_count_std,meso_district_group_entropy_mean,not_applicable,1,0,0,0
schelling,primary_discovery,unrestricted_temporal_search,unrestricted,meso_district_neighbour_count_std,meso_district_local_similarity_std,not_applicable,1,0,0,0
schelling,primary_discovery,unrestricted_temporal_search,unrestricted,meso_district_neighbour_count_std,meso_district_move_distance_std,not_applicable,1,0,0,0
schelling,primary_discovery,unrestricted_temporal_search,unrestricted,meso_district_neighbour_count_std,meso_district_move_fraction_std,not_applicable,1,0,0,0
schelling,primary_discovery,unrestricted_temporal_search,unrestricted,meso_district_neighbour_count_std,meso_district_unhappy_fraction_std,not_applicable,1,0,0,0
schelling,primary_discovery,unrestricted_temporal_search,unrestricted,meso_district_neighbour_count_std,moved_fraction,not_applicable,1,0,0,0
schelling,primary_discovery,unrestricted_temporal_search,unrestricted,meso_district_neighbour_count_std,quantile_25_local_similarity,not_applicable,1,0,0,0
schelling,primary_discovery,unrestricted_temporal_search,unrestricted,meso_district_neighbour_count_std,quantile_75_local_similarity,not_applicable,1,0,0,0
schelling,primary_discovery,unrestricted_temporal_search,unrestricted,meso_district_neighbour_count_std,std_neighbour_count,not_applicable,1,0,0,0
schelling,primary_discovery,unrestricted_temporal_search,unrestricted,meso_district_neighbour_count_std,unhappy_fraction,not_applicable,1,0,0,0
schelling,primary_discovery,unrestricted_temporal_search,unrestricted,meso_district_unhappy_fraction_std,boundary_fraction,not_applicable,1,0,0,0
schelling,primary_discovery,unrestricted_temporal_search,unrestricted,meso_district_unhappy_fraction_std,macro_global_connected_components,supported,2,2,1,0
schelling,primary_discovery,unrestricted_temporal_search,unrestricted,meso_district_unhappy_fraction_std,macro_global_moved_fraction,not_applicable,1,0,0,0
schelling,primary_discovery,unrestricted_temporal_search,unrestricted,meso_district_unhappy_fraction_std,macro_global_spatial_neighbor_similarity,not_applicable,1,0,0,0
schelling,primary_discovery,unrestricted_temporal_search,unrestricted,meso_district_unhappy_fraction_std,macro_global_unhappy_fraction,manipulation_failure,2,2,0,0
schelling,primary_discovery,unrestricted_temporal_search,unrestricted,meso_district_unhappy_fraction_std,mean_local_similarity,not_applicable,1,0,0,0
schelling,primary_discovery,unrestricted_temporal_search,unrestricted,meso_district_unhappy_fraction_std,mean_move_distance,not_applicable,1,0,0,0
schelling,primary_discovery,unrestricted_temporal_search,unrestricted,meso_district_unhappy_fraction_std,mean_neighbour_count,not_applicable,1,0,0,0
schelling,primary_discovery,unrestricted_temporal_search,unrestricted,meso_district_unhappy_fraction_std,meso_district_boundary_fraction_std,not_applicable,1,0,0,0
schelling,primary_discovery,unrestricted_temporal_search,unrestricted,meso_district_unhappy_fraction_std,meso_district_destination_similarity_std,not_applicable,1,0,0,0
schelling,primary_discovery,unrestricted_temporal_search,unrestricted,meso_district_unhappy_fraction_std,meso_district_group_entropy_mean,not_applicable,1,0,0,0
schelling,primary_discovery,unrestricted_temporal_search,unrestricted,meso_district_unhappy_fraction_std,meso_district_local_similarity_std,not_applicable,1,0,0,0
schelling,primary_discovery,unrestricted_temporal_search,unrestricted,meso_district_unhappy_fraction_std,meso_district_move_distance_std,not_applicable,1,0,0,0
schelling,primary_discovery,unrestricted_temporal_search,unrestricted,meso_district_unhappy_fraction_std,meso_district_move_fraction_std,not_applicable,1,0,0,0
schelling,primary_discovery,unrestricted_temporal_search,unrestricted,meso_district_unhappy_fraction_std,meso_district_neighbour_count_std,not_applicable,1,0,0,0
schelling,primary_discovery,unrestricted_temporal_search,unrestricted,meso_district_unhappy_fraction_std,move_distance_std,not_applicable,1,0,0,0
schelling,primary_discovery,unrestricted_temporal_search,unrestricted,meso_district_unhappy_fraction_std,moved_fraction,not_applicable,1,0,0,0
schelling,primary_discovery,unrestricted_temporal_search,unrestricted,meso_district_unhappy_fraction_std,quantile_25_local_similarity,not_applicable,1,0,0,0
schelling,primary_discovery,unrestricted_temporal_search,unrestricted,meso_district_unhappy_fraction_std,quantile_75_local_similarity,not_applicable,1,0,0,0
schelling,primary_discovery,unrestricted_temporal_search,unrestricted,meso_district_unhappy_fraction_std,std_destination_similarity,not_applicable,1,0,0,0
schelling,primary_discovery,unrestricted_temporal_search,unrestricted,meso_district_unhappy_fraction_std,std_local_similarity,not_applicable,1,0,0,0
schelling,primary_discovery,unrestricted_temporal_search,unrestricted,meso_district_unhappy_fraction_std,std_neighbour_count,not_applicable,1,0,0,0
schelling,primary_discovery,unrestricted_temporal_search,unrestricted,meso_district_unhappy_fraction_std,unhappy_fraction,not_applicable,1,0,0,0
schelling,primary_discovery,unrestricted_temporal_search,unrestricted,move_distance_std,boundary_fraction,not_applicable,1,0,0,0
schelling,primary_discovery,unrestricted_temporal_search,unrestricted,move_distance_std,local_similarity_entropy,not_applicable,1,0,0,0
schelling,primary_discovery,unrestricted_temporal_search,unrestricted,move_distance_std,macro_global_connected_components,not_applicable,1,0,0,0
schelling,primary_discovery,unrestricted_temporal_search,unrestricted,move_distance_std,macro_global_moved_fraction,not_applicable,1,0,0,0
schelling,primary_discovery,unrestricted_temporal_search,unrestricted,move_distance_std,macro_global_spatial_neighbor_similarity,not_applicable,1,0,0,0
schelling,primary_discovery,unrestricted_temporal_search,unrestricted,move_distance_std,macro_global_unhappy_fraction,not_applicable,1,0,0,0
schelling,primary_discovery,unrestricted_temporal_search,unrestricted,move_distance_std,mean_local_similarity,not_applicable,1,0,0,0
schelling,primary_discovery,unrestricted_temporal_search,unrestricted,move_distance_std,mean_neighbour_count,not_applicable,1,0,0,0
schelling,primary_discovery,unrestricted_temporal_search,unrestricted,move_distance_std,meso_district_boundary_fraction_std,not_applicable,1,0,0,0
schelling,primary_discovery,unrestricted_temporal_search,unrestricted,move_distance_std,meso_district_destination_similarity_std,not_applicable,1,0,0,0
schelling,primary_discovery,unrestricted_temporal_search,unrestricted,move_distance_std,meso_district_group_entropy_mean,not_applicable,1,0,0,0
schelling,primary_discovery,unrestricted_temporal_search,unrestricted,move_distance_std,meso_district_local_similarity_std,not_applicable,1,0,0,0
schelling,primary_discovery,unrestricted_temporal_search,unrestricted,move_distance_std,meso_district_move_distance_std,not_applicable,1,0,0,0
schelling,primary_discovery,unrestricted_temporal_search,unrestricted,move_distance_std,meso_district_move_fraction_std,not_applicable,1,0,0,0
schelling,primary_discovery,unrestricted_temporal_search,unrestricted,move_distance_std,meso_district_neighbour_count_std,not_applicable,1,0,0,0
schelling,primary_discovery,unrestricted_temporal_search,unrestricted,move_distance_std,meso_district_unhappy_fraction_std,not_applicable,1,0,0,0
schelling,primary_discovery,unrestricted_temporal_search,unrestricted,move_distance_std,moved_fraction,not_applicable,1,0,0,0
schelling,primary_discovery,unrestricted_temporal_search,unrestricted,move_distance_std,quantile_25_local_similarity,not_applicable,1,0,0,0
schelling,primary_discovery,unrestricted_temporal_search,unrestricted,move_distance_std,quantile_75_local_similarity,not_applicable,1,0,0,0
schelling,primary_discovery,unrestricted_temporal_search,unrestricted,move_distance_std,std_destination_similarity,not_applicable,1,0,0,0
schelling,primary_discovery,unrestricted_temporal_search,unrestricted,move_distance_std,std_local_similarity,not_applicable,1,0,0,0
schelling,primary_discovery,unrestricted_temporal_search,unrestricted,move_distance_std,std_neighbour_count,not_applicable,1,0,0,0
schelling,primary_discovery,unrestricted_temporal_search,unrestricted,move_distance_std,unhappy_fraction,not_applicable,1,0,0,0
schelling,primary_discovery,unrestricted_temporal_search,unrestricted,moved_fraction,boundary_fraction,not_applicable,1,0,0,0
schelling,primary_discovery,unrestricted_temporal_search,unrestricted,moved_fraction,macro_global_connected_components,not_applicable,1,0,0,0
schelling,primary_discovery,unrestricted_temporal_search,unrestricted,moved_fraction,macro_global_moved_fraction,not_applicable,1,0,0,0
schelling,primary_discovery,unrestricted_temporal_search,unrestricted,moved_fraction,macro_global_spatial_neighbor_similarity,not_applicable,1,0,0,0
schelling,primary_discovery,unrestricted_temporal_search,unrestricted,moved_fraction,macro_global_unhappy_fraction,not_applicable,1,0,0,0
schelling,primary_discovery,unrestricted_temporal_search,unrestricted,moved_fraction,mean_local_similarity,not_applicable,1,0,0,0
schelling,primary_discovery,unrestricted_temporal_search,unrestricted,moved_fraction,mean_neighbour_count,not_applicable,1,0,0,0
schelling,primary_discovery,unrestricted_temporal_search,unrestricted,moved_fraction,meso_district_boundary_fraction_std,no_stable_downstream_effect,2,2,0,0
schelling,primary_discovery,unrestricted_temporal_search,unrestricted,moved_fraction,meso_district_destination_similarity_std,supported,2,2,2,0
schelling,primary_discovery,unrestricted_temporal_search,unrestricted,moved_fraction,meso_district_group_entropy_mean,supported,2,2,1,0
schelling,primary_discovery,unrestricted_temporal_search,unrestricted,moved_fraction,meso_district_local_similarity_std,no_stable_downstream_effect,2,2,0,0
schelling,primary_discovery,unrestricted_temporal_search,unrestricted,moved_fraction,meso_district_move_distance_std,supported,2,2,2,0
schelling,primary_discovery,unrestricted_temporal_search,unrestricted,moved_fraction,meso_district_move_fraction_std,supported,2,2,2,0
schelling,primary_discovery,unrestricted_temporal_search,unrestricted,moved_fraction,meso_district_neighbour_count_std,no_stable_downstream_effect,2,2,0,0
schelling,primary_discovery,unrestricted_temporal_search,unrestricted,moved_fraction,meso_district_unhappy_fraction_std,supported,2,2,2,0
schelling,primary_discovery,unrestricted_temporal_search,unrestricted,moved_fraction,move_distance_std,not_applicable,1,0,0,0
schelling,primary_discovery,unrestricted_temporal_search,unrestricted,moved_fraction,quantile_25_local_similarity,not_applicable,1,0,0,0
schelling,primary_discovery,unrestricted_temporal_search,unrestricted,moved_fraction,quantile_75_local_similarity,not_applicable,1,0,0,0
schelling,primary_discovery,unrestricted_temporal_search,unrestricted,moved_fraction,std_local_similarity,not_applicable,1,0,0,0
schelling,primary_discovery,unrestricted_temporal_search,unrestricted,moved_fraction,std_neighbour_count,not_applicable,1,0,0,0
schelling,primary_discovery,unrestricted_temporal_search,unrestricted,moved_fraction,unhappy_fraction,not_applicable,1,0,0,0
schelling,primary_discovery,unrestricted_temporal_search,unrestricted,quantile_25_local_similarity,boundary_fraction,not_applicable,1,0,0,0
schelling,primary_discovery,unrestricted_temporal_search,unrestricted,quantile_25_local_similarity,macro_global_connected_components,not_applicable,1,0,0,0
schelling,primary_discovery,unrestricted_temporal_search,unrestricted,quantile_25_local_similarity,macro_global_spatial_neighbor_similarity,not_applicable,1,0,0,0
schelling,primary_discovery,unrestricted_temporal_search,unrestricted,quantile_25_local_similarity,macro_global_unhappy_fraction,not_applicable,1,0,0,0
schelling,primary_discovery,unrestricted_temporal_search,unrestricted,quantile_25_local_similarity,mean_local_similarity,not_applicable,1,0,0,0
schelling,primary_discovery,unrestricted_temporal_search,unrestricted,quantile_25_local_similarity,mean_neighbour_count,not_applicable,1,0,0,0
schelling,primary_discovery,unrestricted_temporal_search,unrestricted,quantile_25_local_similarity,meso_district_boundary_fraction_std,not_applicable,1,0,0,0
schelling,primary_discovery,unrestricted_temporal_search,unrestricted,quantile_25_local_similarity,meso_district_destination_similarity_std,not_applicable,1,0,0,0
schelling,primary_discovery,unrestricted_temporal_search,unrestricted,quantile_25_local_similarity,meso_district_group_entropy_mean,not_applicable,1,0,0,0
schelling,primary_discovery,unrestricted_temporal_search,unrestricted,quantile_25_local_similarity,meso_district_local_similarity_std,not_applicable,1,0,0,0
schelling,primary_discovery,unrestricted_temporal_search,unrestricted,quantile_25_local_similarity,meso_district_move_fraction_std,not_applicable,1,0,0,0
schelling,primary_discovery,unrestricted_temporal_search,unrestricted,quantile_25_local_similarity,meso_district_neighbour_count_std,not_applicable,1,0,0,0
schelling,primary_discovery,unrestricted_temporal_search,unrestricted,quantile_25_local_similarity,meso_district_unhappy_fraction_std,not_applicable,1,0,0,0
schelling,primary_discovery,unrestricted_temporal_search,unrestricted,quantile_25_local_similarity,quantile_75_local_similarity,not_applicable,1,0,0,0
schelling,primary_discovery,unrestricted_temporal_search,unrestricted,quantile_25_local_similarity,std_destination_similarity,not_applicable,1,0,0,0
schelling,primary_discovery,unrestricted_temporal_search,unrestricted,quantile_25_local_similarity,std_local_similarity,not_applicable,1,0,0,0
schelling,primary_discovery,unrestricted_temporal_search,unrestricted,quantile_25_local_similarity,std_neighbour_count,not_applicable,1,0,0,0
schelling,primary_discovery,unrestricted_temporal_search,unrestricted,quantile_25_local_similarity,unhappy_fraction,not_applicable,1,0,0,0
schelling,primary_discovery,unrestricted_temporal_search,unrestricted,quantile_75_local_similarity,boundary_fraction,not_applicable,1,0,0,0
schelling,primary_discovery,unrestricted_temporal_search,unrestricted,quantile_75_local_similarity,macro_global_connected_components,not_applicable,1,0,0,0
schelling,primary_discovery,unrestricted_temporal_search,unrestricted,quantile_75_local_similarity,macro_global_moved_fraction,not_applicable,1,0,0,0
schelling,primary_discovery,unrestricted_temporal_search,unrestricted,quantile_75_local_similarity,macro_global_spatial_neighbor_similarity,not_applicable,1,0,0,0
schelling,primary_discovery,unrestricted_temporal_search,unrestricted,quantile_75_local_similarity,macro_global_unhappy_fraction,not_applicable,1,0,0,0
schelling,primary_discovery,unrestricted_temporal_search,unrestricted,quantile_75_local_similarity,mean_local_similarity,not_applicable,1,0,0,0
schelling,primary_discovery,unrestricted_temporal_search,unrestricted,quantile_75_local_similarity,mean_neighbour_count,not_applicable,1,0,0,0
schelling,primary_discovery,unrestricted_temporal_search,unrestricted,quantile_75_local_similarity,meso_district_boundary_fraction_std,not_applicable,1,0,0,0
schelling,primary_discovery,unrestricted_temporal_search,unrestricted,quantile_75_local_similarity,meso_district_destination_similarity_std,not_applicable,1,0,0,0
schelling,primary_discovery,unrestricted_temporal_search,unrestricted,quantile_75_local_similarity,meso_district_group_entropy_mean,not_applicable,1,0,0,0
schelling,primary_discovery,unrestricted_temporal_search,unrestricted,quantile_75_local_similarity,meso_district_local_similarity_std,not_applicable,1,0,0,0
schelling,primary_discovery,unrestricted_temporal_search,unrestricted,quantile_75_local_similarity,meso_district_move_distance_std,not_applicable,1,0,0,0
schelling,primary_discovery,unrestricted_temporal_search,unrestricted,quantile_75_local_similarity,meso_district_move_fraction_std,not_applicable,1,0,0,0
schelling,primary_discovery,unrestricted_temporal_search,unrestricted,quantile_75_local_similarity,meso_district_unhappy_fraction_std,not_applicable,1,0,0,0
schelling,primary_discovery,unrestricted_temporal_search,unrestricted,quantile_75_local_similarity,move_distance_std,not_applicable,1,0,0,0
schelling,primary_discovery,unrestricted_temporal_search,unrestricted,quantile_75_local_similarity,moved_fraction,not_applicable,1,0,0,0
schelling,primary_discovery,unrestricted_temporal_search,unrestricted,quantile_75_local_similarity,quantile_25_local_similarity,not_applicable,1,0,0,0
schelling,primary_discovery,unrestricted_temporal_search,unrestricted,quantile_75_local_similarity,std_local_similarity,not_applicable,1,0,0,0
schelling,primary_discovery,unrestricted_temporal_search,unrestricted,quantile_75_local_similarity,std_neighbour_count,not_applicable,1,0,0,0
schelling,primary_discovery,unrestricted_temporal_search,unrestricted,quantile_75_local_similarity,unhappy_fraction,not_applicable,1,0,0,0
schelling,primary_discovery,unrestricted_temporal_search,unrestricted,relocation_response_fraction,boundary_fraction,not_applicable,1,0,0,0
schelling,primary_discovery,unrestricted_temporal_search,unrestricted,relocation_response_fraction,local_similarity_entropy,not_applicable,1,0,0,0
schelling,primary_discovery,unrestricted_temporal_search,unrestricted,relocation_response_fraction,macro_global_spatial_neighbor_similarity,not_applicable,1,0,0,0
schelling,primary_discovery,unrestricted_temporal_search,unrestricted,relocation_response_fraction,mean_destination_similarity_movers,not_applicable,1,0,0,0
schelling,primary_discovery,unrestricted_temporal_search,unrestricted,relocation_response_fraction,mean_local_similarity,not_applicable,1,0,0,0
schelling,primary_discovery,unrestricted_temporal_search,unrestricted,relocation_response_fraction,mean_move_distance,not_applicable,1,0,0,0
schelling,primary_discovery,unrestricted_temporal_search,unrestricted,relocation_response_fraction,meso_district_move_distance_std,manipulation_failure,2,2,0,0
schelling,primary_discovery,unrestricted_temporal_search,unrestricted,relocation_response_fraction,meso_district_move_fraction_std,manipulation_failure,2,2,0,0
schelling,primary_discovery,unrestricted_temporal_search,unrestricted,relocation_response_fraction,meso_district_unhappy_fraction_std,manipulation_failure,2,2,0,0
schelling,primary_discovery,unrestricted_temporal_search,unrestricted,relocation_response_fraction,move_distance_std,not_applicable,1,0,0,0
schelling,primary_discovery,unrestricted_temporal_search,unrestricted,relocation_response_fraction,std_destination_similarity,not_applicable,1,0,0,0
schelling,primary_discovery,unrestricted_temporal_search,unrestricted,relocation_response_fraction,std_local_similarity,not_applicable,1,0,0,0
schelling,primary_discovery,unrestricted_temporal_search,unrestricted,relocation_response_fraction,std_neighbour_count,not_applicable,1,0,0,0
schelling,primary_discovery,unrestricted_temporal_search,unrestricted,relocation_response_fraction,unhappy_local_similarity_mean,not_applicable,1,0,0,0
schelling,primary_discovery,unrestricted_temporal_search,unrestricted,std_destination_similarity,boundary_fraction,not_applicable,1,0,0,0
schelling,primary_discovery,unrestricted_temporal_search,unrestricted,std_destination_similarity,local_similarity_entropy,not_applicable,1,0,0,0
schelling,primary_discovery,unrestricted_temporal_search,unrestricted,std_destination_similarity,macro_global_connected_components,not_applicable,1,0,0,0
schelling,primary_discovery,unrestricted_temporal_search,unrestricted,std_destination_similarity,macro_global_moved_fraction,not_applicable,1,0,0,0
schelling,primary_discovery,unrestricted_temporal_search,unrestricted,std_destination_similarity,macro_global_spatial_neighbor_similarity,not_applicable,1,0,0,0
schelling,primary_discovery,unrestricted_temporal_search,unrestricted,std_destination_similarity,macro_global_unhappy_fraction,not_applicable,1,0,0,0
schelling,primary_discovery,unrestricted_temporal_search,unrestricted,std_destination_similarity,mean_local_similarity,not_applicable,1,0,0,0
schelling,primary_discovery,unrestricted_temporal_search,unrestricted,std_destination_similarity,mean_neighbour_count,not_applicable,1,0,0,0
schelling,primary_discovery,unrestricted_temporal_search,unrestricted,std_destination_similarity,meso_district_destination_similarity_std,not_applicable,1,0,0,0
schelling,primary_discovery,unrestricted_temporal_search,unrestricted,std_destination_similarity,meso_district_group_entropy_mean,not_applicable,1,0,0,0
schelling,primary_discovery,unrestricted_temporal_search,unrestricted,std_destination_similarity,meso_district_local_similarity_std,not_applicable,1,0,0,0
schelling,primary_discovery,unrestricted_temporal_search,unrestricted,std_destination_similarity,meso_district_move_fraction_std,not_applicable,1,0,0,0
schelling,primary_discovery,unrestricted_temporal_search,unrestricted,std_destination_similarity,meso_district_neighbour_count_std,not_applicable,1,0,0,0
schelling,primary_discovery,unrestricted_temporal_search,unrestricted,std_destination_similarity,meso_district_unhappy_fraction_std,not_applicable,1,0,0,0
schelling,primary_discovery,unrestricted_temporal_search,unrestricted,std_destination_similarity,moved_fraction,not_applicable,1,0,0,0
schelling,primary_discovery,unrestricted_temporal_search,unrestricted,std_destination_similarity,quantile_25_local_similarity,not_applicable,1,0,0,0
schelling,primary_discovery,unrestricted_temporal_search,unrestricted,std_destination_similarity,quantile_75_local_similarity,not_applicable,1,0,0,0
schelling,primary_discovery,unrestricted_temporal_search,unrestricted,std_destination_similarity,std_local_similarity,not_applicable,1,0,0,0
schelling,primary_discovery,unrestricted_temporal_search,unrestricted,std_destination_similarity,std_neighbour_count,not_applicable,1,0,0,0
schelling,primary_discovery,unrestricted_temporal_search,unrestricted,std_destination_similarity,unhappy_fraction,not_applicable,1,0,0,0
schelling,primary_discovery,unrestricted_temporal_search,unrestricted,std_destination_similarity,unhappy_local_similarity_mean,not_applicable,1,0,0,0
schelling,primary_discovery,unrestricted_temporal_search,unrestricted,std_local_similarity,boundary_fraction,not_applicable,1,0,0,0
schelling,primary_discovery,unrestricted_temporal_search,unrestricted,std_local_similarity,macro_global_connected_components,not_applicable,1,0,0,0
schelling,primary_discovery,unrestricted_temporal_search,unrestricted,std_local_similarity,macro_global_moved_fraction,not_applicable,1,0,0,0
schelling,primary_discovery,unrestricted_temporal_search,unrestricted,std_local_similarity,macro_global_spatial_neighbor_similarity,not_applicable,1,0,0,0
schelling,primary_discovery,unrestricted_temporal_search,unrestricted,std_local_similarity,macro_global_unhappy_fraction,not_applicable,1,0,0,0
schelling,primary_discovery,unrestricted_temporal_search,unrestricted,std_local_similarity,mean_destination_similarity_movers,not_applicable,1,0,0,0
schelling,primary_discovery,unrestricted_temporal_search,unrestricted,std_local_similarity,mean_local_similarity,not_applicable,1,0,0,0
schelling,primary_discovery,unrestricted_temporal_search,unrestricted,std_local_similarity,mean_move_distance,not_applicable,1,0,0,0
schelling,primary_discovery,unrestricted_temporal_search,unrestricted,std_local_similarity,mean_neighbour_count,not_applicable,1,0,0,0
schelling,primary_discovery,unrestricted_temporal_search,unrestricted,std_local_similarity,meso_district_destination_similarity_std,not_applicable,1,0,0,0
schelling,primary_discovery,unrestricted_temporal_search,unrestricted,std_local_similarity,meso_district_group_entropy_mean,not_applicable,1,0,0,0
schelling,primary_discovery,unrestricted_temporal_search,unrestricted,std_local_similarity,meso_district_local_similarity_std,not_applicable,1,0,0,0
schelling,primary_discovery,unrestricted_temporal_search,unrestricted,std_local_similarity,meso_district_move_distance_std,not_applicable,1,0,0,0
schelling,primary_discovery,unrestricted_temporal_search,unrestricted,std_local_similarity,meso_district_move_fraction_std,not_applicable,1,0,0,0
schelling,primary_discovery,unrestricted_temporal_search,unrestricted,std_local_similarity,meso_district_neighbour_count_std,not_applicable,1,0,0,0
schelling,primary_discovery,unrestricted_temporal_search,unrestricted,std_local_similarity,meso_district_unhappy_fraction_std,not_applicable,1,0,0,0
schelling,primary_discovery,unrestricted_temporal_search,unrestricted,std_local_similarity,move_distance_std,not_applicable,1,0,0,0
schelling,primary_discovery,unrestricted_temporal_search,unrestricted,std_local_similarity,moved_fraction,not_applicable,1,0,0,0
schelling,primary_discovery,unrestricted_temporal_search,unrestricted,std_local_similarity,quantile_25_local_similarity,not_applicable,1,0,0,0
schelling,primary_discovery,unrestricted_temporal_search,unrestricted,std_local_similarity,quantile_75_local_similarity,not_applicable,1,0,0,0
schelling,primary_discovery,unrestricted_temporal_search,unrestricted,std_local_similarity,std_destination_similarity,not_applicable,1,0,0,0
schelling,primary_discovery,unrestricted_temporal_search,unrestricted,std_local_similarity,std_neighbour_count,not_applicable,1,0,0,0
schelling,primary_discovery,unrestricted_temporal_search,unrestricted,std_local_similarity,unhappy_fraction,not_applicable,1,0,0,0
schelling,primary_discovery,unrestricted_temporal_search,unrestricted,std_neighbour_count,boundary_fraction,not_applicable,1,0,0,0
schelling,primary_discovery,unrestricted_temporal_search,unrestricted,std_neighbour_count,macro_global_spatial_neighbor_similarity,not_applicable,1,0,0,0
schelling,primary_discovery,unrestricted_temporal_search,unrestricted,std_neighbour_count,macro_global_unhappy_fraction,not_applicable,1,0,0,0
schelling,primary_discovery,unrestricted_temporal_search,unrestricted,std_neighbour_count,mean_local_similarity,not_applicable,1,0,0,0
schelling,primary_discovery,unrestricted_temporal_search,unrestricted,std_neighbour_count,meso_district_boundary_fraction_std,not_applicable,1,0,0,0
schelling,primary_discovery,unrestricted_temporal_search,unrestricted,std_neighbour_count,meso_district_group_entropy_mean,not_applicable,1,0,0,0
schelling,primary_discovery,unrestricted_temporal_search,unrestricted,std_neighbour_count,meso_district_local_similarity_std,not_applicable,1,0,0,0
schelling,primary_discovery,unrestricted_temporal_search,unrestricted,std_neighbour_count,meso_district_neighbour_count_std,not_applicable,1,0,0,0
schelling,primary_discovery,unrestricted_temporal_search,unrestricted,std_neighbour_count,meso_district_unhappy_fraction_std,not_applicable,1,0,0,0
schelling,primary_discovery,unrestricted_temporal_search,unrestricted,std_neighbour_count,quantile_25_local_similarity,not_applicable,1,0,0,0
schelling,primary_discovery,unrestricted_temporal_search,unrestricted,std_neighbour_count,quantile_75_local_similarity,not_applicable,1,0,0,0
schelling,primary_discovery,unrestricted_temporal_search,unrestricted,std_neighbour_count,std_local_similarity,not_applicable,1,0,0,0
schelling,primary_discovery,unrestricted_temporal_search,unrestricted,std_neighbour_count,unhappy_fraction,not_applicable,1,0,0,0
schelling,primary_discovery,unrestricted_temporal_search,unrestricted,unhappy_fraction,boundary_fraction,not_applicable,1,0,0,0
schelling,primary_discovery,unrestricted_temporal_search,unrestricted,unhappy_fraction,macro_global_connected_components,not_applicable,1,0,0,0
schelling,primary_discovery,unrestricted_temporal_search,unrestricted,unhappy_fraction,macro_global_moved_fraction,not_applicable,1,0,0,0
schelling,primary_discovery,unrestricted_temporal_search,unrestricted,unhappy_fraction,macro_global_spatial_neighbor_similarity,not_applicable,1,0,0,0
schelling,primary_discovery,unrestricted_temporal_search,unrestricted,unhappy_fraction,macro_global_unhappy_fraction,not_applicable,1,0,0,0
schelling,primary_discovery,unrestricted_temporal_search,unrestricted,unhappy_fraction,mean_destination_similarity_movers,not_applicable,1,0,0,0
schelling,primary_discovery,unrestricted_temporal_search,unrestricted,unhappy_fraction,mean_local_similarity,not_applicable,1,0,0,0
schelling,primary_discovery,unrestricted_temporal_search,unrestricted,unhappy_fraction,mean_move_distance,not_applicable,1,0,0,0
schelling,primary_discovery,unrestricted_temporal_search,unrestricted,unhappy_fraction,mean_neighbour_count,not_applicable,1,0,0,0
schelling,primary_discovery,unrestricted_temporal_search,unrestricted,unhappy_fraction,meso_district_boundary_fraction_std,supported,2,2,1,0
schelling,primary_discovery,unrestricted_temporal_search,unrestricted,unhappy_fraction,meso_district_destination_similarity_std,supported,2,2,2,0
schelling,primary_discovery,unrestricted_temporal_search,unrestricted,unhappy_fraction,meso_district_group_entropy_mean,supported,2,2,1,0
schelling,primary_discovery,unrestricted_temporal_search,unrestricted,unhappy_fraction,meso_district_local_similarity_std,supported,2,2,2,0
schelling,primary_discovery,unrestricted_temporal_search,unrestricted,unhappy_fraction,meso_district_move_distance_std,supported,2,2,2,0
schelling,primary_discovery,unrestricted_temporal_search,unrestricted,unhappy_fraction,meso_district_move_fraction_std,supported,2,2,2,0
schelling,primary_discovery,unrestricted_temporal_search,unrestricted,unhappy_fraction,meso_district_neighbour_count_std,supported,2,2,1,0
schelling,primary_discovery,unrestricted_temporal_search,unrestricted,unhappy_fraction,meso_district_unhappy_fraction_std,supported,2,2,2,0
schelling,primary_discovery,unrestricted_temporal_search,unrestricted,unhappy_fraction,move_distance_std,not_applicable,1,0,0,0
schelling,primary_discovery,unrestricted_temporal_search,unrestricted,unhappy_fraction,moved_fraction,not_applicable,1,0,0,0
schelling,primary_discovery,unrestricted_temporal_search,unrestricted,unhappy_fraction,quantile_25_local_similarity,not_applicable,1,0,0,0
schelling,primary_discovery,unrestricted_temporal_search,unrestricted,unhappy_fraction,quantile_75_local_similarity,not_applicable,1,0,0,0
schelling,primary_discovery,unrestricted_temporal_search,unrestricted,unhappy_fraction,std_destination_similarity,not_applicable,1,0,0,0
schelling,primary_discovery,unrestricted_temporal_search,unrestricted,unhappy_fraction,std_local_similarity,not_applicable,1,0,0,0
schelling,primary_discovery,unrestricted_temporal_search,unrestricted,unhappy_fraction,std_neighbour_count,not_applicable,1,0,0,0
schelling,primary_discovery,unrestricted_temporal_search,unrestricted,unhappy_local_similarity_mean,local_similarity_entropy,not_applicable,1,0,0,0
schelling,primary_discovery,unrestricted_temporal_search,unrestricted,unhappy_local_similarity_mean,meso_district_unhappy_fraction_std,not_applicable,1,0,0,0
schelling,primary_discovery,unrestricted_temporal_search,unrestricted,unhappy_local_similarity_mean,relocation_response_fraction,not_applicable,1,0,0,0
