evaluation_track,scenario,method,hypothesis_group_id,root_source,edge_source,edge_target,source,target,parameter,direction,manipulation_level,manipulation_success,source_significant,target_significant,propagation_order_supported,primary_class,underlying_class,intervention_scope,root_onset,source_onset,target_onset,intervention_delay,observational_lag,observational_beta,lag_difference,temporal_direction_concordant,lag_concordant,root_effect,source_effect,target_effect,not_applicable_reason
primary_discovery,deffuant,unrestricted_temporal_search,unrestricted,,macro_network_assortativity,macro_opinion_global_mean,macro_network_assortativity,macro_opinion_global_mean,,,none,False,False,False,False,not_applicable,not_applicable,none,-1,-1,-1,,4,0.12040183249163139,,,,,,,no_legal_upstream_micro_manipulation_root
primary_discovery,deffuant,unrestricted_temporal_search,unrestricted,,macro_network_assortativity,meso_neighborhood_abs_opinion_variance,macro_network_assortativity,meso_neighborhood_abs_opinion_variance,,,none,False,False,False,False,not_applicable,not_applicable,none,-1,-1,-1,,5,0.07048333524157877,,,,,,,no_legal_upstream_micro_manipulation_root
primary_discovery,deffuant,unrestricted_temporal_search,unrestricted,,macro_network_assortativity,meso_neighborhood_agent_shift_variance,macro_network_assortativity,meso_neighborhood_agent_shift_variance,,,none,False,False,False,False,not_applicable,not_applicable,none,-1,-1,-1,,5,0.17077749934842767,,,,,,,no_legal_upstream_micro_manipulation_root
primary_discovery,deffuant,unrestricted_temporal_search,unrestricted,,macro_network_assortativity,micro_accepted_count,macro_network_assortativity,micro_accepted_count,,,none,False,False,False,False,not_applicable,not_applicable,none,-1,-1,-1,,5,0.5170356836582523,,,,,,,no_legal_upstream_micro_manipulation_root
primary_discovery,deffuant,unrestricted_temporal_search,unrestricted,,macro_network_assortativity,micro_accepted_fraction,macro_network_assortativity,micro_accepted_fraction,,,none,False,False,False,False,not_applicable,not_applicable,none,-1,-1,-1,,5,0.5170356836582451,,,,,,,no_legal_upstream_micro_manipulation_root
primary_discovery,deffuant,unrestricted_temporal_search,unrestricted,,macro_network_assortativity,micro_agent_shift_std,macro_network_assortativity,micro_agent_shift_std,,,none,False,False,False,False,not_applicable,not_applicable,none,-1,-1,-1,,5,0.17905037712615704,,,,,,,no_legal_upstream_micro_manipulation_root
primary_discovery,deffuant,unrestricted_temporal_search,unrestricted,,macro_network_assortativity,micro_backfire_fraction,macro_network_assortativity,micro_backfire_fraction,,,none,False,False,False,False,not_applicable,not_applicable,none,-1,-1,-1,,1,-0.8520623195967676,,,,,,,no_legal_upstream_micro_manipulation_root
primary_discovery,deffuant,unrestricted_temporal_search,unrestricted,,macro_network_assortativity,micro_extreme_agent_fraction,macro_network_assortativity,micro_extreme_agent_fraction,,,none,False,False,False,False,not_applicable,not_applicable,none,-1,-1,-1,,2,-0.6875183643981968,,,,,,,no_legal_upstream_micro_manipulation_root
primary_discovery,deffuant,unrestricted_temporal_search,unrestricted,,macro_network_assortativity,micro_opinion_p25,macro_network_assortativity,micro_opinion_p25,,,none,False,False,False,False,not_applicable,not_applicable,none,-1,-1,-1,,5,0.11666662953592526,,,,,,,no_legal_upstream_micro_manipulation_root
primary_discovery,deffuant,unrestricted_temporal_search,unrestricted,,macro_network_assortativity,micro_opinion_std,macro_network_assortativity,micro_opinion_std,,,none,False,False,False,False,not_applicable,not_applicable,none,-1,-1,-1,,3,-0.007884451522041102,,,,,,,no_legal_upstream_micro_manipulation_root
primary_discovery,deffuant,unrestricted_temporal_search,unrestricted,,macro_network_assortativity,micro_rejected_fraction,macro_network_assortativity,micro_rejected_fraction,,,none,False,False,False,False,not_applicable,not_applicable,none,-1,-1,-1,,5,-1.5408181841467117,,,,,,,no_legal_upstream_micro_manipulation_root
primary_discovery,deffuant,unrestricted_temporal_search,unrestricted,,macro_network_assortativity,micro_sign_flip_fraction,macro_network_assortativity,micro_sign_flip_fraction,,,none,False,False,False,False,not_applicable,not_applicable,none,-1,-1,-1,,4,-4.164970656278265,,,,,,,no_legal_upstream_micro_manipulation_root
primary_discovery,deffuant,unrestricted_temporal_search,unrestricted,,macro_opinion_global_mean,meso_neighborhood_abs_opinion_std,macro_opinion_global_mean,meso_neighborhood_abs_opinion_std,,,none,False,False,False,False,not_applicable,not_applicable,none,-1,-1,-1,,4,-0.05315894496218106,,,,,,,no_legal_upstream_micro_manipulation_root
primary_discovery,deffuant,unrestricted_temporal_search,unrestricted,,macro_opinion_global_mean,meso_neighborhood_abs_opinion_variance,macro_opinion_global_mean,meso_neighborhood_abs_opinion_variance,,,none,False,False,False,False,not_applicable,not_applicable,none,-1,-1,-1,,4,-0.07925998396871174,,,,,,,no_legal_upstream_micro_manipulation_root
primary_discovery,deffuant,unrestricted_temporal_search,unrestricted,,macro_opinion_global_mean,micro_accepted_count,macro_opinion_global_mean,micro_accepted_count,,,none,False,False,False,False,not_applicable,not_applicable,none,-1,-1,-1,,2,0.23545904209510962,,,,,,,no_legal_upstream_micro_manipulation_root
primary_discovery,deffuant,unrestricted_temporal_search,unrestricted,,macro_opinion_global_mean,micro_accepted_fraction,macro_opinion_global_mean,micro_accepted_fraction,,,none,False,False,False,False,not_applicable,not_applicable,none,-1,-1,-1,,2,0.23545904209510835,,,,,,,no_legal_upstream_micro_manipulation_root
primary_discovery,deffuant,unrestricted_temporal_search,unrestricted,,macro_opinion_global_mean,micro_edge_rewired_count,macro_opinion_global_mean,micro_edge_rewired_count,,,none,False,False,False,False,not_applicable,not_applicable,none,-1,-1,-1,,1,0.9911411897203265,,,,,,,no_legal_upstream_micro_manipulation_root
primary_discovery,deffuant,unrestricted_temporal_search,unrestricted,,macro_opinion_global_mean,micro_mean_interaction_distance,macro_opinion_global_mean,micro_mean_interaction_distance,,,none,False,False,False,False,not_applicable,not_applicable,none,-1,-1,-1,,5,0.1529185269477794,,,,,,,no_legal_upstream_micro_manipulation_root
primary_discovery,deffuant,unrestricted_temporal_search,unrestricted,,macro_opinion_global_mean,micro_opinion_p25,macro_opinion_global_mean,micro_opinion_p25,,,none,False,False,False,False,not_applicable,not_applicable,none,-1,-1,-1,,2,-0.16950409737678956,,,,,,,no_legal_upstream_micro_manipulation_root
primary_discovery,deffuant,unrestricted_temporal_search,unrestricted,,macro_opinion_global_mean,micro_rejected_fraction,macro_opinion_global_mean,micro_rejected_fraction,,,none,False,False,False,False,not_applicable,not_applicable,none,-1,-1,-1,,1,0.5006531322197326,,,,,,,no_legal_upstream_micro_manipulation_root
primary_discovery,deffuant,unrestricted_temporal_search,unrestricted,,macro_opinion_global_mean,micro_rewiring_fraction,macro_opinion_global_mean,micro_rewiring_fraction,,,none,False,False,False,False,not_applicable,not_applicable,none,-1,-1,-1,,1,0.9911411897203302,,,,,,,no_legal_upstream_micro_manipulation_root
primary_discovery,deffuant,unrestricted_temporal_search,unrestricted,,macro_opinion_global_variance,micro_accepted_count,macro_opinion_global_variance,micro_accepted_count,,,none,False,False,False,False,not_applicable,not_applicable,none,-1,-1,-1,,3,5.601192600208191,,,,,,,no_legal_upstream_micro_manipulation_root
primary_discovery,deffuant,unrestricted_temporal_search,unrestricted,,macro_opinion_global_variance,micro_accepted_fraction,macro_opinion_global_variance,micro_accepted_fraction,,,none,False,False,False,False,not_applicable,not_applicable,none,-1,-1,-1,,3,5.601192600208673,,,,,,,no_legal_upstream_micro_manipulation_root
primary_discovery,deffuant,unrestricted_temporal_search,unrestricted,,macro_opinion_global_variance,micro_mean_interaction_distance,macro_opinion_global_variance,micro_mean_interaction_distance,,,none,False,False,False,False,not_applicable,not_applicable,none,-1,-1,-1,,1,0.23980521416160885,,,,,,,no_legal_upstream_micro_manipulation_root
primary_discovery,deffuant,unrestricted_temporal_search,unrestricted,,meso_neighborhood_abs_opinion_std,meso_neighborhood_agent_shift_std,meso_neighborhood_abs_opinion_std,meso_neighborhood_agent_shift_std,,,none,False,False,False,False,not_applicable,not_applicable,none,-1,-1,-1,,1,0.8572309600512107,,,,,,,no_legal_upstream_micro_manipulation_root
primary_discovery,deffuant,unrestricted_temporal_search,unrestricted,,meso_neighborhood_abs_opinion_std,meso_neighborhood_agent_shift_variance,meso_neighborhood_abs_opinion_std,meso_neighborhood_agent_shift_variance,,,none,False,False,False,False,not_applicable,not_applicable,none,-1,-1,-1,,1,0.8745801241877103,,,,,,,no_legal_upstream_micro_manipulation_root
primary_discovery,deffuant,unrestricted_temporal_search,unrestricted,,meso_neighborhood_abs_opinion_std,micro_accepted_count,meso_neighborhood_abs_opinion_std,micro_accepted_count,,,none,False,False,False,False,not_applicable,not_applicable,none,-1,-1,-1,,2,1.0364984170628646,,,,,,,no_legal_upstream_micro_manipulation_root
primary_discovery,deffuant,unrestricted_temporal_search,unrestricted,,meso_neighborhood_abs_opinion_std,micro_accepted_fraction,meso_neighborhood_abs_opinion_std,micro_accepted_fraction,,,none,False,False,False,False,not_applicable,not_applicable,none,-1,-1,-1,,2,1.0364984170628428,,,,,,,no_legal_upstream_micro_manipulation_root
primary_discovery,deffuant,unrestricted_temporal_search,unrestricted,,meso_neighborhood_abs_opinion_std,micro_agent_shift_std,meso_neighborhood_abs_opinion_std,micro_agent_shift_std,,,none,False,False,False,False,not_applicable,not_applicable,none,-1,-1,-1,,1,0.9630470181643315,,,,,,,no_legal_upstream_micro_manipulation_root
primary_discovery,deffuant,unrestricted_temporal_search,unrestricted,,meso_neighborhood_abs_opinion_std,micro_mean_abs_agent_shift,meso_neighborhood_abs_opinion_std,micro_mean_abs_agent_shift,,,none,False,False,False,False,not_applicable,not_applicable,none,-1,-1,-1,,1,0.8799527844795497,,,,,,,no_legal_upstream_micro_manipulation_root
primary_discovery,deffuant,unrestricted_temporal_search,unrestricted,,meso_neighborhood_abs_opinion_std,micro_mean_interaction_distance,meso_neighborhood_abs_opinion_std,micro_mean_interaction_distance,,,none,False,False,False,False,not_applicable,not_applicable,none,-1,-1,-1,,2,-0.7676599482291862,,,,,,,no_legal_upstream_micro_manipulation_root
primary_discovery,deffuant,unrestricted_temporal_search,unrestricted,,meso_neighborhood_abs_opinion_std,micro_rejected_fraction,meso_neighborhood_abs_opinion_std,micro_rejected_fraction,,,none,False,False,False,False,not_applicable,not_applicable,none,-1,-1,-1,,2,-1.7639014267513666,,,,,,,no_legal_upstream_micro_manipulation_root
primary_discovery,deffuant,unrestricted_temporal_search,unrestricted,,meso_neighborhood_abs_opinion_variance,meso_neighborhood_agent_shift_std,meso_neighborhood_abs_opinion_variance,meso_neighborhood_agent_shift_std,,,none,False,False,False,False,not_applicable,not_applicable,none,-1,-1,-1,,1,-0.08465022681339068,,,,,,,no_legal_upstream_micro_manipulation_root
primary_discovery,deffuant,unrestricted_temporal_search,unrestricted,,meso_neighborhood_abs_opinion_variance,micro_accepted_count,meso_neighborhood_abs_opinion_variance,micro_accepted_count,,,none,False,False,False,False,not_applicable,not_applicable,none,-1,-1,-1,,2,-0.5290123099505935,,,,,,,no_legal_upstream_micro_manipulation_root
primary_discovery,deffuant,unrestricted_temporal_search,unrestricted,,meso_neighborhood_abs_opinion_variance,micro_accepted_fraction,meso_neighborhood_abs_opinion_variance,micro_accepted_fraction,,,none,False,False,False,False,not_applicable,not_applicable,none,-1,-1,-1,,2,-0.5290123099505853,,,,,,,no_legal_upstream_micro_manipulation_root
primary_discovery,deffuant,unrestricted_temporal_search,unrestricted,,meso_neighborhood_abs_opinion_variance,micro_agent_shift_std,meso_neighborhood_abs_opinion_variance,micro_agent_shift_std,,,none,False,False,False,False,not_applicable,not_applicable,none,-1,-1,-1,,1,-0.15391946119363223,,,,,,,no_legal_upstream_micro_manipulation_root
primary_discovery,deffuant,unrestricted_temporal_search,unrestricted,,meso_neighborhood_abs_opinion_variance,micro_mean_abs_agent_shift,meso_neighborhood_abs_opinion_variance,micro_mean_abs_agent_shift,,,none,False,False,False,False,not_applicable,not_applicable,none,-1,-1,-1,,1,-0.12948694261284155,,,,,,,no_legal_upstream_micro_manipulation_root
primary_discovery,deffuant,unrestricted_temporal_search,unrestricted,,meso_neighborhood_abs_opinion_variance,micro_median_opinion,meso_neighborhood_abs_opinion_variance,micro_median_opinion,,,none,False,False,False,False,not_applicable,not_applicable,none,-1,-1,-1,,3,-0.03431189406623252,,,,,,,no_legal_upstream_micro_manipulation_root
primary_discovery,deffuant,unrestricted_temporal_search,unrestricted,,meso_neighborhood_abs_opinion_variance,micro_rejected_fraction,meso_neighborhood_abs_opinion_variance,micro_rejected_fraction,,,none,False,False,False,False,not_applicable,not_applicable,none,-1,-1,-1,,2,1.6913903408905913,,,,,,,no_legal_upstream_micro_manipulation_root
primary_discovery,deffuant,unrestricted_temporal_search,unrestricted,,meso_neighborhood_abs_opinion_variance,micro_sign_flip_fraction,meso_neighborhood_abs_opinion_variance,micro_sign_flip_fraction,,,none,False,False,False,False,not_applicable,not_applicable,none,-1,-1,-1,,1,0.40931081197681385,,,,,,,no_legal_upstream_micro_manipulation_root
primary_discovery,deffuant,unrestricted_temporal_search,unrestricted,micro_backfire_fraction,meso_neighborhood_agent_shift_std,macro_opinion_global_mean,meso_neighborhood_agent_shift_std,macro_opinion_global_mean,backfire_threshold,minus,micro,False,False,False,False,manipulation_failure,manipulation_failure,upstream_mediated,0,-1,-1,,1,0.049110827891579036,,True,,0.084013836920408,-0.04324003454168681,-0.04645459579341504,
primary_discovery,deffuant,unrestricted_temporal_search,unrestricted,micro_backfire_fraction,meso_neighborhood_agent_shift_std,macro_opinion_global_mean,meso_neighborhood_agent_shift_std,macro_opinion_global_mean,backfire_threshold,plus,micro,True,False,False,False,no_stable_downstream_effect,no_stable_downstream_effect,upstream_mediated,0,-1,-1,,1,0.049110827891579036,,True,,-0.48708574696528045,-0.06406406451114148,-0.08090220145152664,
primary_discovery,deffuant,unrestricted_temporal_search,unrestricted,micro_mean_abs_agent_shift,meso_neighborhood_agent_shift_std,macro_opinion_global_mean,meso_neighborhood_agent_shift_std,macro_opinion_global_mean,assimilation_strength,minus,micro,False,False,False,False,manipulation_failure,manipulation_failure,upstream_mediated,0,0,-1,,1,0.049110827891579036,,False,,-0.08623456846061121,-0.12738805727715807,0.05226067994354771,
primary_discovery,deffuant,unrestricted_temporal_search,unrestricted,micro_mean_abs_agent_shift,meso_neighborhood_agent_shift_std,macro_opinion_global_mean,meso_neighborhood_agent_shift_std,macro_opinion_global_mean,assimilation_strength,plus,micro,True,True,False,False,no_stable_downstream_effect,no_stable_downstream_effect,upstream_mediated,0,0,-1,,1,0.049110827891579036,,True,,0.21271035514056394,0.2616147051366791,0.1048786282602606,
primary_discovery,deffuant,unrestricted_temporal_search,unrestricted,,meso_neighborhood_agent_shift_std,meso_neighborhood_abs_opinion_std,meso_neighborhood_agent_shift_std,meso_neighborhood_abs_opinion_std,,,none,False,False,False,False,not_applicable,not_applicable,none,-1,-1,-1,,4,0.037772836622209746,,,,,,,no_legal_upstream_micro_manipulation_root
primary_discovery,deffuant,unrestricted_temporal_search,unrestricted,,meso_neighborhood_agent_shift_std,meso_neighborhood_abs_opinion_variance,meso_neighborhood_agent_shift_std,meso_neighborhood_abs_opinion_variance,,,none,False,False,False,False,not_applicable,not_applicable,none,-1,-1,-1,,4,0.07449025027886157,,,,,,,no_legal_upstream_micro_manipulation_root
primary_discovery,deffuant,unrestricted_temporal_search,unrestricted,,meso_neighborhood_agent_shift_std,micro_backfire_fraction,meso_neighborhood_agent_shift_std,micro_backfire_fraction,,,none,False,False,False,False,not_applicable,not_applicable,none,-1,-1,-1,,2,0.3513832393473481,,,,,,,no_legal_upstream_micro_manipulation_root
primary_discovery,deffuant,unrestricted_temporal_search,unrestricted,,meso_neighborhood_agent_shift_std,micro_sign_flip_fraction,meso_neighborhood_agent_shift_std,micro_sign_flip_fraction,,,none,False,False,False,False,not_applicable,not_applicable,none,-1,-1,-1,,1,1.2777000423238138,,,,,,,no_legal_upstream_micro_manipulation_root
primary_discovery,deffuant,unrestricted_temporal_search,unrestricted,,meso_neighborhood_agent_shift_variance,macro_opinion_global_mean,meso_neighborhood_agent_shift_variance,macro_opinion_global_mean,,,none,False,False,False,False,not_applicable,not_applicable,none,-1,-1,-1,,1,-0.028639478646913054,,,,,,,no_legal_upstream_micro_manipulation_root
primary_discovery,deffuant,unrestricted_temporal_search,unrestricted,,meso_neighborhood_agent_shift_variance,macro_opinion_global_variance,meso_neighborhood_agent_shift_variance,macro_opinion_global_variance,,,none,False,False,False,False,not_applicable,not_applicable,none,-1,-1,-1,,1,-0.01359936015486505,,,,,,,no_legal_upstream_micro_manipulation_root
primary_discovery,deffuant,unrestricted_temporal_search,unrestricted,,meso_neighborhood_agent_shift_variance,meso_neighborhood_abs_opinion_std,meso_neighborhood_agent_shift_variance,meso_neighborhood_abs_opinion_std,,,none,False,False,False,False,not_applicable,not_applicable,none,-1,-1,-1,,3,-0.018683741822701667,,,,,,,no_legal_upstream_micro_manipulation_root
primary_discovery,deffuant,unrestricted_temporal_search,unrestricted,,meso_neighborhood_agent_shift_variance,meso_neighborhood_abs_opinion_variance,meso_neighborhood_agent_shift_variance,meso_neighborhood_abs_opinion_variance,,,none,False,False,False,False,not_applicable,not_applicable,none,-1,-1,-1,,3,-0.04321506370444857,,,,,,,no_legal_upstream_micro_manipulation_root
primary_discovery,deffuant,unrestricted_temporal_search,unrestricted,,meso_neighborhood_agent_shift_variance,meso_neighborhood_interaction_distance_variance,meso_neighborhood_agent_shift_variance,meso_neighborhood_interaction_distance_variance,,,none,False,False,False,False,not_applicable,not_applicable,none,-1,-1,-1,,2,-0.23100283987895867,,,,,,,no_legal_upstream_micro_manipulation_root
primary_discovery,deffuant,unrestricted_temporal_search,unrestricted,,meso_neighborhood_agent_shift_variance,micro_accepted_count,meso_neighborhood_agent_shift_variance,micro_accepted_count,,,none,False,False,False,False,not_applicable,not_applicable,none,-1,-1,-1,,3,0.04690152050338687,,,,,,,no_legal_upstream_micro_manipulation_root
primary_discovery,deffuant,unrestricted_temporal_search,unrestricted,,meso_neighborhood_agent_shift_variance,micro_accepted_fraction,meso_neighborhood_agent_shift_variance,micro_accepted_fraction,,,none,False,False,False,False,not_applicable,not_applicable,none,-1,-1,-1,,3,0.04690152050338688,,,,,,,no_legal_upstream_micro_manipulation_root
primary_discovery,deffuant,unrestricted_temporal_search,unrestricted,,meso_neighborhood_agent_shift_variance,micro_backfire_fraction,meso_neighborhood_agent_shift_variance,micro_backfire_fraction,,,none,False,False,False,False,not_applicable,not_applicable,none,-1,-1,-1,,2,-0.16875238671763806,,,,,,,no_legal_upstream_micro_manipulation_root
primary_discovery,deffuant,unrestricted_temporal_search,unrestricted,,meso_neighborhood_agent_shift_variance,micro_mean_abs_agent_shift,meso_neighborhood_agent_shift_variance,micro_mean_abs_agent_shift,,,none,False,False,False,False,not_applicable,not_applicable,none,-1,-1,-1,,1,-0.07419191412715233,,,,,,,no_legal_upstream_micro_manipulation_root
primary_discovery,deffuant,unrestricted_temporal_search,unrestricted,,meso_neighborhood_agent_shift_variance,micro_mean_abs_opinion,meso_neighborhood_agent_shift_variance,micro_mean_abs_opinion,,,none,False,False,False,False,not_applicable,not_applicable,none,-1,-1,-1,,1,-0.016571064653180655,,,,,,,no_legal_upstream_micro_manipulation_root
primary_discovery,deffuant,unrestricted_temporal_search,unrestricted,,meso_neighborhood_agent_shift_variance,micro_median_opinion,meso_neighborhood_agent_shift_variance,micro_median_opinion,,,none,False,False,False,False,not_applicable,not_applicable,none,-1,-1,-1,,5,0.01104119533685079,,,,,,,no_legal_upstream_micro_manipulation_root
primary_discovery,deffuant,unrestricted_temporal_search,unrestricted,,meso_neighborhood_agent_shift_variance,micro_opinion_std,meso_neighborhood_agent_shift_variance,micro_opinion_std,,,none,False,False,False,False,not_applicable,not_applicable,none,-1,-1,-1,,1,-0.016074621718556944,,,,,,,no_legal_upstream_micro_manipulation_root
primary_discovery,deffuant,unrestricted_temporal_search,unrestricted,,meso_neighborhood_agent_shift_variance,micro_sign_flip_fraction,meso_neighborhood_agent_shift_variance,micro_sign_flip_fraction,,,none,False,False,False,False,not_applicable,not_applicable,none,-1,-1,-1,,2,0.2706203642581055,,,,,,,no_legal_upstream_micro_manipulation_root
primary_discovery,deffuant,unrestricted_temporal_search,unrestricted,micro_backfire_fraction,meso_neighborhood_interaction_distance_std,macro_network_assortativity,meso_neighborhood_interaction_distance_std,macro_network_assortativity,backfire_threshold,minus,micro,False,False,False,False,manipulation_failure,manipulation_failure,upstream_mediated,0,11,-1,,5,-0.014568480906245162,,False,,0.084013836920408,0.08026559202693713,0.012366788245251392,
primary_discovery,deffuant,unrestricted_temporal_search,unrestricted,micro_backfire_fraction,meso_neighborhood_interaction_distance_std,macro_network_assortativity,meso_neighborhood_interaction_distance_std,macro_network_assortativity,backfire_threshold,plus,micro,True,True,False,False,no_stable_downstream_effect,no_stable_downstream_effect,upstream_mediated,0,7,-1,,5,-0.014568480906245162,,False,,-0.48708574696528045,-0.26189821677645314,-0.04228636107100136,
primary_discovery,deffuant,unrestricted_temporal_search,unrestricted,micro_mean_abs_agent_shift,meso_neighborhood_interaction_distance_std,macro_network_assortativity,meso_neighborhood_interaction_distance_std,macro_network_assortativity,assimilation_strength,minus,micro,False,False,False,False,manipulation_failure,manipulation_failure,upstream_mediated,0,-1,-1,,5,-0.014568480906245162,,True,,-0.08623456846061121,0.11156579323883042,-0.08622915966617033,
primary_discovery,deffuant,unrestricted_temporal_search,unrestricted,micro_mean_abs_agent_shift,meso_neighborhood_interaction_distance_std,macro_network_assortativity,meso_neighborhood_interaction_distance_std,macro_network_assortativity,assimilation_strength,plus,micro,True,False,False,False,no_stable_downstream_effect,no_stable_downstream_effect,upstream_mediated,0,-1,-1,,5,-0.014568480906245162,,True,,0.21271035514056394,-0.04777153228823957,0.03248738843093376,
primary_discovery,deffuant,unrestricted_temporal_search,unrestricted,,meso_neighborhood_interaction_distance_std,macro_opinion_global_mean,meso_neighborhood_interaction_distance_std,macro_opinion_global_mean,,,none,False,False,False,False,not_applicable,not_applicable,none,-1,-1,-1,,1,-0.010955345700611139,,,,,,,no_legal_upstream_micro_manipulation_root
primary_discovery,deffuant,unrestricted_temporal_search,unrestricted,,meso_neighborhood_interaction_distance_std,meso_neighborhood_abs_opinion_variance,meso_neighborhood_interaction_distance_std,meso_neighborhood_abs_opinion_variance,,,none,False,False,False,False,not_applicable,not_applicable,none,-1,-1,-1,,2,0.046530476749865435,,,,,,,no_legal_upstream_micro_manipulation_root
primary_discovery,deffuant,unrestricted_temporal_search,unrestricted,,meso_neighborhood_interaction_distance_std,meso_neighborhood_agent_shift_std,meso_neighborhood_interaction_distance_std,meso_neighborhood_agent_shift_std,,,none,False,False,False,False,not_applicable,not_applicable,none,-1,-1,-1,,1,-0.16735063304144066,,,,,,,no_legal_upstream_micro_manipulation_root
primary_discovery,deffuant,unrestricted_temporal_search,unrestricted,,meso_neighborhood_interaction_distance_std,meso_neighborhood_agent_shift_variance,meso_neighborhood_interaction_distance_std,meso_neighborhood_agent_shift_variance,,,none,False,False,False,False,not_applicable,not_applicable,none,-1,-1,-1,,1,-0.36074479882032895,,,,,,,no_legal_upstream_micro_manipulation_root
primary_discovery,deffuant,unrestricted_temporal_search,unrestricted,,meso_neighborhood_interaction_distance_std,meso_neighborhood_interaction_distance_variance,meso_neighborhood_interaction_distance_std,meso_neighborhood_interaction_distance_variance,,,none,False,False,False,False,not_applicable,not_applicable,none,-1,-1,-1,,4,-0.4732435966125524,,,,,,,no_legal_upstream_micro_manipulation_root
primary_discovery,deffuant,unrestricted_temporal_search,unrestricted,,meso_neighborhood_interaction_distance_std,micro_accepted_count,meso_neighborhood_interaction_distance_std,micro_accepted_count,,,none,False,False,False,False,not_applicable,not_applicable,none,-1,-1,-1,,1,-0.13230235842322877,,,,,,,no_legal_upstream_micro_manipulation_root
primary_discovery,deffuant,unrestricted_temporal_search,unrestricted,,meso_neighborhood_interaction_distance_std,micro_accepted_fraction,meso_neighborhood_interaction_distance_std,micro_accepted_fraction,,,none,False,False,False,False,not_applicable,not_applicable,none,-1,-1,-1,,1,-0.1323023584232267,,,,,,,no_legal_upstream_micro_manipulation_root
primary_discovery,deffuant,unrestricted_temporal_search,unrestricted,,meso_neighborhood_interaction_distance_std,micro_agent_shift_std,meso_neighborhood_interaction_distance_std,micro_agent_shift_std,,,none,False,False,False,False,not_applicable,not_applicable,none,-1,-1,-1,,1,-0.18984190627789033,,,,,,,no_legal_upstream_micro_manipulation_root
primary_discovery,deffuant,unrestricted_temporal_search,unrestricted,,meso_neighborhood_interaction_distance_std,micro_interaction_distance_std,meso_neighborhood_interaction_distance_std,micro_interaction_distance_std,,,none,False,False,False,False,not_applicable,not_applicable,none,-1,-1,-1,,4,-0.5500163932160617,,,,,,,no_legal_upstream_micro_manipulation_root
primary_discovery,deffuant,unrestricted_temporal_search,unrestricted,,meso_neighborhood_interaction_distance_std,micro_mean_abs_agent_shift,meso_neighborhood_interaction_distance_std,micro_mean_abs_agent_shift,,,none,False,False,False,False,not_applicable,not_applicable,none,-1,-1,-1,,1,-0.12150950479753955,,,,,,,no_legal_upstream_micro_manipulation_root
primary_discovery,deffuant,unrestricted_temporal_search,unrestricted,,meso_neighborhood_interaction_distance_variance,macro_network_assortativity,meso_neighborhood_interaction_distance_variance,macro_network_assortativity,,,none,False,False,False,False,not_applicable,not_applicable,none,-1,-1,-1,,5,0.014086025245961415,,,,,,,no_legal_upstream_micro_manipulation_root
primary_discovery,deffuant,unrestricted_temporal_search,unrestricted,,meso_neighborhood_interaction_distance_variance,meso_neighborhood_abs_opinion_std,meso_neighborhood_interaction_distance_variance,meso_neighborhood_abs_opinion_std,,,none,False,False,False,False,not_applicable,not_applicable,none,-1,-1,-1,,4,-0.0054178831556623355,,,,,,,no_legal_upstream_micro_manipulation_root
primary_discovery,deffuant,unrestricted_temporal_search,unrestricted,,meso_neighborhood_interaction_distance_variance,meso_neighborhood_abs_opinion_variance,meso_neighborhood_interaction_distance_variance,meso_neighborhood_abs_opinion_variance,,,none,False,False,False,False,not_applicable,not_applicable,none,-1,-1,-1,,3,0.05080206627824459,,,,,,,no_legal_upstream_micro_manipulation_root
primary_discovery,deffuant,unrestricted_temporal_search,unrestricted,,meso_neighborhood_interaction_distance_variance,meso_neighborhood_agent_shift_std,meso_neighborhood_interaction_distance_variance,meso_neighborhood_agent_shift_std,,,none,False,False,False,False,not_applicable,not_applicable,none,-1,-1,-1,,1,0.17593639223245416,,,,,,,no_legal_upstream_micro_manipulation_root
primary_discovery,deffuant,unrestricted_temporal_search,unrestricted,,meso_neighborhood_interaction_distance_variance,meso_neighborhood_agent_shift_variance,meso_neighborhood_interaction_distance_variance,meso_neighborhood_agent_shift_variance,,,none,False,False,False,False,not_applicable,not_applicable,none,-1,-1,-1,,1,0.30205835808440235,,,,,,,no_legal_upstream_micro_manipulation_root
primary_discovery,deffuant,unrestricted_temporal_search,unrestricted,,meso_neighborhood_interaction_distance_variance,micro_accepted_count,meso_neighborhood_interaction_distance_variance,micro_accepted_count,,,none,False,False,False,False,not_applicable,not_applicable,none,-1,-1,-1,,1,0.15699989995320077,,,,,,,no_legal_upstream_micro_manipulation_root
primary_discovery,deffuant,unrestricted_temporal_search,unrestricted,,meso_neighborhood_interaction_distance_variance,micro_accepted_fraction,meso_neighborhood_interaction_distance_variance,micro_accepted_fraction,,,none,False,False,False,False,not_applicable,not_applicable,none,-1,-1,-1,,1,0.1569998999531997,,,,,,,no_legal_upstream_micro_manipulation_root
primary_discovery,deffuant,unrestricted_temporal_search,unrestricted,,meso_neighborhood_interaction_distance_variance,micro_agent_shift_std,meso_neighborhood_interaction_distance_variance,micro_agent_shift_std,,,none,False,False,False,False,not_applicable,not_applicable,none,-1,-1,-1,,1,0.18281210673087098,,,,,,,no_legal_upstream_micro_manipulation_root
primary_discovery,deffuant,unrestricted_temporal_search,unrestricted,,meso_neighborhood_interaction_distance_variance,micro_backfire_fraction,meso_neighborhood_interaction_distance_variance,micro_backfire_fraction,,,none,False,False,False,False,not_applicable,not_applicable,none,-1,-1,-1,,1,-0.03907747707630886,,,,,,,no_legal_upstream_micro_manipulation_root
primary_discovery,deffuant,unrestricted_temporal_search,unrestricted,,meso_neighborhood_interaction_distance_variance,micro_mean_abs_agent_shift,meso_neighborhood_interaction_distance_variance,micro_mean_abs_agent_shift,,,none,False,False,False,False,not_applicable,not_applicable,none,-1,-1,-1,,1,0.1407918297672595,,,,,,,no_legal_upstream_micro_manipulation_root
primary_discovery,deffuant,unrestricted_temporal_search,unrestricted,,meso_neighborhood_interaction_distance_variance,micro_mean_interaction_distance,meso_neighborhood_interaction_distance_variance,micro_mean_interaction_distance,,,none,False,False,False,False,not_applicable,not_applicable,none,-1,-1,-1,,1,-0.10084905778122757,,,,,,,no_legal_upstream_micro_manipulation_root
primary_discovery,deffuant,unrestricted_temporal_search,unrestricted,,meso_neighborhood_interaction_distance_variance,micro_opinion_p25,meso_neighborhood_interaction_distance_variance,micro_opinion_p25,,,none,False,False,False,False,not_applicable,not_applicable,none,-1,-1,-1,,1,0.04781052231441072,,,,,,,no_legal_upstream_micro_manipulation_root
primary_discovery,deffuant,unrestricted_temporal_search,unrestricted,,meso_neighborhood_opinion_std,meso_neighborhood_abs_opinion_std,meso_neighborhood_opinion_std,meso_neighborhood_abs_opinion_std,,,none,False,False,False,False,not_applicable,not_applicable,none,-1,-1,-1,,1,-0.029790722736139225,,,,,,,no_legal_upstream_micro_manipulation_root
primary_discovery,deffuant,unrestricted_temporal_search,unrestricted,,meso_neighborhood_opinion_std,meso_neighborhood_interaction_distance_std,meso_neighborhood_opinion_std,meso_neighborhood_interaction_distance_std,,,none,False,False,False,False,not_applicable,not_applicable,none,-1,-1,-1,,4,1.021783249510703,,,,,,,no_legal_upstream_micro_manipulation_root
primary_discovery,deffuant,unrestricted_temporal_search,unrestricted,,meso_neighborhood_opinion_std,meso_neighborhood_interaction_distance_variance,meso_neighborhood_opinion_std,meso_neighborhood_interaction_distance_variance,,,none,False,False,False,False,not_applicable,not_applicable,none,-1,-1,-1,,4,0.5000397793250868,,,,,,,no_legal_upstream_micro_manipulation_root
primary_discovery,deffuant,unrestricted_temporal_search,unrestricted,,meso_neighborhood_opinion_std,micro_interaction_distance_std,meso_neighborhood_opinion_std,micro_interaction_distance_std,,,none,False,False,False,False,not_applicable,not_applicable,none,-1,-1,-1,,4,1.0623321147295115,,,,,,,no_legal_upstream_micro_manipulation_root
primary_discovery,deffuant,unrestricted_temporal_search,unrestricted,,meso_neighborhood_opinion_variance,meso_neighborhood_interaction_distance_variance,meso_neighborhood_opinion_variance,meso_neighborhood_interaction_distance_variance,,,none,False,False,False,False,not_applicable,not_applicable,none,-1,-1,-1,,1,0.8330351940843768,,,,,,,no_legal_upstream_micro_manipulation_root
primary_discovery,deffuant,unrestricted_temporal_search,unrestricted,,meso_neighborhood_opinion_variance,meso_neighborhood_opinion_std,meso_neighborhood_opinion_variance,meso_neighborhood_opinion_std,,,none,False,False,False,False,not_applicable,not_applicable,none,-1,-1,-1,,5,0.02952856336237599,,,,,,,no_legal_upstream_micro_manipulation_root
primary_discovery,deffuant,unrestricted_temporal_search,unrestricted,,meso_neighborhood_opinion_variance,micro_extreme_agent_fraction,meso_neighborhood_opinion_variance,micro_extreme_agent_fraction,,,none,False,False,False,False,not_applicable,not_applicable,none,-1,-1,-1,,4,-1.1988402431526781,,,,,,,no_legal_upstream_micro_manipulation_root
primary_discovery,deffuant,unrestricted_temporal_search,unrestricted,,meso_neighborhood_opinion_variance,micro_interaction_distance_std,meso_neighborhood_opinion_variance,micro_interaction_distance_std,,,none,False,False,False,False,not_applicable,not_applicable,none,-1,-1,-1,,1,0.7294673937511198,,,,,,,no_legal_upstream_micro_manipulation_root
primary_discovery,deffuant,unrestricted_temporal_search,unrestricted,,meso_neighborhood_opinion_variance,micro_mean_interaction_distance,meso_neighborhood_opinion_variance,micro_mean_interaction_distance,,,none,False,False,False,False,not_applicable,not_applicable,none,-1,-1,-1,,1,0.2898129959018244,,,,,,,no_legal_upstream_micro_manipulation_root
primary_discovery,deffuant,unrestricted_temporal_search,unrestricted,,micro_accepted_count,macro_network_assortativity,micro_accepted_count,macro_network_assortativity,,,none,False,False,False,False,not_applicable,not_applicable,none,-1,-1,-1,,1,0.01302863574851072,,,,,,,no_legal_upstream_micro_manipulation_root
primary_discovery,deffuant,unrestricted_temporal_search,unrestricted,,micro_accepted_count,meso_neighborhood_abs_opinion_std,micro_accepted_count,meso_neighborhood_abs_opinion_std,,,none,False,False,False,False,not_applicable,not_applicable,none,-1,-1,-1,,5,0.003092434797157482,,,,,,,no_legal_upstream_micro_manipulation_root
primary_discovery,deffuant,unrestricted_temporal_search,unrestricted,,micro_accepted_count,meso_neighborhood_abs_opinion_variance,micro_accepted_count,meso_neighborhood_abs_opinion_variance,,,none,False,False,False,False,not_applicable,not_applicable,none,-1,-1,-1,,3,-0.02515763517179185,,,,,,,no_legal_upstream_micro_manipulation_root
primary_discovery,deffuant,unrestricted_temporal_search,unrestricted,,micro_accepted_count,meso_neighborhood_agent_shift_variance,micro_accepted_count,meso_neighborhood_agent_shift_variance,,,none,False,False,False,False,not_applicable,not_applicable,none,-1,-1,-1,,1,-0.1565734318420304,,,,,,,no_legal_upstream_micro_manipulation_root
primary_discovery,deffuant,unrestricted_temporal_search,unrestricted,,micro_accepted_count,meso_neighborhood_opinion_std,micro_accepted_count,meso_neighborhood_opinion_std,,,none,False,False,False,False,not_applicable,not_applicable,none,-1,-1,-1,,1,-0.01133415632344362,,,,,,,no_legal_upstream_micro_manipulation_root
primary_discovery,deffuant,unrestricted_temporal_search,unrestricted,,micro_accepted_count,meso_neighborhood_opinion_variance,micro_accepted_count,meso_neighborhood_opinion_variance,,,none,False,False,False,False,not_applicable,not_applicable,none,-1,-1,-1,,1,-0.02081611927658698,,,,,,,no_legal_upstream_micro_manipulation_root
primary_discovery,deffuant,unrestricted_temporal_search,unrestricted,,micro_accepted_count,micro_agent_shift_std,micro_accepted_count,micro_agent_shift_std,,,none,False,False,False,False,not_applicable,not_applicable,none,-1,-1,-1,,1,-0.10910930980190629,,,,,,,no_legal_upstream_micro_manipulation_root
primary_discovery,deffuant,unrestricted_temporal_search,unrestricted,,micro_accepted_count,micro_extreme_agent_fraction,micro_accepted_count,micro_extreme_agent_fraction,,,none,False,False,False,False,not_applicable,not_applicable,none,-1,-1,-1,,1,0.1303506421136118,,,,,,,no_legal_upstream_micro_manipulation_root
primary_discovery,deffuant,unrestricted_temporal_search,unrestricted,,micro_accepted_count,micro_mean_abs_agent_shift,micro_accepted_count,micro_mean_abs_agent_shift,,,none,False,False,False,False,not_applicable,not_applicable,none,-1,-1,-1,,2,0.06768489944267186,,,,,,,no_legal_upstream_micro_manipulation_root
primary_discovery,deffuant,unrestricted_temporal_search,unrestricted,,micro_accepted_count,micro_opinion_p25,micro_accepted_count,micro_opinion_p25,,,none,False,False,False,False,not_applicable,not_applicable,none,-1,-1,-1,,1,-0.02691911853873915,,,,,,,no_legal_upstream_micro_manipulation_root
primary_discovery,deffuant,unrestricted_temporal_search,unrestricted,,micro_accepted_fraction,macro_network_assortativity,micro_accepted_fraction,macro_network_assortativity,,,none,False,False,False,False,not_applicable,not_applicable,none,-1,-1,-1,,1,0.013028635748510754,,,,,,,no_legal_upstream_micro_manipulation_root
primary_discovery,deffuant,unrestricted_temporal_search,unrestricted,micro_accepted_fraction,micro_accepted_fraction,meso_neighborhood_abs_opinion_std,micro_accepted_fraction,meso_neighborhood_abs_opinion_std,confidence_bound,minus,micro,True,True,True,True,supported,supported,direct_root,0,0,1,1.0,5,0.003092434797158346,-4.0,False,False,-0.8313759904925954,-0.8313759904925954,1.2739810080945135,
primary_discovery,deffuant,unrestricted_temporal_search,unrestricted,micro_accepted_fraction,micro_accepted_fraction,meso_neighborhood_abs_opinion_std,micro_accepted_fraction,meso_neighborhood_abs_opinion_std,confidence_bound,plus,micro,True,True,True,True,supported,supported,direct_root,0,0,13,13.0,5,0.003092434797158346,8.0,True,False,0.6414189382753075,0.6414189382753075,0.5441427942512459,
primary_discovery,deffuant,unrestricted_temporal_search,unrestricted,micro_accepted_fraction,micro_accepted_fraction,meso_neighborhood_abs_opinion_variance,micro_accepted_fraction,meso_neighborhood_abs_opinion_variance,confidence_bound,minus,micro,True,True,True,True,supported,supported,direct_root,0,0,1,1.0,3,-0.025157635171877885,-2.0,True,True,-0.8313759904925954,-0.8313759904925954,1.7788837381893383,
primary_discovery,deffuant,unrestricted_temporal_search,unrestricted,micro_accepted_fraction,micro_accepted_fraction,meso_neighborhood_abs_opinion_variance,micro_accepted_fraction,meso_neighborhood_abs_opinion_variance,confidence_bound,plus,micro,True,True,True,True,supported,supported,direct_root,0,0,13,13.0,3,-0.025157635171877885,10.0,False,False,0.6414189382753075,0.6414189382753075,0.5402749979139813,
primary_discovery,deffuant,unrestricted_temporal_search,unrestricted,micro_accepted_fraction,micro_accepted_fraction,meso_neighborhood_agent_shift_variance,micro_accepted_fraction,meso_neighborhood_agent_shift_variance,confidence_bound,minus,micro,True,True,False,True,no_stable_downstream_effect,no_stable_downstream_effect,direct_root,0,0,0,0.0,1,-0.15657343184203323,-1.0,False,True,-0.8313759904925954,-0.8313759904925954,-0.04032472559870852,
primary_discovery,deffuant,unrestricted_temporal_search,unrestricted,micro_accepted_fraction,micro_accepted_fraction,meso_neighborhood_agent_shift_variance,micro_accepted_fraction,meso_neighborhood_agent_shift_variance,confidence_bound,plus,micro,True,True,True,True,supported,supported,direct_root,0,0,0,0.0,1,-0.15657343184203323,-1.0,False,True,0.6414189382753075,0.6414189382753075,2.2639742420295916,
primary_discovery,deffuant,unrestricted_temporal_search,unrestricted,micro_accepted_fraction,micro_accepted_fraction,meso_neighborhood_opinion_std,micro_accepted_fraction,meso_neighborhood_opinion_std,confidence_bound,minus,micro,True,True,True,True,supported,supported,direct_root,0,0,7,7.0,1,-0.011334156323444334,6.0,True,False,-0.8313759904925954,-0.8313759904925954,0.4704083639003456,
primary_discovery,deffuant,unrestricted_temporal_search,unrestricted,micro_accepted_fraction,micro_accepted_fraction,meso_neighborhood_opinion_std,micro_accepted_fraction,meso_neighborhood_opinion_std,confidence_bound,plus,micro,True,True,True,True,supported,supported,direct_root,0,0,2,2.0,1,-0.011334156323444334,1.0,True,True,0.6414189382753075,0.6414189382753075,-0.7477673879659644,
primary_discovery,deffuant,unrestricted_temporal_search,unrestricted,micro_accepted_fraction,micro_accepted_fraction,meso_neighborhood_opinion_variance,micro_accepted_fraction,meso_neighborhood_opinion_variance,confidence_bound,minus,micro,True,True,True,True,supported,supported,direct_root,0,0,4,4.0,1,-0.02081611927658688,3.0,True,False,-0.8313759904925954,-0.8313759904925954,0.5407655409175115,
primary_discovery,deffuant,unrestricted_temporal_search,unrestricted,micro_accepted_fraction,micro_accepted_fraction,meso_neighborhood_opinion_variance,micro_accepted_fraction,meso_neighborhood_opinion_variance,confidence_bound,plus,micro,True,True,True,True,supported,supported,direct_root,0,0,2,2.0,1,-0.02081611927658688,1.0,True,True,0.6414189382753075,0.6414189382753075,-1.044836590453872,
primary_discovery,deffuant,unrestricted_temporal_search,unrestricted,,micro_accepted_fraction,micro_agent_shift_std,micro_accepted_fraction,micro_agent_shift_std,,,none,False,False,False,False,not_applicable,not_applicable,none,-1,-1,-1,,1,-0.1091093098019082,,,,,,,no_legal_upstream_micro_manipulation_root
primary_discovery,deffuant,unrestricted_temporal_search,unrestricted,,micro_accepted_fraction,micro_extreme_agent_fraction,micro_accepted_fraction,micro_extreme_agent_fraction,,,none,False,False,False,False,not_applicable,not_applicable,none,-1,-1,-1,,1,0.1303506421135991,,,,,,,no_legal_upstream_micro_manipulation_root
primary_discovery,deffuant,unrestricted_temporal_search,unrestricted,,micro_accepted_fraction,micro_mean_abs_agent_shift,micro_accepted_fraction,micro_mean_abs_agent_shift,,,none,False,False,False,False,not_applicable,not_applicable,none,-1,-1,-1,,2,0.06768489944267403,,,,,,,no_legal_upstream_micro_manipulation_root
primary_discovery,deffuant,unrestricted_temporal_search,unrestricted,,micro_accepted_fraction,micro_opinion_p25,micro_accepted_fraction,micro_opinion_p25,,,none,False,False,False,False,not_applicable,not_applicable,none,-1,-1,-1,,1,-0.026919118538741457,,,,,,,no_legal_upstream_micro_manipulation_root
primary_discovery,deffuant,unrestricted_temporal_search,unrestricted,,micro_agent_shift_std,meso_neighborhood_abs_opinion_std,micro_agent_shift_std,meso_neighborhood_abs_opinion_std,,,none,False,False,False,False,not_applicable,not_applicable,none,-1,-1,-1,,3,0.03794454837417978,,,,,,,no_legal_upstream_micro_manipulation_root
primary_discovery,deffuant,unrestricted_temporal_search,unrestricted,,micro_agent_shift_std,meso_neighborhood_abs_opinion_variance,micro_agent_shift_std,meso_neighborhood_abs_opinion_variance,,,none,False,False,False,False,not_applicable,not_applicable,none,-1,-1,-1,,3,0.06636243777015,,,,,,,no_legal_upstream_micro_manipulation_root
primary_discovery,deffuant,unrestricted_temporal_search,unrestricted,,micro_agent_shift_std,meso_neighborhood_agent_shift_std,micro_agent_shift_std,meso_neighborhood_agent_shift_std,,,none,False,False,False,False,not_applicable,not_applicable,none,-1,-1,-1,,1,0.24252699536271216,,,,,,,no_legal_upstream_micro_manipulation_root
primary_discovery,deffuant,unrestricted_temporal_search,unrestricted,,micro_agent_shift_std,meso_neighborhood_agent_shift_variance,micro_agent_shift_std,meso_neighborhood_agent_shift_variance,,,none,False,False,False,False,not_applicable,not_applicable,none,-1,-1,-1,,1,0.2714723636021448,,,,,,,no_legal_upstream_micro_manipulation_root
primary_discovery,deffuant,unrestricted_temporal_search,unrestricted,,micro_agent_shift_std,micro_mean_abs_agent_shift,micro_agent_shift_std,micro_mean_abs_agent_shift,,,none,False,False,False,False,not_applicable,not_applicable,none,-1,-1,-1,,1,0.18673120588874367,,,,,,,no_legal_upstream_micro_manipulation_root
primary_discovery,deffuant,unrestricted_temporal_search,unrestricted,,micro_agent_shift_std,micro_mean_abs_opinion,micro_agent_shift_std,micro_mean_abs_opinion,,,none,False,False,False,False,not_applicable,not_applicable,none,-1,-1,-1,,1,0.013221322936826853,,,,,,,no_legal_upstream_micro_manipulation_root
primary_discovery,deffuant,unrestricted_temporal_search,unrestricted,,micro_agent_shift_std,micro_opinion_std,micro_agent_shift_std,micro_opinion_std,,,none,False,False,False,False,not_applicable,not_applicable,none,-1,-1,-1,,1,0.012334346030377436,,,,,,,no_legal_upstream_micro_manipulation_root
primary_discovery,deffuant,unrestricted_temporal_search,unrestricted,,micro_backfire_fraction,macro_network_assortativity,micro_backfire_fraction,macro_network_assortativity,,,none,False,False,False,False,not_applicable,not_applicable,none,-1,-1,-1,,1,-0.014876999807784496,,,,,,,no_legal_upstream_micro_manipulation_root
primary_discovery,deffuant,unrestricted_temporal_search,unrestricted,micro_backfire_fraction,micro_backfire_fraction,meso_neighborhood_abs_opinion_std,micro_backfire_fraction,meso_neighborhood_abs_opinion_std,backfire_threshold,minus,micro,False,False,False,True,manipulation_failure,manipulation_failure,direct_root,0,0,35,35.0,3,0.013483060152758956,32.0,False,False,0.084013836920408,0.084013836920408,-0.08737976403848204,
primary_discovery,deffuant,unrestricted_temporal_search,unrestricted,micro_backfire_fraction,micro_backfire_fraction,meso_neighborhood_abs_opinion_std,micro_backfire_fraction,meso_neighborhood_abs_opinion_std,backfire_threshold,plus,micro,True,True,False,False,no_stable_downstream_effect,no_stable_downstream_effect,direct_root,0,0,-1,,3,0.013483060152758956,,False,,-0.48708574696528045,-0.48708574696528045,0.06596035311120918,
primary_discovery,deffuant,unrestricted_temporal_search,unrestricted,micro_backfire_fraction,micro_backfire_fraction,meso_neighborhood_abs_opinion_variance,micro_backfire_fraction,meso_neighborhood_abs_opinion_variance,backfire_threshold,minus,micro,False,False,False,True,manipulation_failure,manipulation_failure,direct_root,0,0,13,13.0,3,0.029171980465962893,10.0,False,False,0.084013836920408,0.084013836920408,-0.107662156934765,
primary_discovery,deffuant,unrestricted_temporal_search,unrestricted,micro_backfire_fraction,micro_backfire_fraction,meso_neighborhood_abs_opinion_variance,micro_backfire_fraction,meso_neighborhood_abs_opinion_variance,backfire_threshold,plus,micro,True,True,False,False,no_stable_downstream_effect,no_stable_downstream_effect,direct_root,0,0,-1,,3,0.029171980465962893,,False,,-0.48708574696528045,-0.48708574696528045,0.13198525237201697,
primary_discovery,deffuant,unrestricted_temporal_search,unrestricted,micro_backfire_fraction,micro_backfire_fraction,meso_neighborhood_agent_shift_std,micro_backfire_fraction,meso_neighborhood_agent_shift_std,backfire_threshold,minus,micro,False,False,False,False,manipulation_failure,manipulation_failure,direct_root,0,0,-1,,1,0.15316369210691197,,False,,0.084013836920408,0.084013836920408,-0.04324003454168681,
primary_discovery,deffuant,unrestricted_temporal_search,unrestricted,micro_backfire_fraction,micro_backfire_fraction,meso_neighborhood_agent_shift_std,micro_backfire_fraction,meso_neighborhood_agent_shift_std,backfire_threshold,plus,micro,True,True,False,False,no_stable_downstream_effect,no_stable_downstream_effect,direct_root,0,0,-1,,1,0.15316369210691197,,True,,-0.48708574696528045,-0.48708574696528045,-0.06406406451114148,
primary_discovery,deffuant,unrestricted_temporal_search,unrestricted,micro_backfire_fraction,micro_backfire_fraction,meso_neighborhood_agent_shift_variance,micro_backfire_fraction,meso_neighborhood_agent_shift_variance,backfire_threshold,minus,micro,False,False,False,True,manipulation_failure,manipulation_failure,direct_root,0,0,23,23.0,1,0.22673454289571768,22.0,False,False,0.084013836920408,0.084013836920408,-0.05745906609393834,
primary_discovery,deffuant,unrestricted_temporal_search,unrestricted,micro_backfire_fraction,micro_backfire_fraction,meso_neighborhood_agent_shift_variance,micro_backfire_fraction,meso_neighborhood_agent_shift_variance,backfire_threshold,plus,micro,True,True,False,False,no_stable_downstream_effect,no_stable_downstream_effect,direct_root,0,0,-1,,1,0.22673454289571768,,True,,-0.48708574696528045,-0.48708574696528045,-0.002030083848016319,
primary_discovery,deffuant,unrestricted_temporal_search,unrestricted,micro_backfire_fraction,micro_backfire_fraction,meso_neighborhood_opinion_std,micro_backfire_fraction,meso_neighborhood_opinion_std,backfire_threshold,minus,micro,False,False,False,True,manipulation_failure,manipulation_failure,direct_root,0,0,13,13.0,1,0.014216825011567019,12.0,True,False,0.084013836920408,0.084013836920408,0.07853228100310282,
primary_discovery,deffuant,unrestricted_temporal_search,unrestricted,micro_backfire_fraction,micro_backfire_fraction,meso_neighborhood_opinion_std,micro_backfire_fraction,meso_neighborhood_opinion_std,backfire_threshold,plus,micro,True,True,True,True,supported,supported,direct_root,0,0,6,6.0,1,0.014216825011567019,5.0,True,False,-0.48708574696528045,-0.48708574696528045,-0.23471326994829153,
primary_discovery,deffuant,unrestricted_temporal_search,unrestricted,micro_backfire_fraction,micro_backfire_fraction,meso_neighborhood_opinion_variance,micro_backfire_fraction,meso_neighborhood_opinion_variance,backfire_threshold,minus,micro,False,False,True,True,manipulation_failure,manipulation_failure,direct_root,0,0,7,7.0,3,0.019931208707240217,4.0,True,False,0.084013836920408,0.084013836920408,0.153541797345537,
primary_discovery,deffuant,unrestricted_temporal_search,unrestricted,micro_backfire_fraction,micro_backfire_fraction,meso_neighborhood_opinion_variance,micro_backfire_fraction,meso_neighborhood_opinion_variance,backfire_threshold,plus,micro,True,True,True,True,supported,supported,direct_root,0,0,4,4.0,3,0.019931208707240217,1.0,True,True,-0.48708574696528045,-0.48708574696528045,-0.43140485392142586,
primary_discovery,deffuant,unrestricted_temporal_search,unrestricted,,micro_backfire_fraction,micro_agent_shift_std,micro_backfire_fraction,micro_agent_shift_std,,,none,False,False,False,False,not_applicable,not_applicable,none,-1,-1,-1,,1,0.15689467698023568,,,,,,,no_legal_upstream_micro_manipulation_root
primary_discovery,deffuant,unrestricted_temporal_search,unrestricted,,micro_backfire_fraction,micro_extreme_agent_fraction,micro_backfire_fraction,micro_extreme_agent_fraction,,,none,False,False,False,False,not_applicable,not_applicable,none,-1,-1,-1,,1,-0.1746537972065978,,,,,,,no_legal_upstream_micro_manipulation_root
primary_discovery,deffuant,unrestricted_temporal_search,unrestricted,,micro_backfire_fraction,micro_mean_abs_agent_shift,micro_backfire_fraction,micro_mean_abs_agent_shift,,,none,False,False,False,False,not_applicable,not_applicable,none,-1,-1,-1,,1,0.1594844813292117,,,,,,,no_legal_upstream_micro_manipulation_root
primary_discovery,deffuant,unrestricted_temporal_search,unrestricted,,micro_backfire_fraction,micro_rejected_fraction,micro_backfire_fraction,micro_rejected_fraction,,,none,False,False,False,False,not_applicable,not_applicable,none,-1,-1,-1,,1,-0.13350134104310477,,,,,,,no_legal_upstream_micro_manipulation_root
primary_discovery,deffuant,unrestricted_temporal_search,unrestricted,,micro_edge_rewired_count,macro_network_assortativity,micro_edge_rewired_count,macro_network_assortativity,,,none,False,False,False,False,not_applicable,not_applicable,none,-1,-1,-1,,1,0.015671845198073842,,,,,,,no_legal_upstream_micro_manipulation_root
primary_discovery,deffuant,unrestricted_temporal_search,unrestricted,,micro_edge_rewired_count,macro_opinion_global_mean,micro_edge_rewired_count,macro_opinion_global_mean,,,none,False,False,False,False,not_applicable,not_applicable,none,-1,-1,-1,,4,0.0027597726623280294,,,,,,,no_legal_upstream_micro_manipulation_root
primary_discovery,deffuant,unrestricted_temporal_search,unrestricted,,micro_edge_rewired_count,macro_opinion_global_variance,micro_edge_rewired_count,macro_opinion_global_variance,,,none,False,False,False,False,not_applicable,not_applicable,none,-1,-1,-1,,3,-0.0007041887357070945,,,,,,,no_legal_upstream_micro_manipulation_root
primary_discovery,deffuant,unrestricted_temporal_search,unrestricted,,micro_edge_rewired_count,meso_neighborhood_abs_opinion_std,micro_edge_rewired_count,meso_neighborhood_abs_opinion_std,,,none,False,False,False,False,not_applicable,not_applicable,none,-1,-1,-1,,1,-0.00210803204175182,,,,,,,no_legal_upstream_micro_manipulation_root
primary_discovery,deffuant,unrestricted_temporal_search,unrestricted,,micro_edge_rewired_count,meso_neighborhood_abs_opinion_variance,micro_edge_rewired_count,meso_neighborhood_abs_opinion_variance,,,none,False,False,False,False,not_applicable,not_applicable,none,-1,-1,-1,,1,-0.002926603671300182,,,,,,,no_legal_upstream_micro_manipulation_root
primary_discovery,deffuant,unrestricted_temporal_search,unrestricted,,micro_edge_rewired_count,meso_neighborhood_agent_shift_std,micro_edge_rewired_count,meso_neighborhood_agent_shift_std,,,none,False,False,False,False,not_applicable,not_applicable,none,-1,-1,-1,,1,0.01197812939073502,,,,,,,no_legal_upstream_micro_manipulation_root
primary_discovery,deffuant,unrestricted_temporal_search,unrestricted,,micro_edge_rewired_count,meso_neighborhood_agent_shift_variance,micro_edge_rewired_count,meso_neighborhood_agent_shift_variance,,,none,False,False,False,False,not_applicable,not_applicable,none,-1,-1,-1,,1,0.020413204722492508,,,,,,,no_legal_upstream_micro_manipulation_root
primary_discovery,deffuant,unrestricted_temporal_search,unrestricted,,micro_edge_rewired_count,meso_neighborhood_interaction_distance_variance,micro_edge_rewired_count,meso_neighborhood_interaction_distance_variance,,,none,False,False,False,False,not_applicable,not_applicable,none,-1,-1,-1,,1,-0.021536880222703766,,,,,,,no_legal_upstream_micro_manipulation_root
primary_discovery,deffuant,unrestricted_temporal_search,unrestricted,,micro_edge_rewired_count,meso_neighborhood_opinion_std,micro_edge_rewired_count,meso_neighborhood_opinion_std,,,none,False,False,False,False,not_applicable,not_applicable,none,-1,-1,-1,,1,-0.01483099110257836,,,,,,,no_legal_upstream_micro_manipulation_root
primary_discovery,deffuant,unrestricted_temporal_search,unrestricted,,micro_edge_rewired_count,meso_neighborhood_opinion_variance,micro_edge_rewired_count,meso_neighborhood_opinion_variance,,,none,False,False,False,False,not_applicable,not_applicable,none,-1,-1,-1,,1,-0.018773285790203577,,,,,,,no_legal_upstream_micro_manipulation_root
primary_discovery,deffuant,unrestricted_temporal_search,unrestricted,,micro_edge_rewired_count,micro_accepted_count,micro_edge_rewired_count,micro_accepted_count,,,none,False,False,False,False,not_applicable,not_applicable,none,-1,-1,-1,,1,0.021766078175671055,,,,,,,no_legal_upstream_micro_manipulation_root
primary_discovery,deffuant,unrestricted_temporal_search,unrestricted,,micro_edge_rewired_count,micro_accepted_fraction,micro_edge_rewired_count,micro_accepted_fraction,,,none,False,False,False,False,not_applicable,not_applicable,none,-1,-1,-1,,1,0.021766078172092182,,,,,,,no_legal_upstream_micro_manipulation_root
primary_discovery,deffuant,unrestricted_temporal_search,unrestricted,,micro_edge_rewired_count,micro_agent_shift_std,micro_edge_rewired_count,micro_agent_shift_std,,,none,False,False,False,False,not_applicable,not_applicable,none,-1,-1,-1,,1,0.012788678048250533,,,,,,,no_legal_upstream_micro_manipulation_root
primary_discovery,deffuant,unrestricted_temporal_search,unrestricted,,micro_edge_rewired_count,micro_backfire_fraction,micro_edge_rewired_count,micro_backfire_fraction,,,none,False,False,False,False,not_applicable,not_applicable,none,-1,-1,-1,,1,-0.01772580769654068,,,,,,,no_legal_upstream_micro_manipulation_root
primary_discovery,deffuant,unrestricted_temporal_search,unrestricted,,micro_edge_rewired_count,micro_interaction_distance_std,micro_edge_rewired_count,micro_interaction_distance_std,,,none,False,False,False,False,not_applicable,not_applicable,none,-1,-1,-1,,1,-0.026047987363284317,,,,,,,no_legal_upstream_micro_manipulation_root
primary_discovery,deffuant,unrestricted_temporal_search,unrestricted,,micro_edge_rewired_count,micro_mean_abs_agent_shift,micro_edge_rewired_count,micro_mean_abs_agent_shift,,,none,False,False,False,False,not_applicable,not_applicable,none,-1,-1,-1,,1,0.011978156623787622,,,,,,,no_legal_upstream_micro_manipulation_root
primary_discovery,deffuant,unrestricted_temporal_search,unrestricted,,micro_edge_rewired_count,micro_mean_interaction_distance,micro_edge_rewired_count,micro_mean_interaction_distance,,,none,False,False,False,False,not_applicable,not_applicable,none,-1,-1,-1,,1,-0.013116173620428011,,,,,,,no_legal_upstream_micro_manipulation_root
primary_discovery,deffuant,unrestricted_temporal_search,unrestricted,,micro_edge_rewired_count,micro_median_opinion,micro_edge_rewired_count,micro_median_opinion,,,none,False,False,False,False,not_applicable,not_applicable,none,-1,-1,-1,,4,0.0017161687584258843,,,,,,,no_legal_upstream_micro_manipulation_root
primary_discovery,deffuant,unrestricted_temporal_search,unrestricted,,micro_edge_rewired_count,micro_opinion_p25,micro_edge_rewired_count,micro_opinion_p25,,,none,False,False,False,False,not_applicable,not_applicable,none,-1,-1,-1,,4,0.003050616728770623,,,,,,,no_legal_upstream_micro_manipulation_root
primary_discovery,deffuant,unrestricted_temporal_search,unrestricted,,micro_edge_rewired_count,micro_opinion_std,micro_edge_rewired_count,micro_opinion_std,,,none,False,False,False,False,not_applicable,not_applicable,none,-1,-1,-1,,3,-0.0008756809083555494,,,,,,,no_legal_upstream_micro_manipulation_root
primary_discovery,deffuant,unrestricted_temporal_search,unrestricted,,micro_edge_rewired_count,micro_rejected_fraction,micro_edge_rewired_count,micro_rejected_fraction,,,none,False,False,False,False,not_applicable,not_applicable,none,-1,-1,-1,,1,-0.02238450639086324,,,,,,,no_legal_upstream_micro_manipulation_root
primary_discovery,deffuant,unrestricted_temporal_search,unrestricted,,micro_edge_rewired_count,micro_rewiring_fraction,micro_edge_rewired_count,micro_rewiring_fraction,,,none,False,False,False,False,not_applicable,not_applicable,none,-1,-1,-1,,3,-0.04501970166847343,,,,,,,no_legal_upstream_micro_manipulation_root
primary_discovery,deffuant,unrestricted_temporal_search,unrestricted,,micro_extreme_agent_fraction,macro_opinion_global_mean,micro_extreme_agent_fraction,macro_opinion_global_mean,,,none,False,False,False,False,not_applicable,not_applicable,none,-1,-1,-1,,1,0.00504051932518688,,,,,,,no_legal_upstream_micro_manipulation_root
primary_discovery,deffuant,unrestricted_temporal_search,unrestricted,,micro_extreme_agent_fraction,macro_opinion_global_variance,micro_extreme_agent_fraction,macro_opinion_global_variance,,,none,False,False,False,False,not_applicable,not_applicable,none,-1,-1,-1,,4,-0.0011774966035703294,,,,,,,no_legal_upstream_micro_manipulation_root
primary_discovery,deffuant,unrestricted_temporal_search,unrestricted,,micro_extreme_agent_fraction,meso_neighborhood_abs_opinion_variance,micro_extreme_agent_fraction,meso_neighborhood_abs_opinion_variance,,,none,False,False,False,False,not_applicable,not_applicable,none,-1,-1,-1,,1,-0.006576093143904095,,,,,,,no_legal_upstream_micro_manipulation_root
primary_discovery,deffuant,unrestricted_temporal_search,unrestricted,,micro_extreme_agent_fraction,meso_neighborhood_agent_shift_variance,micro_extreme_agent_fraction,meso_neighborhood_agent_shift_variance,,,none,False,False,False,False,not_applicable,not_applicable,none,-1,-1,-1,,5,-0.03193906882232865,,,,,,,no_legal_upstream_micro_manipulation_root
primary_discovery,deffuant,unrestricted_temporal_search,unrestricted,,micro_extreme_agent_fraction,micro_accepted_count,micro_extreme_agent_fraction,micro_accepted_count,,,none,False,False,False,False,not_applicable,not_applicable,none,-1,-1,-1,,4,-0.03459422343855459,,,,,,,no_legal_upstream_micro_manipulation_root
primary_discovery,deffuant,unrestricted_temporal_search,unrestricted,,micro_extreme_agent_fraction,micro_accepted_fraction,micro_extreme_agent_fraction,micro_accepted_fraction,,,none,False,False,False,False,not_applicable,not_applicable,none,-1,-1,-1,,4,-0.03459422343855448,,,,,,,no_legal_upstream_micro_manipulation_root
primary_discovery,deffuant,unrestricted_temporal_search,unrestricted,,micro_extreme_agent_fraction,micro_agent_shift_std,micro_extreme_agent_fraction,micro_agent_shift_std,,,none,False,False,False,False,not_applicable,not_applicable,none,-1,-1,-1,,5,-0.024911043222604096,,,,,,,no_legal_upstream_micro_manipulation_root
primary_discovery,deffuant,unrestricted_temporal_search,unrestricted,,micro_extreme_agent_fraction,micro_backfire_fraction,micro_extreme_agent_fraction,micro_backfire_fraction,,,none,False,False,False,False,not_applicable,not_applicable,none,-1,-1,-1,,4,0.023390974710022775,,,,,,,no_legal_upstream_micro_manipulation_root
primary_discovery,deffuant,unrestricted_temporal_search,unrestricted,,micro_extreme_agent_fraction,micro_mean_abs_opinion,micro_extreme_agent_fraction,micro_mean_abs_opinion,,,none,False,False,False,False,not_applicable,not_applicable,none,-1,-1,-1,,4,-0.0008414144458549997,,,,,,,no_legal_upstream_micro_manipulation_root
primary_discovery,deffuant,unrestricted_temporal_search,unrestricted,,micro_extreme_agent_fraction,micro_mean_interaction_distance,micro_extreme_agent_fraction,micro_mean_interaction_distance,,,none,False,False,False,False,not_applicable,not_applicable,none,-1,-1,-1,,4,0.0314497901532613,,,,,,,no_legal_upstream_micro_manipulation_root
primary_discovery,deffuant,unrestricted_temporal_search,unrestricted,,micro_extreme_agent_fraction,micro_median_opinion,micro_extreme_agent_fraction,micro_median_opinion,,,none,False,False,False,False,not_applicable,not_applicable,none,-1,-1,-1,,5,0.0053436700939884455,,,,,,,no_legal_upstream_micro_manipulation_root
primary_discovery,deffuant,unrestricted_temporal_search,unrestricted,,micro_extreme_agent_fraction,micro_opinion_std,micro_extreme_agent_fraction,micro_opinion_std,,,none,False,False,False,False,not_applicable,not_applicable,none,-1,-1,-1,,4,-0.0011073297676947,,,,,,,no_legal_upstream_micro_manipulation_root
primary_discovery,deffuant,unrestricted_temporal_search,unrestricted,,micro_extreme_agent_fraction,micro_rejected_fraction,micro_extreme_agent_fraction,micro_rejected_fraction,,,none,False,False,False,False,not_applicable,not_applicable,none,-1,-1,-1,,5,-0.05779295717370368,,,,,,,no_legal_upstream_micro_manipulation_root
primary_discovery,deffuant,unrestricted_temporal_search,unrestricted,,micro_extreme_agent_fraction,micro_sign_flip_fraction,micro_extreme_agent_fraction,micro_sign_flip_fraction,,,none,False,False,False,False,not_applicable,not_applicable,none,-1,-1,-1,,1,-0.13527814162194143,,,,,,,no_legal_upstream_micro_manipulation_root
primary_discovery,deffuant,unrestricted_temporal_search,unrestricted,,micro_interaction_distance_std,meso_neighborhood_abs_opinion_std,micro_interaction_distance_std,meso_neighborhood_abs_opinion_std,,,none,False,False,False,False,not_applicable,not_applicable,none,-1,-1,-1,,1,0.013192791930181812,,,,,,,no_legal_upstream_micro_manipulation_root
primary_discovery,deffuant,unrestricted_temporal_search,unrestricted,,micro_interaction_distance_std,meso_neighborhood_opinion_std,micro_interaction_distance_std,meso_neighborhood_opinion_std,,,none,False,False,False,False,not_applicable,not_applicable,none,-1,-1,-1,,1,-0.01564882471485637,,,,,,,no_legal_upstream_micro_manipulation_root
primary_discovery,deffuant,unrestricted_temporal_search,unrestricted,,micro_interaction_distance_std,meso_neighborhood_opinion_variance,micro_interaction_distance_std,meso_neighborhood_opinion_variance,,,none,False,False,False,False,not_applicable,not_applicable,none,-1,-1,-1,,1,-0.020104041988495826,,,,,,,no_legal_upstream_micro_manipulation_root
primary_discovery,deffuant,unrestricted_temporal_search,unrestricted,,micro_interaction_distance_std,micro_mean_abs_agent_shift,micro_interaction_distance_std,micro_mean_abs_agent_shift,,,none,False,False,False,False,not_applicable,not_applicable,none,-1,-1,-1,,2,-0.030520283617749683,,,,,,,no_legal_upstream_micro_manipulation_root
primary_discovery,deffuant,unrestricted_temporal_search,unrestricted,,micro_interaction_distance_std,micro_mean_abs_opinion,micro_interaction_distance_std,micro_mean_abs_opinion,,,none,False,False,False,False,not_applicable,not_applicable,none,-1,-1,-1,,1,-0.0061257173373221755,,,,,,,no_legal_upstream_micro_manipulation_root
primary_discovery,deffuant,unrestricted_temporal_search,unrestricted,,micro_interaction_distance_std,micro_opinion_std,micro_interaction_distance_std,micro_opinion_std,,,none,False,False,False,False,not_applicable,not_applicable,none,-1,-1,-1,,1,-0.004412626851701488,,,,,,,no_legal_upstream_micro_manipulation_root
primary_discovery,deffuant,unrestricted_temporal_search,unrestricted,,micro_mean_abs_agent_shift,macro_network_assortativity,micro_mean_abs_agent_shift,macro_network_assortativity,,,none,False,False,False,False,not_applicable,not_applicable,none,-1,-1,-1,,5,-0.005273653573340041,,,,,,,no_legal_upstream_micro_manipulation_root
primary_discovery,deffuant,unrestricted_temporal_search,unrestricted,,micro_mean_abs_agent_shift,macro_opinion_global_variance,micro_mean_abs_agent_shift,macro_opinion_global_variance,,,none,False,False,False,False,not_applicable,not_applicable,none,-1,-1,-1,,1,-0.014199857079083052,,,,,,,no_legal_upstream_micro_manipulation_root
primary_discovery,deffuant,unrestricted_temporal_search,unrestricted,micro_mean_abs_agent_shift,micro_mean_abs_agent_shift,meso_neighborhood_abs_opinion_std,micro_mean_abs_agent_shift,meso_neighborhood_abs_opinion_std,assimilation_strength,minus,micro,False,False,True,True,manipulation_failure,manipulation_failure,direct_root,0,0,2,2.0,1,-0.05139852830040712,1.0,True,True,-0.08623456846061121,-0.08623456846061121,0.8449205169425184,
primary_discovery,deffuant,unrestricted_temporal_search,unrestricted,micro_mean_abs_agent_shift,micro_mean_abs_agent_shift,meso_neighborhood_abs_opinion_std,micro_mean_abs_agent_shift,meso_neighborhood_abs_opinion_std,assimilation_strength,plus,micro,True,True,True,True,supported,supported,direct_root,0,0,3,3.0,1,-0.05139852830040712,2.0,True,True,0.21271035514056394,0.21271035514056394,-0.25494303634669896,
primary_discovery,deffuant,unrestricted_temporal_search,unrestricted,micro_mean_abs_agent_shift,micro_mean_abs_agent_shift,meso_neighborhood_abs_opinion_variance,micro_mean_abs_agent_shift,meso_neighborhood_abs_opinion_variance,assimilation_strength,minus,micro,False,False,True,True,manipulation_failure,manipulation_failure,direct_root,0,0,1,1.0,1,-0.09934808163844522,0.0,True,True,-0.08623456846061121,-0.08623456846061121,0.8048526616099485,
primary_discovery,deffuant,unrestricted_temporal_search,unrestricted,micro_mean_abs_agent_shift,micro_mean_abs_agent_shift,meso_neighborhood_abs_opinion_variance,micro_mean_abs_agent_shift,meso_neighborhood_abs_opinion_variance,assimilation_strength,plus,micro,True,True,True,True,supported,supported,direct_root,0,0,2,2.0,1,-0.09934808163844522,1.0,True,True,0.21271035514056394,0.21271035514056394,-0.23927615921708748,
primary_discovery,deffuant,unrestricted_temporal_search,unrestricted,micro_mean_abs_agent_shift,micro_mean_abs_agent_shift,meso_neighborhood_opinion_std,micro_mean_abs_agent_shift,meso_neighborhood_opinion_std,assimilation_strength,minus,micro,False,False,True,True,manipulation_failure,manipulation_failure,direct_root,0,0,23,23.0,1,-0.031146321800581717,22.0,True,False,-0.08623456846061121,-0.08623456846061121,0.20546525326426568,
primary_discovery,deffuant,unrestricted_temporal_search,unrestricted,micro_mean_abs_agent_shift,micro_mean_abs_agent_shift,meso_neighborhood_opinion_std,micro_mean_abs_agent_shift,meso_neighborhood_opinion_std,assimilation_strength,plus,micro,True,True,False,False,no_stable_downstream_effect,no_stable_downstream_effect,direct_root,0,0,-1,,1,-0.031146321800581717,,True,,0.21271035514056394,0.21271035514056394,-0.05924856190124567,
primary_discovery,deffuant,unrestricted_temporal_search,unrestricted,micro_mean_abs_agent_shift,micro_mean_abs_agent_shift,meso_neighborhood_opinion_variance,micro_mean_abs_agent_shift,meso_neighborhood_opinion_variance,assimilation_strength,minus,micro,False,False,True,True,manipulation_failure,manipulation_failure,direct_root,0,0,7,7.0,1,-0.033736921975468466,6.0,True,False,-0.08623456846061121,-0.08623456846061121,0.1491503226741312,
primary_discovery,deffuant,unrestricted_temporal_search,unrestricted,micro_mean_abs_agent_shift,micro_mean_abs_agent_shift,meso_neighborhood_opinion_variance,micro_mean_abs_agent_shift,meso_neighborhood_opinion_variance,assimilation_strength,plus,micro,True,True,False,False,no_stable_downstream_effect,no_stable_downstream_effect,direct_root,0,0,-1,,1,-0.033736921975468466,,True,,0.21271035514056394,0.21271035514056394,-0.051891524168077165,
primary_discovery,deffuant,unrestricted_temporal_search,unrestricted,,micro_mean_abs_agent_shift,micro_backfire_fraction,micro_mean_abs_agent_shift,micro_backfire_fraction,,,none,False,False,False,False,not_applicable,not_applicable,none,-1,-1,-1,,2,-0.2267575321747092,,,,,,,no_legal_upstream_micro_manipulation_root
primary_discovery,deffuant,unrestricted_temporal_search,unrestricted,,micro_mean_abs_agent_shift,micro_extreme_agent_fraction,micro_mean_abs_agent_shift,micro_extreme_agent_fraction,,,none,False,False,False,False,not_applicable,not_applicable,none,-1,-1,-1,,1,-0.31057810306627354,,,,,,,no_legal_upstream_micro_manipulation_root
primary_discovery,deffuant,unrestricted_temporal_search,unrestricted,,micro_mean_abs_agent_shift,micro_mean_interaction_distance,micro_mean_abs_agent_shift,micro_mean_interaction_distance,,,none,False,False,False,False,not_applicable,not_applicable,none,-1,-1,-1,,2,-0.23589360555341182,,,,,,,no_legal_upstream_micro_manipulation_root
primary_discovery,deffuant,unrestricted_temporal_search,unrestricted,,micro_mean_abs_agent_shift,micro_opinion_std,micro_mean_abs_agent_shift,micro_opinion_std,,,none,False,False,False,False,not_applicable,not_applicable,none,-1,-1,-1,,1,-0.016548690541162512,,,,,,,no_legal_upstream_micro_manipulation_root
primary_discovery,deffuant,unrestricted_temporal_search,unrestricted,,micro_mean_abs_agent_shift,micro_sign_flip_fraction,micro_mean_abs_agent_shift,micro_sign_flip_fraction,,,none,False,False,False,False,not_applicable,not_applicable,none,-1,-1,-1,,1,-1.3187811103295162,,,,,,,no_legal_upstream_micro_manipulation_root
primary_discovery,deffuant,unrestricted_temporal_search,unrestricted,,micro_mean_abs_opinion,meso_neighborhood_abs_opinion_std,micro_mean_abs_opinion,meso_neighborhood_abs_opinion_std,,,none,False,False,False,False,not_applicable,not_applicable,none,-1,-1,-1,,2,-0.09860531956904083,,,,,,,no_legal_upstream_micro_manipulation_root
primary_discovery,deffuant,unrestricted_temporal_search,unrestricted,,micro_mean_abs_opinion,meso_neighborhood_abs_opinion_variance,micro_mean_abs_opinion,meso_neighborhood_abs_opinion_variance,,,none,False,False,False,False,not_applicable,not_applicable,none,-1,-1,-1,,2,-0.19083036764738787,,,,,,,no_legal_upstream_micro_manipulation_root
primary_discovery,deffuant,unrestricted_temporal_search,unrestricted,,micro_mean_abs_opinion,micro_opinion_std,micro_mean_abs_opinion,micro_opinion_std,,,none,False,False,False,False,not_applicable,not_applicable,none,-1,-1,-1,,3,-0.07855369379146218,,,,,,,no_legal_upstream_micro_manipulation_root
primary_discovery,deffuant,unrestricted_temporal_search,unrestricted,,micro_mean_abs_opinion,micro_rejected_fraction,micro_mean_abs_opinion,micro_rejected_fraction,,,none,False,False,False,False,not_applicable,not_applicable,none,-1,-1,-1,,3,-4.5744846108374615,,,,,,,no_legal_upstream_micro_manipulation_root
primary_discovery,deffuant,unrestricted_temporal_search,unrestricted,,micro_mean_abs_opinion,micro_sign_flip_fraction,micro_mean_abs_opinion,micro_sign_flip_fraction,,,none,False,False,False,False,not_applicable,not_applicable,none,-1,-1,-1,,3,4.52671643077624,,,,,,,no_legal_upstream_micro_manipulation_root
primary_discovery,deffuant,unrestricted_temporal_search,unrestricted,,micro_mean_interaction_distance,macro_network_assortativity,micro_mean_interaction_distance,macro_network_assortativity,,,none,False,False,False,False,not_applicable,not_applicable,none,-1,-1,-1,,1,0.05496138691834538,,,,,,,no_legal_upstream_micro_manipulation_root
primary_discovery,deffuant,unrestricted_temporal_search,unrestricted,,micro_mean_interaction_distance,macro_opinion_global_mean,micro_mean_interaction_distance,macro_opinion_global_mean,,,none,False,False,False,False,not_applicable,not_applicable,none,-1,-1,-1,,2,-0.02819936974420852,,,,,,,no_legal_upstream_micro_manipulation_root
primary_discovery,deffuant,unrestricted_temporal_search,unrestricted,,micro_mean_interaction_distance,macro_opinion_global_variance,micro_mean_interaction_distance,macro_opinion_global_variance,,,none,False,False,False,False,not_applicable,not_applicable,none,-1,-1,-1,,1,0.05352945752361461,,,,,,,no_legal_upstream_micro_manipulation_root
primary_discovery,deffuant,unrestricted_temporal_search,unrestricted,,micro_mean_interaction_distance,meso_neighborhood_abs_opinion_std,micro_mean_interaction_distance,meso_neighborhood_abs_opinion_std,,,none,False,False,False,False,not_applicable,not_applicable,none,-1,-1,-1,,1,0.022363924738653028,,,,,,,no_legal_upstream_micro_manipulation_root
primary_discovery,deffuant,unrestricted_temporal_search,unrestricted,,micro_mean_interaction_distance,meso_neighborhood_abs_opinion_variance,micro_mean_interaction_distance,meso_neighborhood_abs_opinion_variance,,,none,False,False,False,False,not_applicable,not_applicable,none,-1,-1,-1,,1,0.052476903137344884,,,,,,,no_legal_upstream_micro_manipulation_root
primary_discovery,deffuant,unrestricted_temporal_search,unrestricted,,micro_mean_interaction_distance,meso_neighborhood_agent_shift_std,micro_mean_interaction_distance,meso_neighborhood_agent_shift_std,,,none,False,False,False,False,not_applicable,not_applicable,none,-1,-1,-1,,1,-0.3023475048983474,,,,,,,no_legal_upstream_micro_manipulation_root
primary_discovery,deffuant,unrestricted_temporal_search,unrestricted,,micro_mean_interaction_distance,meso_neighborhood_agent_shift_variance,micro_mean_interaction_distance,meso_neighborhood_agent_shift_variance,,,none,False,False,False,False,not_applicable,not_applicable,none,-1,-1,-1,,1,-0.5501882788223731,,,,,,,no_legal_upstream_micro_manipulation_root
primary_discovery,deffuant,unrestricted_temporal_search,unrestricted,,micro_mean_interaction_distance,meso_neighborhood_opinion_std,micro_mean_interaction_distance,meso_neighborhood_opinion_std,,,none,False,False,False,False,not_applicable,not_applicable,none,-1,-1,-1,,3,-0.03485201306465644,,,,,,,no_legal_upstream_micro_manipulation_root
primary_discovery,deffuant,unrestricted_temporal_search,unrestricted,,micro_mean_interaction_distance,meso_neighborhood_opinion_variance,micro_mean_interaction_distance,meso_neighborhood_opinion_variance,,,none,False,False,False,False,not_applicable,not_applicable,none,-1,-1,-1,,3,-0.03710259160173209,,,,,,,no_legal_upstream_micro_manipulation_root
primary_discovery,deffuant,unrestricted_temporal_search,unrestricted,,micro_mean_interaction_distance,micro_agent_shift_std,micro_mean_interaction_distance,micro_agent_shift_std,,,none,False,False,False,False,not_applicable,not_applicable,none,-1,-1,-1,,1,-0.39510692304760003,,,,,,,no_legal_upstream_micro_manipulation_root
primary_discovery,deffuant,unrestricted_temporal_search,unrestricted,,micro_mean_interaction_distance,micro_extreme_agent_fraction,micro_mean_interaction_distance,micro_extreme_agent_fraction,,,none,False,False,False,False,not_applicable,not_applicable,none,-1,-1,-1,,1,0.541595448190538,,,,,,,no_legal_upstream_micro_manipulation_root
primary_discovery,deffuant,unrestricted_temporal_search,unrestricted,,micro_mean_interaction_distance,micro_mean_abs_agent_shift,micro_mean_interaction_distance,micro_mean_abs_agent_shift,,,none,False,False,False,False,not_applicable,not_applicable,none,-1,-1,-1,,1,-0.3524079724080908,,,,,,,no_legal_upstream_micro_manipulation_root
primary_discovery,deffuant,unrestricted_temporal_search,unrestricted,,micro_mean_interaction_distance,micro_mean_abs_opinion,micro_mean_interaction_distance,micro_mean_abs_opinion,,,none,False,False,False,False,not_applicable,not_applicable,none,-1,-1,-1,,1,0.03687563078262876,,,,,,,no_legal_upstream_micro_manipulation_root
primary_discovery,deffuant,unrestricted_temporal_search,unrestricted,,micro_mean_interaction_distance,micro_opinion_p25,micro_mean_interaction_distance,micro_opinion_p25,,,none,False,False,False,False,not_applicable,not_applicable,none,-1,-1,-1,,1,-0.11858630976116949,,,,,,,no_legal_upstream_micro_manipulation_root
primary_discovery,deffuant,unrestricted_temporal_search,unrestricted,,micro_mean_interaction_distance,micro_opinion_std,micro_mean_interaction_distance,micro_opinion_std,,,none,False,False,False,False,not_applicable,not_applicable,none,-1,-1,-1,,1,0.054472728326098376,,,,,,,no_legal_upstream_micro_manipulation_root
primary_discovery,deffuant,unrestricted_temporal_search,unrestricted,,micro_mean_interaction_distance,micro_rejected_fraction,micro_mean_interaction_distance,micro_rejected_fraction,,,none,False,False,False,False,not_applicable,not_applicable,none,-1,-1,-1,,1,0.25366274239423703,,,,,,,no_legal_upstream_micro_manipulation_root
primary_discovery,deffuant,unrestricted_temporal_search,unrestricted,,micro_mean_interaction_distance,micro_sign_flip_fraction,micro_mean_interaction_distance,micro_sign_flip_fraction,,,none,False,False,False,False,not_applicable,not_applicable,none,-1,-1,-1,,5,-1.2363080370440414,,,,,,,no_legal_upstream_micro_manipulation_root
primary_discovery,deffuant,unrestricted_temporal_search,unrestricted,,micro_median_opinion,macro_network_assortativity,micro_median_opinion,macro_network_assortativity,,,none,False,False,False,False,not_applicable,not_applicable,none,-1,-1,-1,,4,-0.03288652709291958,,,,,,,no_legal_upstream_micro_manipulation_root
primary_discovery,deffuant,unrestricted_temporal_search,unrestricted,,micro_median_opinion,macro_opinion_global_variance,micro_median_opinion,macro_opinion_global_variance,,,none,False,False,False,False,not_applicable,not_applicable,none,-1,-1,-1,,3,-0.02889790931712616,,,,,,,no_legal_upstream_micro_manipulation_root
primary_discovery,deffuant,unrestricted_temporal_search,unrestricted,,micro_median_opinion,meso_neighborhood_abs_opinion_std,micro_median_opinion,meso_neighborhood_abs_opinion_std,,,none,False,False,False,False,not_applicable,not_applicable,none,-1,-1,-1,,1,-0.053563103973577574,,,,,,,no_legal_upstream_micro_manipulation_root
primary_discovery,deffuant,unrestricted_temporal_search,unrestricted,,micro_median_opinion,meso_neighborhood_abs_opinion_variance,micro_median_opinion,meso_neighborhood_abs_opinion_variance,,,none,False,False,False,False,not_applicable,not_applicable,none,-1,-1,-1,,1,-0.0956903964504595,,,,,,,no_legal_upstream_micro_manipulation_root
primary_discovery,deffuant,unrestricted_temporal_search,unrestricted,,micro_median_opinion,meso_neighborhood_agent_shift_variance,micro_median_opinion,meso_neighborhood_agent_shift_variance,,,none,False,False,False,False,not_applicable,not_applicable,none,-1,-1,-1,,3,0.014587860946725295,,,,,,,no_legal_upstream_micro_manipulation_root
primary_discovery,deffuant,unrestricted_temporal_search,unrestricted,,micro_median_opinion,micro_mean_abs_agent_shift,micro_median_opinion,micro_mean_abs_agent_shift,,,none,False,False,False,False,not_applicable,not_applicable,none,-1,-1,-1,,2,-0.24046877182967777,,,,,,,no_legal_upstream_micro_manipulation_root
primary_discovery,deffuant,unrestricted_temporal_search,unrestricted,,micro_median_opinion,micro_mean_abs_opinion,micro_median_opinion,micro_mean_abs_opinion,,,none,False,False,False,False,not_applicable,not_applicable,none,-1,-1,-1,,3,-0.03666586009747019,,,,,,,no_legal_upstream_micro_manipulation_root
primary_discovery,deffuant,unrestricted_temporal_search,unrestricted,,micro_median_opinion,micro_opinion_p25,micro_median_opinion,micro_opinion_p25,,,none,False,False,False,False,not_applicable,not_applicable,none,-1,-1,-1,,1,-0.10940035237568994,,,,,,,no_legal_upstream_micro_manipulation_root
primary_discovery,deffuant,unrestricted_temporal_search,unrestricted,,micro_opinion_p25,micro_accepted_count,micro_opinion_p25,micro_accepted_count,,,none,False,False,False,False,not_applicable,not_applicable,none,-1,-1,-1,,5,0.15267162759564976,,,,,,,no_legal_upstream_micro_manipulation_root
primary_discovery,deffuant,unrestricted_temporal_search,unrestricted,,micro_opinion_p25,micro_accepted_fraction,micro_opinion_p25,micro_accepted_fraction,,,none,False,False,False,False,not_applicable,not_applicable,none,-1,-1,-1,,5,0.15267162759565175,,,,,,,no_legal_upstream_micro_manipulation_root
primary_discovery,deffuant,unrestricted_temporal_search,unrestricted,,micro_opinion_p25,micro_agent_shift_std,micro_opinion_p25,micro_agent_shift_std,,,none,False,False,False,False,not_applicable,not_applicable,none,-1,-1,-1,,5,-0.045185674799035465,,,,,,,no_legal_upstream_micro_manipulation_root
primary_discovery,deffuant,unrestricted_temporal_search,unrestricted,,micro_opinion_p25,micro_edge_rewired_count,micro_opinion_p25,micro_edge_rewired_count,,,none,False,False,False,False,not_applicable,not_applicable,none,-1,-1,-1,,2,0.8246616276881723,,,,,,,no_legal_upstream_micro_manipulation_root
primary_discovery,deffuant,unrestricted_temporal_search,unrestricted,,micro_opinion_p25,micro_median_opinion,micro_opinion_p25,micro_median_opinion,,,none,False,False,False,False,not_applicable,not_applicable,none,-1,-1,-1,,3,0.028711007146531492,,,,,,,no_legal_upstream_micro_manipulation_root
primary_discovery,deffuant,unrestricted_temporal_search,unrestricted,,micro_opinion_p25,micro_rewiring_fraction,micro_opinion_p25,micro_rewiring_fraction,,,none,False,False,False,False,not_applicable,not_applicable,none,-1,-1,-1,,2,0.8246616276881726,,,,,,,no_legal_upstream_micro_manipulation_root
primary_discovery,deffuant,unrestricted_temporal_search,unrestricted,,micro_opinion_p25,micro_sign_flip_fraction,micro_opinion_p25,micro_sign_flip_fraction,,,none,False,False,False,False,not_applicable,not_applicable,none,-1,-1,-1,,4,-0.9655023659400055,,,,,,,no_legal_upstream_micro_manipulation_root
primary_discovery,deffuant,unrestricted_temporal_search,unrestricted,,micro_opinion_std,micro_accepted_count,micro_opinion_std,micro_accepted_count,,,none,False,False,False,False,not_applicable,not_applicable,none,-1,-1,-1,,4,5.329787692689196,,,,,,,no_legal_upstream_micro_manipulation_root
primary_discovery,deffuant,unrestricted_temporal_search,unrestricted,,micro_opinion_std,micro_accepted_fraction,micro_opinion_std,micro_accepted_fraction,,,none,False,False,False,False,not_applicable,not_applicable,none,-1,-1,-1,,4,5.329787692689635,,,,,,,no_legal_upstream_micro_manipulation_root
primary_discovery,deffuant,unrestricted_temporal_search,unrestricted,,micro_opinion_std,micro_rejected_fraction,micro_opinion_std,micro_rejected_fraction,,,none,False,False,False,False,not_applicable,not_applicable,none,-1,-1,-1,,3,9.554721454159834,,,,,,,no_legal_upstream_micro_manipulation_root
primary_discovery,deffuant,unrestricted_temporal_search,unrestricted,,micro_rejected_fraction,macro_network_assortativity,micro_rejected_fraction,macro_network_assortativity,,,none,False,False,False,False,not_applicable,not_applicable,none,-1,-1,-1,,1,-0.006519132740392966,,,,,,,no_legal_upstream_micro_manipulation_root
primary_discovery,deffuant,unrestricted_temporal_search,unrestricted,,micro_rejected_fraction,macro_opinion_global_variance,micro_rejected_fraction,macro_opinion_global_variance,,,none,False,False,False,False,not_applicable,not_applicable,none,-1,-1,-1,,1,-0.004280665520819536,,,,,,,no_legal_upstream_micro_manipulation_root
primary_discovery,deffuant,unrestricted_temporal_search,unrestricted,,micro_rejected_fraction,meso_neighborhood_abs_opinion_std,micro_rejected_fraction,meso_neighborhood_abs_opinion_std,,,none,False,False,False,False,not_applicable,not_applicable,none,-1,-1,-1,,3,0.005238772741231645,,,,,,,no_legal_upstream_micro_manipulation_root
primary_discovery,deffuant,unrestricted_temporal_search,unrestricted,,micro_rejected_fraction,meso_neighborhood_abs_opinion_variance,micro_rejected_fraction,meso_neighborhood_abs_opinion_variance,,,none,False,False,False,False,not_applicable,not_applicable,none,-1,-1,-1,,3,0.012813001258901627,,,,,,,no_legal_upstream_micro_manipulation_root
primary_discovery,deffuant,unrestricted_temporal_search,unrestricted,,micro_rejected_fraction,meso_neighborhood_agent_shift_variance,micro_rejected_fraction,meso_neighborhood_agent_shift_variance,,,none,False,False,False,False,not_applicable,not_applicable,none,-1,-1,-1,,4,0.042638364166609447,,,,,,,no_legal_upstream_micro_manipulation_root
primary_discovery,deffuant,unrestricted_temporal_search,unrestricted,,micro_rejected_fraction,micro_accepted_count,micro_rejected_fraction,micro_accepted_count,,,none,False,False,False,False,not_applicable,not_applicable,none,-1,-1,-1,,1,-0.053458474781243874,,,,,,,no_legal_upstream_micro_manipulation_root
primary_discovery,deffuant,unrestricted_temporal_search,unrestricted,,micro_rejected_fraction,micro_accepted_fraction,micro_rejected_fraction,micro_accepted_fraction,,,none,False,False,False,False,not_applicable,not_applicable,none,-1,-1,-1,,1,-0.05345847478124583,,,,,,,no_legal_upstream_micro_manipulation_root
primary_discovery,deffuant,unrestricted_temporal_search,unrestricted,,micro_rejected_fraction,micro_agent_shift_std,micro_rejected_fraction,micro_agent_shift_std,,,none,False,False,False,False,not_applicable,not_applicable,none,-1,-1,-1,,4,0.03211965816614255,,,,,,,no_legal_upstream_micro_manipulation_root
primary_discovery,deffuant,unrestricted_temporal_search,unrestricted,,micro_rejected_fraction,micro_backfire_fraction,micro_rejected_fraction,micro_backfire_fraction,,,none,False,False,False,False,not_applicable,not_applicable,none,-1,-1,-1,,4,-0.07164896214827622,,,,,,,no_legal_upstream_micro_manipulation_root
primary_discovery,deffuant,unrestricted_temporal_search,unrestricted,,micro_rejected_fraction,micro_mean_abs_opinion,micro_rejected_fraction,micro_mean_abs_opinion,,,none,False,False,False,False,not_applicable,not_applicable,none,-1,-1,-1,,1,-0.006674461887405073,,,,,,,no_legal_upstream_micro_manipulation_root
primary_discovery,deffuant,unrestricted_temporal_search,unrestricted,,micro_rejected_fraction,micro_opinion_std,micro_rejected_fraction,micro_opinion_std,,,none,False,False,False,False,not_applicable,not_applicable,none,-1,-1,-1,,1,-0.006059249435559169,,,,,,,no_legal_upstream_micro_manipulation_root
primary_discovery,deffuant,unrestricted_temporal_search,unrestricted,,micro_rejected_fraction,micro_sign_flip_fraction,micro_rejected_fraction,micro_sign_flip_fraction,,,none,False,False,False,False,not_applicable,not_applicable,none,-1,-1,-1,,4,0.15989686230686803,,,,,,,no_legal_upstream_micro_manipulation_root
primary_discovery,deffuant,unrestricted_temporal_search,unrestricted,,micro_rewiring_fraction,macro_network_assortativity,micro_rewiring_fraction,macro_network_assortativity,,,none,False,False,False,False,not_applicable,not_applicable,none,-1,-1,-1,,1,0.015671845198074817,,,,,,,no_legal_upstream_micro_manipulation_root
primary_discovery,deffuant,unrestricted_temporal_search,unrestricted,,micro_rewiring_fraction,macro_opinion_global_mean,micro_rewiring_fraction,macro_opinion_global_mean,,,none,False,False,False,False,not_applicable,not_applicable,none,-1,-1,-1,,4,0.0027597726623289297,,,,,,,no_legal_upstream_micro_manipulation_root
primary_discovery,deffuant,unrestricted_temporal_search,unrestricted,,micro_rewiring_fraction,macro_opinion_global_variance,micro_rewiring_fraction,macro_opinion_global_variance,,,none,False,False,False,False,not_applicable,not_applicable,none,-1,-1,-1,,3,-0.0007041887356971178,,,,,,,no_legal_upstream_micro_manipulation_root
primary_discovery,deffuant,unrestricted_temporal_search,unrestricted,,micro_rewiring_fraction,meso_neighborhood_abs_opinion_std,micro_rewiring_fraction,meso_neighborhood_abs_opinion_std,,,none,False,False,False,False,not_applicable,not_applicable,none,-1,-1,-1,,1,-0.0021080320417457693,,,,,,,no_legal_upstream_micro_manipulation_root
primary_discovery,deffuant,unrestricted_temporal_search,unrestricted,,micro_rewiring_fraction,meso_neighborhood_abs_opinion_variance,micro_rewiring_fraction,meso_neighborhood_abs_opinion_variance,,,none,False,False,False,False,not_applicable,not_applicable,none,-1,-1,-1,,1,-0.0029266036712617127,,,,,,,no_legal_upstream_micro_manipulation_root
primary_discovery,deffuant,unrestricted_temporal_search,unrestricted,,micro_rewiring_fraction,meso_neighborhood_agent_shift_std,micro_rewiring_fraction,meso_neighborhood_agent_shift_std,,,none,False,False,False,False,not_applicable,not_applicable,none,-1,-1,-1,,1,0.011978129389469185,,,,,,,no_legal_upstream_micro_manipulation_root
primary_discovery,deffuant,unrestricted_temporal_search,unrestricted,,micro_rewiring_fraction,meso_neighborhood_agent_shift_variance,micro_rewiring_fraction,meso_neighborhood_agent_shift_variance,,,none,False,False,False,False,not_applicable,not_applicable,none,-1,-1,-1,,1,0.02041320472249425,,,,,,,no_legal_upstream_micro_manipulation_root
primary_discovery,deffuant,unrestricted_temporal_search,unrestricted,,micro_rewiring_fraction,meso_neighborhood_interaction_distance_variance,micro_rewiring_fraction,meso_neighborhood_interaction_distance_variance,,,none,False,False,False,False,not_applicable,not_applicable,none,-1,-1,-1,,1,-0.021536880222701307,,,,,,,no_legal_upstream_micro_manipulation_root
primary_discovery,deffuant,unrestricted_temporal_search,unrestricted,,micro_rewiring_fraction,meso_neighborhood_opinion_std,micro_rewiring_fraction,meso_neighborhood_opinion_std,,,none,False,False,False,False,not_applicable,not_applicable,none,-1,-1,-1,,1,-0.014830991102578192,,,,,,,no_legal_upstream_micro_manipulation_root
primary_discovery,deffuant,unrestricted_temporal_search,unrestricted,,micro_rewiring_fraction,meso_neighborhood_opinion_variance,micro_rewiring_fraction,meso_neighborhood_opinion_variance,,,none,False,False,False,False,not_applicable,not_applicable,none,-1,-1,-1,,1,-0.018773285790203476,,,,,,,no_legal_upstream_micro_manipulation_root
primary_discovery,deffuant,unrestricted_temporal_search,unrestricted,,micro_rewiring_fraction,micro_accepted_count,micro_rewiring_fraction,micro_accepted_count,,,none,False,False,False,False,not_applicable,not_applicable,none,-1,-1,-1,,1,0.021766078168571994,,,,,,,no_legal_upstream_micro_manipulation_root
primary_discovery,deffuant,unrestricted_temporal_search,unrestricted,,micro_rewiring_fraction,micro_accepted_fraction,micro_rewiring_fraction,micro_accepted_fraction,,,none,False,False,False,False,not_applicable,not_applicable,none,-1,-1,-1,,1,0.021766078172150892,,,,,,,no_legal_upstream_micro_manipulation_root
primary_discovery,deffuant,unrestricted_temporal_search,unrestricted,,micro_rewiring_fraction,micro_agent_shift_std,micro_rewiring_fraction,micro_agent_shift_std,,,none,False,False,False,False,not_applicable,not_applicable,none,-1,-1,-1,,1,0.012788678048250115,,,,,,,no_legal_upstream_micro_manipulation_root
primary_discovery,deffuant,unrestricted_temporal_search,unrestricted,,micro_rewiring_fraction,micro_backfire_fraction,micro_rewiring_fraction,micro_backfire_fraction,,,none,False,False,False,False,not_applicable,not_applicable,none,-1,-1,-1,,1,-0.017725807696548825,,,,,,,no_legal_upstream_micro_manipulation_root
primary_discovery,deffuant,unrestricted_temporal_search,unrestricted,,micro_rewiring_fraction,micro_edge_rewired_count,micro_rewiring_fraction,micro_edge_rewired_count,,,none,False,False,False,False,not_applicable,not_applicable,none,-1,-1,-1,,3,-0.045019701668468956,,,,,,,no_legal_upstream_micro_manipulation_root
primary_discovery,deffuant,unrestricted_temporal_search,unrestricted,,micro_rewiring_fraction,micro_interaction_distance_std,micro_rewiring_fraction,micro_interaction_distance_std,,,none,False,False,False,False,not_applicable,not_applicable,none,-1,-1,-1,,1,-0.026047987363285806,,,,,,,no_legal_upstream_micro_manipulation_root
primary_discovery,deffuant,unrestricted_temporal_search,unrestricted,,micro_rewiring_fraction,micro_mean_abs_agent_shift,micro_rewiring_fraction,micro_mean_abs_agent_shift,,,none,False,False,False,False,not_applicable,not_applicable,none,-1,-1,-1,,1,0.011978156623783851,,,,,,,no_legal_upstream_micro_manipulation_root
primary_discovery,deffuant,unrestricted_temporal_search,unrestricted,,micro_rewiring_fraction,micro_mean_interaction_distance,micro_rewiring_fraction,micro_mean_interaction_distance,,,none,False,False,False,False,not_applicable,not_applicable,none,-1,-1,-1,,1,-0.01311617362042993,,,,,,,no_legal_upstream_micro_manipulation_root
primary_discovery,deffuant,unrestricted_temporal_search,unrestricted,,micro_rewiring_fraction,micro_median_opinion,micro_rewiring_fraction,micro_median_opinion,,,none,False,False,False,False,not_applicable,not_applicable,none,-1,-1,-1,,4,0.0017161687584241266,,,,,,,no_legal_upstream_micro_manipulation_root
primary_discovery,deffuant,unrestricted_temporal_search,unrestricted,,micro_rewiring_fraction,micro_opinion_p25,micro_rewiring_fraction,micro_opinion_p25,,,none,False,False,False,False,not_applicable,not_applicable,none,-1,-1,-1,,4,0.003050616728779255,,,,,,,no_legal_upstream_micro_manipulation_root
primary_discovery,deffuant,unrestricted_temporal_search,unrestricted,,micro_rewiring_fraction,micro_opinion_std,micro_rewiring_fraction,micro_opinion_std,,,none,False,False,False,False,not_applicable,not_applicable,none,-1,-1,-1,,3,-0.0008756809083578757,,,,,,,no_legal_upstream_micro_manipulation_root
primary_discovery,deffuant,unrestricted_temporal_search,unrestricted,,micro_rewiring_fraction,micro_rejected_fraction,micro_rewiring_fraction,micro_rejected_fraction,,,none,False,False,False,False,not_applicable,not_applicable,none,-1,-1,-1,,1,-0.022384506390833805,,,,,,,no_legal_upstream_micro_manipulation_root
primary_discovery,deffuant,unrestricted_temporal_search,unrestricted,,micro_sign_flip_fraction,macro_network_assortativity,micro_sign_flip_fraction,macro_network_assortativity,,,none,False,False,False,False,not_applicable,not_applicable,none,-1,-1,-1,,5,0.0009512089816139443,,,,,,,no_legal_upstream_micro_manipulation_root
primary_discovery,deffuant,unrestricted_temporal_search,unrestricted,,micro_sign_flip_fraction,macro_opinion_global_variance,micro_sign_flip_fraction,macro_opinion_global_variance,,,none,False,False,False,False,not_applicable,not_applicable,none,-1,-1,-1,,2,0.000663439763603075,,,,,,,no_legal_upstream_micro_manipulation_root
primary_discovery,deffuant,unrestricted_temporal_search,unrestricted,,micro_sign_flip_fraction,meso_neighborhood_abs_opinion_std,micro_sign_flip_fraction,meso_neighborhood_abs_opinion_std,,,none,False,False,False,False,not_applicable,not_applicable,none,-1,-1,-1,,1,0.002909948158718048,,,,,,,no_legal_upstream_micro_manipulation_root
primary_discovery,deffuant,unrestricted_temporal_search,unrestricted,,micro_sign_flip_fraction,meso_neighborhood_abs_opinion_variance,micro_sign_flip_fraction,meso_neighborhood_abs_opinion_variance,,,none,False,False,False,False,not_applicable,not_applicable,none,-1,-1,-1,,1,0.004741085743433529,,,,,,,no_legal_upstream_micro_manipulation_root
primary_discovery,deffuant,unrestricted_temporal_search,unrestricted,,micro_sign_flip_fraction,meso_neighborhood_agent_shift_std,micro_sign_flip_fraction,meso_neighborhood_agent_shift_std,,,none,False,False,False,False,not_applicable,not_applicable,none,-1,-1,-1,,3,-0.012791319139007098,,,,,,,no_legal_upstream_micro_manipulation_root
primary_discovery,deffuant,unrestricted_temporal_search,unrestricted,,micro_sign_flip_fraction,meso_neighborhood_agent_shift_variance,micro_sign_flip_fraction,meso_neighborhood_agent_shift_variance,,,none,False,False,False,False,not_applicable,not_applicable,none,-1,-1,-1,,3,-0.02475247614078016,,,,,,,no_legal_upstream_micro_manipulation_root
primary_discovery,deffuant,unrestricted_temporal_search,unrestricted,,micro_sign_flip_fraction,micro_agent_shift_std,micro_sign_flip_fraction,micro_agent_shift_std,,,none,False,False,False,False,not_applicable,not_applicable,none,-1,-1,-1,,3,-0.011755910515796537,,,,,,,no_legal_upstream_micro_manipulation_root
primary_discovery,deffuant,unrestricted_temporal_search,unrestricted,,micro_sign_flip_fraction,micro_mean_abs_agent_shift,micro_sign_flip_fraction,micro_mean_abs_agent_shift,,,none,False,False,False,False,not_applicable,not_applicable,none,-1,-1,-1,,2,0.009105304288479044,,,,,,,no_legal_upstream_micro_manipulation_root
primary_discovery,deffuant,unrestricted_temporal_search,unrestricted,,micro_sign_flip_fraction,micro_mean_abs_opinion,micro_sign_flip_fraction,micro_mean_abs_opinion,,,none,False,False,False,False,not_applicable,not_applicable,none,-1,-1,-1,,1,-0.0007802681984360578,,,,,,,no_legal_upstream_micro_manipulation_root
primary_discovery,deffuant,unrestricted_temporal_search,unrestricted,,micro_sign_flip_fraction,micro_rejected_fraction,micro_sign_flip_fraction,micro_rejected_fraction,,,none,False,False,False,False,not_applicable,not_applicable,none,-1,-1,-1,,1,0.033982864821435074,,,,,,,no_legal_upstream_micro_manipulation_root
primary_discovery,deffuant,single_trajectory,macro_outcome_macro_network_assortativity,micro_backfire_fraction,meso_neighborhood_interaction_distance_std,macro_network_assortativity,meso_neighborhood_interaction_distance_std,macro_network_assortativity,backfire_threshold,minus,micro,False,False,False,False,manipulation_failure,manipulation_failure,upstream_mediated,0,11,-1,,2,0.011944322741313152,,True,,0.084013836920408,0.08026559202693713,0.012366788245251392,
primary_discovery,deffuant,single_trajectory,macro_outcome_macro_network_assortativity,micro_backfire_fraction,meso_neighborhood_interaction_distance_std,macro_network_assortativity,meso_neighborhood_interaction_distance_std,macro_network_assortativity,backfire_threshold,plus,micro,True,True,False,False,no_stable_downstream_effect,no_stable_downstream_effect,upstream_mediated,0,7,-1,,2,0.011944322741313152,,True,,-0.48708574696528045,-0.26189821677645314,-0.04228636107100136,
primary_discovery,deffuant,single_trajectory,macro_outcome_macro_network_assortativity,micro_mean_abs_agent_shift,meso_neighborhood_interaction_distance_std,macro_network_assortativity,meso_neighborhood_interaction_distance_std,macro_network_assortativity,assimilation_strength,minus,micro,False,False,False,False,manipulation_failure,manipulation_failure,upstream_mediated,0,-1,-1,,2,0.011944322741313152,,False,,-0.08623456846061121,0.11156579323883042,-0.08622915966617033,
primary_discovery,deffuant,single_trajectory,macro_outcome_macro_network_assortativity,micro_mean_abs_agent_shift,meso_neighborhood_interaction_distance_std,macro_network_assortativity,meso_neighborhood_interaction_distance_std,macro_network_assortativity,assimilation_strength,plus,micro,True,False,False,False,no_stable_downstream_effect,no_stable_downstream_effect,upstream_mediated,0,-1,-1,,2,0.011944322741313152,,False,,0.21271035514056394,-0.04777153228823957,0.03248738843093376,
primary_discovery,deffuant,single_trajectory,macro_outcome_macro_network_assortativity,micro_accepted_fraction,micro_accepted_fraction,meso_neighborhood_abs_opinion_variance,micro_accepted_fraction,meso_neighborhood_abs_opinion_variance,confidence_bound,minus,micro,True,True,True,True,supported,supported,direct_root,0,0,1,1.0,3,-0.04990310202989575,-2.0,True,True,-0.8313759904925954,-0.8313759904925954,1.7788837381893383,
primary_discovery,deffuant,single_trajectory,macro_outcome_macro_network_assortativity,micro_accepted_fraction,micro_accepted_fraction,meso_neighborhood_abs_opinion_variance,micro_accepted_fraction,meso_neighborhood_abs_opinion_variance,confidence_bound,plus,micro,True,True,True,True,supported,supported,direct_root,0,0,13,13.0,3,-0.04990310202989575,10.0,False,False,0.6414189382753075,0.6414189382753075,0.5402749979139813,
primary_discovery,deffuant,single_trajectory,macro_outcome_macro_network_assortativity,micro_backfire_fraction,micro_backfire_fraction,meso_neighborhood_abs_opinion_std,micro_backfire_fraction,meso_neighborhood_abs_opinion_std,backfire_threshold,minus,micro,False,False,False,True,manipulation_failure,manipulation_failure,direct_root,0,0,35,35.0,3,0.03445488001975428,32.0,False,False,0.084013836920408,0.084013836920408,-0.08737976403848204,
primary_discovery,deffuant,single_trajectory,macro_outcome_macro_network_assortativity,micro_backfire_fraction,micro_backfire_fraction,meso_neighborhood_abs_opinion_std,micro_backfire_fraction,meso_neighborhood_abs_opinion_std,backfire_threshold,plus,micro,True,True,False,False,no_stable_downstream_effect,no_stable_downstream_effect,direct_root,0,0,-1,,3,0.03445488001975428,,False,,-0.48708574696528045,-0.48708574696528045,0.06596035311120918,
primary_discovery,deffuant,single_trajectory,macro_outcome_macro_network_largest_component_fraction,micro_backfire_fraction,micro_backfire_fraction,meso_neighborhood_interaction_distance_variance,micro_backfire_fraction,meso_neighborhood_interaction_distance_variance,backfire_threshold,minus,micro,False,False,True,True,manipulation_failure,manipulation_failure,direct_root,0,0,8,8.0,2,0.3802306869466765,6.0,True,False,0.084013836920408,0.084013836920408,0.16247977420209916,
primary_discovery,deffuant,single_trajectory,macro_outcome_macro_network_largest_component_fraction,micro_backfire_fraction,micro_backfire_fraction,meso_neighborhood_interaction_distance_variance,micro_backfire_fraction,meso_neighborhood_interaction_distance_variance,backfire_threshold,plus,micro,True,True,True,True,supported,supported,direct_root,0,0,5,5.0,2,0.3802306869466765,3.0,True,False,-0.48708574696528045,-0.48708574696528045,-0.47445913068290907,
primary_discovery,deffuant,single_trajectory,macro_outcome_macro_network_largest_component_fraction,micro_mean_abs_agent_shift,micro_mean_abs_agent_shift,meso_neighborhood_abs_opinion_variance,micro_mean_abs_agent_shift,meso_neighborhood_abs_opinion_variance,assimilation_strength,minus,micro,False,False,True,True,manipulation_failure,manipulation_failure,direct_root,0,0,1,1.0,1,-0.09450883392214127,0.0,True,True,-0.08623456846061121,-0.08623456846061121,0.8048526616099485,
primary_discovery,deffuant,single_trajectory,macro_outcome_macro_network_largest_component_fraction,micro_mean_abs_agent_shift,micro_mean_abs_agent_shift,meso_neighborhood_abs_opinion_variance,micro_mean_abs_agent_shift,meso_neighborhood_abs_opinion_variance,assimilation_strength,plus,micro,True,True,True,True,supported,supported,direct_root,0,0,2,2.0,1,-0.09450883392214127,1.0,True,True,0.21271035514056394,0.21271035514056394,-0.23927615921708748,
primary_discovery,deffuant,single_trajectory,macro_outcome_macro_opinion_global_mean,micro_backfire_fraction,meso_neighborhood_agent_shift_std,macro_opinion_global_mean,meso_neighborhood_agent_shift_std,macro_opinion_global_mean,backfire_threshold,minus,micro,False,False,False,False,manipulation_failure,manipulation_failure,upstream_mediated,0,-1,-1,,1,1.0183744182336374,,True,,0.084013836920408,-0.04324003454168681,-0.04645459579341504,
primary_discovery,deffuant,single_trajectory,macro_outcome_macro_opinion_global_mean,micro_backfire_fraction,meso_neighborhood_agent_shift_std,macro_opinion_global_mean,meso_neighborhood_agent_shift_std,macro_opinion_global_mean,backfire_threshold,plus,micro,True,False,False,False,no_stable_downstream_effect,no_stable_downstream_effect,upstream_mediated,0,-1,-1,,1,1.0183744182336374,,True,,-0.48708574696528045,-0.06406406451114148,-0.08090220145152664,
primary_discovery,deffuant,single_trajectory,macro_outcome_macro_opinion_global_mean,micro_mean_abs_agent_shift,meso_neighborhood_agent_shift_std,macro_opinion_global_mean,meso_neighborhood_agent_shift_std,macro_opinion_global_mean,assimilation_strength,minus,micro,False,False,False,False,manipulation_failure,manipulation_failure,upstream_mediated,0,0,-1,,1,1.0183744182336374,,False,,-0.08623456846061121,-0.12738805727715807,0.05226067994354771,
primary_discovery,deffuant,single_trajectory,macro_outcome_macro_opinion_global_mean,micro_mean_abs_agent_shift,meso_neighborhood_agent_shift_std,macro_opinion_global_mean,meso_neighborhood_agent_shift_std,macro_opinion_global_mean,assimilation_strength,plus,micro,True,True,False,False,no_stable_downstream_effect,no_stable_downstream_effect,upstream_mediated,0,0,-1,,1,1.0183744182336374,,True,,0.21271035514056394,0.2616147051366791,0.1048786282602606,
primary_discovery,deffuant,single_trajectory,macro_outcome_macro_opinion_global_mean,micro_backfire_fraction,micro_backfire_fraction,meso_neighborhood_agent_shift_std,micro_backfire_fraction,meso_neighborhood_agent_shift_std,backfire_threshold,minus,micro,False,False,False,False,manipulation_failure,manipulation_failure,direct_root,0,0,-1,,1,0.17307727981018214,,False,,0.084013836920408,0.084013836920408,-0.04324003454168681,
primary_discovery,deffuant,single_trajectory,macro_outcome_macro_opinion_global_mean,micro_backfire_fraction,micro_backfire_fraction,meso_neighborhood_agent_shift_std,micro_backfire_fraction,meso_neighborhood_agent_shift_std,backfire_threshold,plus,micro,True,True,False,False,no_stable_downstream_effect,no_stable_downstream_effect,direct_root,0,0,-1,,1,0.17307727981018214,,True,,-0.48708574696528045,-0.48708574696528045,-0.06406406451114148,
primary_discovery,deffuant,single_trajectory,macro_outcome_macro_opinion_global_mean,micro_mean_abs_agent_shift,micro_mean_abs_agent_shift,meso_neighborhood_abs_opinion_std,micro_mean_abs_agent_shift,meso_neighborhood_abs_opinion_std,assimilation_strength,minus,micro,False,False,True,True,manipulation_failure,manipulation_failure,direct_root,0,0,2,2.0,5,0.05712697143110168,-3.0,False,False,-0.08623456846061121,-0.08623456846061121,0.8449205169425184,
primary_discovery,deffuant,single_trajectory,macro_outcome_macro_opinion_global_mean,micro_mean_abs_agent_shift,micro_mean_abs_agent_shift,meso_neighborhood_abs_opinion_std,micro_mean_abs_agent_shift,meso_neighborhood_abs_opinion_std,assimilation_strength,plus,micro,True,True,True,True,supported,supported,direct_root,0,0,3,3.0,5,0.05712697143110168,-2.0,False,True,0.21271035514056394,0.21271035514056394,-0.25494303634669896,
primary_discovery,deffuant,single_trajectory,macro_outcome_macro_opinion_global_mean,micro_mean_abs_agent_shift,micro_mean_abs_agent_shift,meso_neighborhood_agent_shift_std,micro_mean_abs_agent_shift,meso_neighborhood_agent_shift_std,assimilation_strength,minus,micro,False,False,False,True,manipulation_failure,manipulation_failure,direct_root,0,0,0,0.0,1,0.38602104563067396,-1.0,True,True,-0.08623456846061121,-0.08623456846061121,-0.12738805727715807,
primary_discovery,deffuant,single_trajectory,macro_outcome_macro_opinion_global_mean,micro_mean_abs_agent_shift,micro_mean_abs_agent_shift,meso_neighborhood_agent_shift_std,micro_mean_abs_agent_shift,meso_neighborhood_agent_shift_std,assimilation_strength,plus,micro,True,True,True,True,supported,supported,direct_root,0,0,0,0.0,1,0.38602104563067396,-1.0,True,True,0.21271035514056394,0.21271035514056394,0.2616147051366791,
primary_discovery,deffuant,trajectory_vote,macro_outcome_macro_opinion_global_mean,micro_backfire_fraction,meso_neighborhood_agent_shift_std,macro_opinion_global_mean,meso_neighborhood_agent_shift_std,macro_opinion_global_mean,backfire_threshold,minus,micro,False,False,False,False,manipulation_failure,manipulation_failure,upstream_mediated,0,-1,-1,,3,-0.06732855437823529,,False,,0.084013836920408,-0.04324003454168681,-0.04645459579341504,
primary_discovery,deffuant,trajectory_vote,macro_outcome_macro_opinion_global_mean,micro_backfire_fraction,meso_neighborhood_agent_shift_std,macro_opinion_global_mean,meso_neighborhood_agent_shift_std,macro_opinion_global_mean,backfire_threshold,plus,micro,True,False,False,False,no_stable_downstream_effect,no_stable_downstream_effect,upstream_mediated,0,-1,-1,,3,-0.06732855437823529,,False,,-0.48708574696528045,-0.06406406451114148,-0.08090220145152664,
primary_discovery,deffuant,trajectory_vote,macro_outcome_macro_opinion_global_mean,micro_mean_abs_agent_shift,meso_neighborhood_agent_shift_std,macro_opinion_global_mean,meso_neighborhood_agent_shift_std,macro_opinion_global_mean,assimilation_strength,minus,micro,False,False,False,False,manipulation_failure,manipulation_failure,upstream_mediated,0,0,-1,,3,-0.06732855437823529,,True,,-0.08623456846061121,-0.12738805727715807,0.05226067994354771,
primary_discovery,deffuant,trajectory_vote,macro_outcome_macro_opinion_global_mean,micro_mean_abs_agent_shift,meso_neighborhood_agent_shift_std,macro_opinion_global_mean,meso_neighborhood_agent_shift_std,macro_opinion_global_mean,assimilation_strength,plus,micro,True,True,False,False,no_stable_downstream_effect,no_stable_downstream_effect,upstream_mediated,0,0,-1,,3,-0.06732855437823529,,False,,0.21271035514056394,0.2616147051366791,0.1048786282602606,
primary_discovery,deffuant,trajectory_vote,macro_outcome_macro_opinion_global_mean,micro_accepted_fraction,micro_accepted_fraction,meso_neighborhood_abs_opinion_std,micro_accepted_fraction,meso_neighborhood_abs_opinion_std,confidence_bound,minus,micro,True,True,True,True,supported,supported,direct_root,0,0,1,1.0,1,-0.027661080057509335,0.0,True,True,-0.8313759904925954,-0.8313759904925954,1.2739810080945135,
primary_discovery,deffuant,trajectory_vote,macro_outcome_macro_opinion_global_mean,micro_accepted_fraction,micro_accepted_fraction,meso_neighborhood_abs_opinion_std,micro_accepted_fraction,meso_neighborhood_abs_opinion_std,confidence_bound,plus,micro,True,True,True,True,supported,supported,direct_root,0,0,13,13.0,1,-0.027661080057509335,12.0,False,False,0.6414189382753075,0.6414189382753075,0.5441427942512459,
primary_discovery,deffuant,trajectory_vote,macro_outcome_macro_network_assortativity,micro_accepted_fraction,micro_accepted_fraction,meso_neighborhood_abs_opinion_variance,micro_accepted_fraction,meso_neighborhood_abs_opinion_variance,confidence_bound,minus,micro,True,True,True,True,supported,supported,direct_root,0,0,1,1.0,1,-0.07313125762662585,0.0,True,True,-0.8313759904925954,-0.8313759904925954,1.7788837381893383,
primary_discovery,deffuant,trajectory_vote,macro_outcome_macro_network_assortativity,micro_accepted_fraction,micro_accepted_fraction,meso_neighborhood_abs_opinion_variance,micro_accepted_fraction,meso_neighborhood_abs_opinion_variance,confidence_bound,plus,micro,True,True,True,True,supported,supported,direct_root,0,0,13,13.0,1,-0.07313125762662585,12.0,False,False,0.6414189382753075,0.6414189382753075,0.5402749979139813,
primary_discovery,deffuant,trajectory_vote,macro_outcome_macro_network_assortativity,micro_backfire_fraction,micro_backfire_fraction,meso_neighborhood_abs_opinion_std,micro_backfire_fraction,meso_neighborhood_abs_opinion_std,backfire_threshold,minus,micro,False,False,False,True,manipulation_failure,manipulation_failure,direct_root,0,0,35,35.0,5,0.02156444549801216,30.0,False,False,0.084013836920408,0.084013836920408,-0.08737976403848204,
primary_discovery,deffuant,trajectory_vote,macro_outcome_macro_network_assortativity,micro_backfire_fraction,micro_backfire_fraction,meso_neighborhood_abs_opinion_std,micro_backfire_fraction,meso_neighborhood_abs_opinion_std,backfire_threshold,plus,micro,True,True,False,False,no_stable_downstream_effect,no_stable_downstream_effect,direct_root,0,0,-1,,5,0.02156444549801216,,False,,-0.48708574696528045,-0.48708574696528045,0.06596035311120918,
primary_discovery,deffuant,trajectory_vote,macro_outcome_macro_opinion_global_mean,micro_backfire_fraction,micro_backfire_fraction,meso_neighborhood_agent_shift_std,micro_backfire_fraction,meso_neighborhood_agent_shift_std,backfire_threshold,minus,micro,False,False,False,False,manipulation_failure,manipulation_failure,direct_root,0,0,-1,,1,0.1625426421607569,,False,,0.084013836920408,0.084013836920408,-0.04324003454168681,
primary_discovery,deffuant,trajectory_vote,macro_outcome_macro_opinion_global_mean,micro_backfire_fraction,micro_backfire_fraction,meso_neighborhood_agent_shift_std,micro_backfire_fraction,meso_neighborhood_agent_shift_std,backfire_threshold,plus,micro,True,True,False,False,no_stable_downstream_effect,no_stable_downstream_effect,direct_root,0,0,-1,,1,0.1625426421607569,,True,,-0.48708574696528045,-0.48708574696528045,-0.06406406451114148,
primary_discovery,deffuant,trajectory_vote,macro_outcome_macro_network_largest_component_fraction,micro_mean_abs_agent_shift,micro_mean_abs_agent_shift,meso_neighborhood_abs_opinion_variance,micro_mean_abs_agent_shift,meso_neighborhood_abs_opinion_variance,assimilation_strength,minus,micro,False,False,True,True,manipulation_failure,manipulation_failure,direct_root,0,0,1,1.0,1,-0.09540292506718369,0.0,True,True,-0.08623456846061121,-0.08623456846061121,0.8048526616099485,
primary_discovery,deffuant,trajectory_vote,macro_outcome_macro_network_largest_component_fraction,micro_mean_abs_agent_shift,micro_mean_abs_agent_shift,meso_neighborhood_abs_opinion_variance,micro_mean_abs_agent_shift,meso_neighborhood_abs_opinion_variance,assimilation_strength,plus,micro,True,True,True,True,supported,supported,direct_root,0,0,2,2.0,1,-0.09540292506718369,1.0,True,True,0.21271035514056394,0.21271035514056394,-0.23927615921708748,
primary_discovery,deffuant,trajectory_vote,macro_outcome_macro_opinion_global_mean,micro_mean_abs_agent_shift,micro_mean_abs_agent_shift,meso_neighborhood_agent_shift_std,micro_mean_abs_agent_shift,meso_neighborhood_agent_shift_std,assimilation_strength,minus,micro,False,False,False,True,manipulation_failure,manipulation_failure,direct_root,0,0,0,0.0,1,0.4965687060430518,-1.0,True,True,-0.08623456846061121,-0.08623456846061121,-0.12738805727715807,
primary_discovery,deffuant,trajectory_vote,macro_outcome_macro_opinion_global_mean,micro_mean_abs_agent_shift,micro_mean_abs_agent_shift,meso_neighborhood_agent_shift_std,micro_mean_abs_agent_shift,meso_neighborhood_agent_shift_std,assimilation_strength,plus,micro,True,True,True,True,supported,supported,direct_root,0,0,0,0.0,1,0.4965687060430518,-1.0,True,True,0.21271035514056394,0.21271035514056394,0.2616147051366791,
primary_discovery,deffuant,full_method,macro_outcome_macro_network_assortativity,micro_accepted_fraction,meso_neighborhood_abs_opinion_variance,macro_network_assortativity,meso_neighborhood_abs_opinion_variance,macro_network_assortativity,confidence_bound,minus,micro,True,True,True,True,supported,supported,upstream_mediated,0,1,16,15.0,3,0.07201259913312272,12.0,False,False,-0.8313759904925954,1.7788837381893383,-0.22404286315345368,
primary_discovery,deffuant,full_method,macro_outcome_macro_network_assortativity,micro_accepted_fraction,meso_neighborhood_abs_opinion_variance,macro_network_assortativity,meso_neighborhood_abs_opinion_variance,macro_network_assortativity,confidence_bound,plus,micro,True,True,True,True,supported,supported,upstream_mediated,0,13,41,28.0,3,0.07201259913312272,25.0,False,False,0.6414189382753075,0.5402749979139813,-0.8618955405235112,
primary_discovery,deffuant,full_method,macro_outcome_macro_network_assortativity,micro_backfire_fraction,meso_neighborhood_interaction_distance_std,macro_network_assortativity,meso_neighborhood_interaction_distance_std,macro_network_assortativity,backfire_threshold,minus,micro,False,False,False,False,manipulation_failure,manipulation_failure,upstream_mediated,0,11,-1,,1,0.009892685039897384,,True,,0.084013836920408,0.08026559202693713,0.012366788245251392,
primary_discovery,deffuant,full_method,macro_outcome_macro_network_assortativity,micro_backfire_fraction,meso_neighborhood_interaction_distance_std,macro_network_assortativity,meso_neighborhood_interaction_distance_std,macro_network_assortativity,backfire_threshold,plus,micro,True,True,False,False,no_stable_downstream_effect,no_stable_downstream_effect,upstream_mediated,0,7,-1,,1,0.009892685039897384,,True,,-0.48708574696528045,-0.26189821677645314,-0.04228636107100136,
primary_discovery,deffuant,full_method,macro_outcome_macro_network_assortativity,micro_mean_abs_agent_shift,meso_neighborhood_interaction_distance_std,macro_network_assortativity,meso_neighborhood_interaction_distance_std,macro_network_assortativity,assimilation_strength,minus,micro,False,False,False,False,manipulation_failure,manipulation_failure,upstream_mediated,0,-1,-1,,1,0.009892685039897384,,False,,-0.08623456846061121,0.11156579323883042,-0.08622915966617033,
primary_discovery,deffuant,full_method,macro_outcome_macro_network_assortativity,micro_mean_abs_agent_shift,meso_neighborhood_interaction_distance_std,macro_network_assortativity,meso_neighborhood_interaction_distance_std,macro_network_assortativity,assimilation_strength,plus,micro,True,False,False,False,no_stable_downstream_effect,no_stable_downstream_effect,upstream_mediated,0,-1,-1,,1,0.009892685039897384,,False,,0.21271035514056394,-0.04777153228823957,0.03248738843093376,
primary_discovery,deffuant,full_method,macro_outcome_macro_network_assortativity,micro_accepted_fraction,micro_accepted_fraction,meso_neighborhood_abs_opinion_variance,micro_accepted_fraction,meso_neighborhood_abs_opinion_variance,confidence_bound,minus,micro,True,True,True,True,supported,supported,direct_root,0,0,1,1.0,1,-0.030108709239446817,0.0,True,True,-0.8313759904925954,-0.8313759904925954,1.7788837381893383,
primary_discovery,deffuant,full_method,macro_outcome_macro_network_assortativity,micro_accepted_fraction,micro_accepted_fraction,meso_neighborhood_abs_opinion_variance,micro_accepted_fraction,meso_neighborhood_abs_opinion_variance,confidence_bound,plus,micro,True,True,True,True,supported,supported,direct_root,0,0,13,13.0,1,-0.030108709239446817,12.0,False,False,0.6414189382753075,0.6414189382753075,0.5402749979139813,
primary_discovery,deffuant,full_method,macro_outcome_macro_network_assortativity,micro_backfire_fraction,micro_backfire_fraction,meso_neighborhood_abs_opinion_std,micro_backfire_fraction,meso_neighborhood_abs_opinion_std,backfire_threshold,minus,micro,False,False,False,True,manipulation_failure,manipulation_failure,direct_root,0,0,35,35.0,1,0.01638203097161896,34.0,False,False,0.084013836920408,0.084013836920408,-0.08737976403848204,
primary_discovery,deffuant,full_method,macro_outcome_macro_network_assortativity,micro_backfire_fraction,micro_backfire_fraction,meso_neighborhood_abs_opinion_std,micro_backfire_fraction,meso_neighborhood_abs_opinion_std,backfire_threshold,plus,micro,True,True,False,False,no_stable_downstream_effect,no_stable_downstream_effect,direct_root,0,0,-1,,1,0.01638203097161896,,False,,-0.48708574696528045,-0.48708574696528045,0.06596035311120918,
primary_discovery,deffuant,full_method,macro_outcome_macro_network_assortativity,micro_mean_abs_agent_shift,micro_mean_abs_agent_shift,meso_neighborhood_interaction_distance_std,micro_mean_abs_agent_shift,meso_neighborhood_interaction_distance_std,assimilation_strength,minus,micro,False,False,False,False,manipulation_failure,manipulation_failure,direct_root,0,0,-1,,5,0.1646989334817379,,False,,-0.08623456846061121,-0.08623456846061121,0.11156579323883042,
primary_discovery,deffuant,full_method,macro_outcome_macro_network_assortativity,micro_mean_abs_agent_shift,micro_mean_abs_agent_shift,meso_neighborhood_interaction_distance_std,micro_mean_abs_agent_shift,meso_neighborhood_interaction_distance_std,assimilation_strength,plus,micro,True,True,False,False,no_stable_downstream_effect,no_stable_downstream_effect,direct_root,0,0,-1,,5,0.1646989334817379,,False,,0.21271035514056394,0.21271035514056394,-0.04777153228823957,
primary_discovery,deffuant,full_method,macro_outcome_macro_network_largest_component_fraction,micro_mean_abs_agent_shift,micro_mean_abs_agent_shift,meso_neighborhood_abs_opinion_variance,micro_mean_abs_agent_shift,meso_neighborhood_abs_opinion_variance,assimilation_strength,minus,micro,False,False,True,True,manipulation_failure,manipulation_failure,direct_root,0,0,1,1.0,1,-0.059101424018567265,0.0,True,True,-0.08623456846061121,-0.08623456846061121,0.8048526616099485,
primary_discovery,deffuant,full_method,macro_outcome_macro_network_largest_component_fraction,micro_mean_abs_agent_shift,micro_mean_abs_agent_shift,meso_neighborhood_abs_opinion_variance,micro_mean_abs_agent_shift,meso_neighborhood_abs_opinion_variance,assimilation_strength,plus,micro,True,True,True,True,supported,supported,direct_root,0,0,2,2.0,1,-0.059101424018567265,1.0,True,True,0.21271035514056394,0.21271035514056394,-0.23927615921708748,
primary_discovery,deffuant,full_method,macro_outcome_macro_opinion_global_mean,micro_backfire_fraction,meso_neighborhood_agent_shift_std,macro_opinion_global_mean,meso_neighborhood_agent_shift_std,macro_opinion_global_mean,backfire_threshold,minus,micro,False,False,False,False,manipulation_failure,manipulation_failure,upstream_mediated,0,-1,-1,,1,0.0011978539168080989,,True,,0.084013836920408,-0.04324003454168681,-0.04645459579341504,
primary_discovery,deffuant,full_method,macro_outcome_macro_opinion_global_mean,micro_backfire_fraction,meso_neighborhood_agent_shift_std,macro_opinion_global_mean,meso_neighborhood_agent_shift_std,macro_opinion_global_mean,backfire_threshold,plus,micro,True,False,False,False,no_stable_downstream_effect,no_stable_downstream_effect,upstream_mediated,0,-1,-1,,1,0.0011978539168080989,,True,,-0.48708574696528045,-0.06406406451114148,-0.08090220145152664,
primary_discovery,deffuant,full_method,macro_outcome_macro_opinion_global_mean,micro_mean_abs_agent_shift,meso_neighborhood_agent_shift_std,macro_opinion_global_mean,meso_neighborhood_agent_shift_std,macro_opinion_global_mean,assimilation_strength,minus,micro,False,False,False,False,manipulation_failure,manipulation_failure,upstream_mediated,0,0,-1,,1,0.0011978539168080989,,False,,-0.08623456846061121,-0.12738805727715807,0.05226067994354771,
primary_discovery,deffuant,full_method,macro_outcome_macro_opinion_global_mean,micro_mean_abs_agent_shift,meso_neighborhood_agent_shift_std,macro_opinion_global_mean,meso_neighborhood_agent_shift_std,macro_opinion_global_mean,assimilation_strength,plus,micro,True,True,False,False,no_stable_downstream_effect,no_stable_downstream_effect,upstream_mediated,0,0,-1,,1,0.0011978539168080989,,True,,0.21271035514056394,0.2616147051366791,0.1048786282602606,
primary_discovery,deffuant,full_method,macro_outcome_macro_opinion_global_mean,micro_accepted_fraction,micro_accepted_fraction,meso_neighborhood_abs_opinion_std,micro_accepted_fraction,meso_neighborhood_abs_opinion_std,confidence_bound,minus,micro,True,True,True,True,supported,supported,direct_root,0,0,1,1.0,5,0.01404300414995751,-4.0,False,False,-0.8313759904925954,-0.8313759904925954,1.2739810080945135,
primary_discovery,deffuant,full_method,macro_outcome_macro_opinion_global_mean,micro_accepted_fraction,micro_accepted_fraction,meso_neighborhood_abs_opinion_std,micro_accepted_fraction,meso_neighborhood_abs_opinion_std,confidence_bound,plus,micro,True,True,True,True,supported,supported,direct_root,0,0,13,13.0,5,0.01404300414995751,8.0,True,False,0.6414189382753075,0.6414189382753075,0.5441427942512459,
primary_discovery,deffuant,full_method,macro_outcome_macro_opinion_global_mean,micro_backfire_fraction,micro_backfire_fraction,meso_neighborhood_agent_shift_std,micro_backfire_fraction,meso_neighborhood_agent_shift_std,backfire_threshold,minus,micro,False,False,False,False,manipulation_failure,manipulation_failure,direct_root,0,0,-1,,1,0.07523786710081133,,False,,0.084013836920408,0.084013836920408,-0.04324003454168681,
primary_discovery,deffuant,full_method,macro_outcome_macro_opinion_global_mean,micro_backfire_fraction,micro_backfire_fraction,meso_neighborhood_agent_shift_std,micro_backfire_fraction,meso_neighborhood_agent_shift_std,backfire_threshold,plus,micro,True,True,False,False,no_stable_downstream_effect,no_stable_downstream_effect,direct_root,0,0,-1,,1,0.07523786710081133,,True,,-0.48708574696528045,-0.48708574696528045,-0.06406406451114148,
primary_discovery,deffuant,full_method,macro_outcome_macro_opinion_global_mean,micro_mean_abs_agent_shift,micro_mean_abs_agent_shift,meso_neighborhood_abs_opinion_std,micro_mean_abs_agent_shift,meso_neighborhood_abs_opinion_std,assimilation_strength,minus,micro,False,False,True,True,manipulation_failure,manipulation_failure,direct_root,0,0,2,2.0,1,-0.03905997412465214,1.0,True,True,-0.08623456846061121,-0.08623456846061121,0.8449205169425184,
primary_discovery,deffuant,full_method,macro_outcome_macro_opinion_global_mean,micro_mean_abs_agent_shift,micro_mean_abs_agent_shift,meso_neighborhood_abs_opinion_std,micro_mean_abs_agent_shift,meso_neighborhood_abs_opinion_std,assimilation_strength,plus,micro,True,True,True,True,supported,supported,direct_root,0,0,3,3.0,1,-0.03905997412465214,2.0,True,True,0.21271035514056394,0.21271035514056394,-0.25494303634669896,
primary_discovery,deffuant,full_method,macro_outcome_macro_opinion_global_variance,micro_accepted_fraction,meso_neighborhood_opinion_std,macro_opinion_global_variance,meso_neighborhood_opinion_std,macro_opinion_global_variance,confidence_bound,minus,micro,True,True,True,False,inconclusive,inconclusive,upstream_mediated,0,7,4,-3.0,1,-0.02542647407126148,-4.0,False,False,-0.8313759904925954,0.4704083639003456,0.585817966945072,
primary_discovery,deffuant,full_method,macro_outcome_macro_opinion_global_variance,micro_accepted_fraction,meso_neighborhood_opinion_std,macro_opinion_global_variance,meso_neighborhood_opinion_std,macro_opinion_global_variance,confidence_bound,plus,micro,True,True,True,True,supported,supported,upstream_mediated,0,2,2,0.0,1,-0.02542647407126148,-1.0,False,True,0.6414189382753075,-0.7477673879659644,-3.882337048841469,
primary_discovery,deffuant,full_method,macro_outcome_macro_opinion_global_variance,micro_backfire_fraction,meso_neighborhood_opinion_std,macro_opinion_global_variance,meso_neighborhood_opinion_std,macro_opinion_global_variance,backfire_threshold,minus,micro,False,False,True,False,manipulation_failure,manipulation_failure,upstream_mediated,0,13,8,-5.0,1,-0.02542647407126148,-6.0,False,False,0.084013836920408,0.07853228100310282,0.49797320703416603,
primary_discovery,deffuant,full_method,macro_outcome_macro_opinion_global_variance,micro_backfire_fraction,meso_neighborhood_opinion_std,macro_opinion_global_variance,meso_neighborhood_opinion_std,macro_opinion_global_variance,backfire_threshold,plus,micro,True,True,True,False,inconclusive,inconclusive,upstream_mediated,0,6,5,-1.0,1,-0.02542647407126148,-2.0,False,True,-0.48708574696528045,-0.23471326994829153,-1.5591775568332877,
primary_discovery,deffuant,full_method,macro_outcome_macro_opinion_global_variance,micro_mean_abs_agent_shift,meso_neighborhood_opinion_std,macro_opinion_global_variance,meso_neighborhood_opinion_std,macro_opinion_global_variance,assimilation_strength,minus,micro,False,True,False,False,manipulation_failure,manipulation_failure,upstream_mediated,0,23,9,-14.0,1,-0.02542647407126148,-15.0,False,False,-0.08623456846061121,0.20546525326426568,0.015629542639738377,
primary_discovery,deffuant,full_method,macro_outcome_macro_opinion_global_variance,micro_mean_abs_agent_shift,meso_neighborhood_opinion_std,macro_opinion_global_variance,meso_neighborhood_opinion_std,macro_opinion_global_variance,assimilation_strength,plus,micro,True,False,False,False,no_stable_downstream_effect,no_stable_downstream_effect,upstream_mediated,0,-1,-1,,1,-0.02542647407126148,,False,,0.21271035514056394,-0.05924856190124567,-0.021521092317322462,
primary_discovery,deffuant,full_method,macro_outcome_macro_opinion_global_variance,micro_accepted_fraction,meso_neighborhood_opinion_variance,macro_opinion_global_variance,meso_neighborhood_opinion_variance,macro_opinion_global_variance,confidence_bound,minus,micro,True,True,True,True,supported,supported,upstream_mediated,0,4,4,0.0,1,0.03593191177695769,-1.0,True,True,-0.8313759904925954,0.5407655409175115,0.585817966945072,
primary_discovery,deffuant,full_method,macro_outcome_macro_opinion_global_variance,micro_accepted_fraction,meso_neighborhood_opinion_variance,macro_opinion_global_variance,meso_neighborhood_opinion_variance,macro_opinion_global_variance,confidence_bound,plus,micro,True,True,True,True,supported,supported,upstream_mediated,0,2,2,0.0,1,0.03593191177695769,-1.0,True,True,0.6414189382753075,-1.044836590453872,-3.882337048841469,
primary_discovery,deffuant,full_method,macro_outcome_macro_opinion_global_variance,micro_backfire_fraction,meso_neighborhood_opinion_variance,macro_opinion_global_variance,meso_neighborhood_opinion_variance,macro_opinion_global_variance,backfire_threshold,minus,micro,False,True,True,True,manipulation_failure,manipulation_failure,upstream_mediated,0,7,8,1.0,1,0.03593191177695769,0.0,True,True,0.084013836920408,0.153541797345537,0.49797320703416603,
primary_discovery,deffuant,full_method,macro_outcome_macro_opinion_global_variance,micro_backfire_fraction,meso_neighborhood_opinion_variance,macro_opinion_global_variance,meso_neighborhood_opinion_variance,macro_opinion_global_variance,backfire_threshold,plus,micro,True,True,True,True,supported,supported,upstream_mediated,0,4,5,1.0,1,0.03593191177695769,0.0,True,True,-0.48708574696528045,-0.43140485392142586,-1.5591775568332877,
primary_discovery,deffuant,full_method,macro_outcome_macro_opinion_global_variance,micro_mean_abs_agent_shift,meso_neighborhood_opinion_variance,macro_opinion_global_variance,meso_neighborhood_opinion_variance,macro_opinion_global_variance,assimilation_strength,minus,micro,False,True,False,True,manipulation_failure,manipulation_failure,upstream_mediated,0,7,9,2.0,1,0.03593191177695769,1.0,True,True,-0.08623456846061121,0.1491503226741312,0.015629542639738377,
primary_discovery,deffuant,full_method,macro_outcome_macro_opinion_global_variance,micro_mean_abs_agent_shift,meso_neighborhood_opinion_variance,macro_opinion_global_variance,meso_neighborhood_opinion_variance,macro_opinion_global_variance,assimilation_strength,plus,micro,True,False,False,False,no_stable_downstream_effect,no_stable_downstream_effect,upstream_mediated,0,-1,-1,,1,0.03593191177695769,,True,,0.21271035514056394,-0.051891524168077165,-0.021521092317322462,
primary_discovery,deffuant,full_method,macro_outcome_macro_opinion_global_variance,micro_accepted_fraction,micro_accepted_fraction,meso_neighborhood_opinion_std,micro_accepted_fraction,meso_neighborhood_opinion_std,confidence_bound,minus,micro,True,True,True,True,supported,supported,direct_root,0,0,7,7.0,4,-0.021066161311215772,3.0,True,False,-0.8313759904925954,-0.8313759904925954,0.4704083639003456,
primary_discovery,deffuant,full_method,macro_outcome_macro_opinion_global_variance,micro_accepted_fraction,micro_accepted_fraction,meso_neighborhood_opinion_std,micro_accepted_fraction,meso_neighborhood_opinion_std,confidence_bound,plus,micro,True,True,True,True,supported,supported,direct_root,0,0,2,2.0,4,-0.021066161311215772,-2.0,True,True,0.6414189382753075,0.6414189382753075,-0.7477673879659644,
primary_discovery,deffuant,full_method,macro_outcome_macro_opinion_global_variance,micro_accepted_fraction,micro_accepted_fraction,meso_neighborhood_opinion_variance,micro_accepted_fraction,meso_neighborhood_opinion_variance,confidence_bound,minus,micro,True,True,True,True,supported,supported,direct_root,0,0,4,4.0,4,-0.029373896372052993,0.0,True,True,-0.8313759904925954,-0.8313759904925954,0.5407655409175115,
primary_discovery,deffuant,full_method,macro_outcome_macro_opinion_global_variance,micro_accepted_fraction,micro_accepted_fraction,meso_neighborhood_opinion_variance,micro_accepted_fraction,meso_neighborhood_opinion_variance,confidence_bound,plus,micro,True,True,True,True,supported,supported,direct_root,0,0,2,2.0,4,-0.029373896372052993,-2.0,True,True,0.6414189382753075,0.6414189382753075,-1.044836590453872,
primary_discovery,deffuant,full_method,macro_outcome_macro_opinion_global_variance,micro_mean_abs_agent_shift,micro_mean_abs_agent_shift,meso_neighborhood_opinion_std,micro_mean_abs_agent_shift,meso_neighborhood_opinion_std,assimilation_strength,minus,micro,False,False,True,True,manipulation_failure,manipulation_failure,direct_root,0,0,23,23.0,1,-0.012021913873778333,22.0,True,False,-0.08623456846061121,-0.08623456846061121,0.20546525326426568,
primary_discovery,deffuant,full_method,macro_outcome_macro_opinion_global_variance,micro_mean_abs_agent_shift,micro_mean_abs_agent_shift,meso_neighborhood_opinion_std,micro_mean_abs_agent_shift,meso_neighborhood_opinion_std,assimilation_strength,plus,micro,True,True,False,False,no_stable_downstream_effect,no_stable_downstream_effect,direct_root,0,0,-1,,1,-0.012021913873778333,,True,,0.21271035514056394,0.21271035514056394,-0.05924856190124567,
primary_discovery,deffuant,full_method,macro_outcome_macro_opinion_global_variance,micro_mean_abs_agent_shift,micro_mean_abs_agent_shift,meso_neighborhood_opinion_variance,micro_mean_abs_agent_shift,meso_neighborhood_opinion_variance,assimilation_strength,minus,micro,False,False,True,True,manipulation_failure,manipulation_failure,direct_root,0,0,7,7.0,1,-0.012969413816901696,6.0,True,False,-0.08623456846061121,-0.08623456846061121,0.1491503226741312,
primary_discovery,deffuant,full_method,macro_outcome_macro_opinion_global_variance,micro_mean_abs_agent_shift,micro_mean_abs_agent_shift,meso_neighborhood_opinion_variance,micro_mean_abs_agent_shift,meso_neighborhood_opinion_variance,assimilation_strength,plus,micro,True,True,False,False,no_stable_downstream_effect,no_stable_downstream_effect,direct_root,0,0,-1,,1,-0.012969413816901696,,True,,0.21271035514056394,0.21271035514056394,-0.051891524168077165,
primary_discovery,schelling,unrestricted_temporal_search,unrestricted,,boundary_fraction,macro_global_connected_components,boundary_fraction,macro_global_connected_components,,,none,False,False,False,False,not_applicable,not_applicable,none,-1,-1,-1,,5,0.26523496346883435,,,,,,,no_legal_upstream_micro_manipulation_root
primary_discovery,schelling,unrestricted_temporal_search,unrestricted,,boundary_fraction,macro_global_spatial_neighbor_similarity,boundary_fraction,macro_global_spatial_neighbor_similarity,,,none,False,False,False,False,not_applicable,not_applicable,none,-1,-1,-1,,5,-0.04872636451288996,,,,,,,no_legal_upstream_micro_manipulation_root
primary_discovery,schelling,unrestricted_temporal_search,unrestricted,,boundary_fraction,macro_global_unhappy_fraction,boundary_fraction,macro_global_unhappy_fraction,,,none,False,False,False,False,not_applicable,not_applicable,none,-1,-1,-1,,4,-0.17563329741728134,,,,,,,no_legal_upstream_micro_manipulation_root
primary_discovery,schelling,unrestricted_temporal_search,unrestricted,,boundary_fraction,mean_local_similarity,boundary_fraction,mean_local_similarity,,,none,False,False,False,False,not_applicable,not_applicable,none,-1,-1,-1,,5,-0.08178942928238865,,,,,,,no_legal_upstream_micro_manipulation_root
primary_discovery,schelling,unrestricted_temporal_search,unrestricted,,boundary_fraction,mean_neighbour_count,boundary_fraction,mean_neighbour_count,,,none,False,False,False,False,not_applicable,not_applicable,none,-1,-1,-1,,4,-1.6156570964296089,,,,,,,no_legal_upstream_micro_manipulation_root
primary_discovery,schelling,unrestricted_temporal_search,unrestricted,,boundary_fraction,meso_district_boundary_fraction_std,boundary_fraction,meso_district_boundary_fraction_std,,,none,False,False,False,False,not_applicable,not_applicable,none,-1,-1,-1,,3,0.0980089300534395,,,,,,,no_legal_upstream_micro_manipulation_root
primary_discovery,schelling,unrestricted_temporal_search,unrestricted,,boundary_fraction,meso_district_destination_similarity_std,boundary_fraction,meso_district_destination_similarity_std,,,none,False,False,False,False,not_applicable,not_applicable,none,-1,-1,-1,,2,1.0793893221024498,,,,,,,no_legal_upstream_micro_manipulation_root
primary_discovery,schelling,unrestricted_temporal_search,unrestricted,,boundary_fraction,meso_district_local_similarity_std,boundary_fraction,meso_district_local_similarity_std,,,none,False,False,False,False,not_applicable,not_applicable,none,-1,-1,-1,,3,0.5299856719390763,,,,,,,no_legal_upstream_micro_manipulation_root
primary_discovery,schelling,unrestricted_temporal_search,unrestricted,,boundary_fraction,meso_district_move_fraction_std,boundary_fraction,meso_district_move_fraction_std,,,none,False,False,False,False,not_applicable,not_applicable,none,-1,-1,-1,,2,1.8496214132223014,,,,,,,no_legal_upstream_micro_manipulation_root
primary_discovery,schelling,unrestricted_temporal_search,unrestricted,,boundary_fraction,meso_district_neighbour_count_std,boundary_fraction,meso_district_neighbour_count_std,,,none,False,False,False,False,not_applicable,not_applicable,none,-1,-1,-1,,5,0.6313011239662302,,,,,,,no_legal_upstream_micro_manipulation_root
primary_discovery,schelling,unrestricted_temporal_search,unrestricted,,boundary_fraction,meso_district_unhappy_fraction_std,boundary_fraction,meso_district_unhappy_fraction_std,,,none,False,False,False,False,not_applicable,not_applicable,none,-1,-1,-1,,3,1.39779353801085,,,,,,,no_legal_upstream_micro_manipulation_root
primary_discovery,schelling,unrestricted_temporal_search,unrestricted,,boundary_fraction,quantile_75_local_similarity,boundary_fraction,quantile_75_local_similarity,,,none,False,False,False,False,not_applicable,not_applicable,none,-1,-1,-1,,5,0.948017661940087,,,,,,,no_legal_upstream_micro_manipulation_root
primary_discovery,schelling,unrestricted_temporal_search,unrestricted,,boundary_fraction,std_local_similarity,boundary_fraction,std_local_similarity,,,none,False,False,False,False,not_applicable,not_applicable,none,-1,-1,-1,,4,-0.10949662667401996,,,,,,,no_legal_upstream_micro_manipulation_root
primary_discovery,schelling,unrestricted_temporal_search,unrestricted,,boundary_fraction,std_neighbour_count,boundary_fraction,std_neighbour_count,,,none,False,False,False,False,not_applicable,not_applicable,none,-1,-1,-1,,4,-1.5888631130445972,,,,,,,no_legal_upstream_micro_manipulation_root
primary_discovery,schelling,unrestricted_temporal_search,unrestricted,,boundary_fraction,unhappy_fraction,boundary_fraction,unhappy_fraction,,,none,False,False,False,False,not_applicable,not_applicable,none,-1,-1,-1,,4,-0.175633297417283,,,,,,,no_legal_upstream_micro_manipulation_root
primary_discovery,schelling,unrestricted_temporal_search,unrestricted,,local_similarity_entropy,mean_destination_similarity_movers,local_similarity_entropy,mean_destination_similarity_movers,,,none,False,False,False,False,not_applicable,not_applicable,none,-1,-1,-1,,5,-0.5235442775068687,,,,,,,no_legal_upstream_micro_manipulation_root
primary_discovery,schelling,unrestricted_temporal_search,unrestricted,,local_similarity_entropy,mean_move_distance,local_similarity_entropy,mean_move_distance,,,none,False,False,False,False,not_applicable,not_applicable,none,-1,-1,-1,,5,-0.25545979811459485,,,,,,,no_legal_upstream_micro_manipulation_root
primary_discovery,schelling,unrestricted_temporal_search,unrestricted,,local_similarity_entropy,meso_district_unhappy_fraction_std,local_similarity_entropy,meso_district_unhappy_fraction_std,,,none,False,False,False,False,not_applicable,not_applicable,none,-1,-1,-1,,5,-0.06837895923871512,,,,,,,no_legal_upstream_micro_manipulation_root
primary_discovery,schelling,unrestricted_temporal_search,unrestricted,,local_similarity_entropy,unhappy_local_similarity_mean,local_similarity_entropy,unhappy_local_similarity_mean,,,none,False,False,False,False,not_applicable,not_applicable,none,-1,-1,-1,,2,-0.08928014458912327,,,,,,,no_legal_upstream_micro_manipulation_root
primary_discovery,schelling,unrestricted_temporal_search,unrestricted,,macro_global_connected_components,macro_global_moved_fraction,macro_global_connected_components,macro_global_moved_fraction,,,none,False,False,False,False,not_applicable,not_applicable,none,-1,-1,-1,,3,0.5949516255377146,,,,,,,no_legal_upstream_micro_manipulation_root
primary_discovery,schelling,unrestricted_temporal_search,unrestricted,,macro_global_connected_components,macro_global_spatial_neighbor_similarity,macro_global_connected_components,macro_global_spatial_neighbor_similarity,,,none,False,False,False,False,not_applicable,not_applicable,none,-1,-1,-1,,5,0.05204489729145029,,,,,,,no_legal_upstream_micro_manipulation_root
primary_discovery,schelling,unrestricted_temporal_search,unrestricted,,macro_global_connected_components,macro_global_unhappy_fraction,macro_global_connected_components,macro_global_unhappy_fraction,,,none,False,False,False,False,not_applicable,not_applicable,none,-1,-1,-1,,3,0.059898219103925475,,,,,,,no_legal_upstream_micro_manipulation_root
primary_discovery,schelling,unrestricted_temporal_search,unrestricted,,macro_global_connected_components,mean_local_similarity,macro_global_connected_components,mean_local_similarity,,,none,False,False,False,False,not_applicable,not_applicable,none,-1,-1,-1,,5,0.02582966785462199,,,,,,,no_legal_upstream_micro_manipulation_root
primary_discovery,schelling,unrestricted_temporal_search,unrestricted,,macro_global_connected_components,mean_neighbour_count,macro_global_connected_components,mean_neighbour_count,,,none,False,False,False,False,not_applicable,not_applicable,none,-1,-1,-1,,1,0.305744469825078,,,,,,,no_legal_upstream_micro_manipulation_root
primary_discovery,schelling,unrestricted_temporal_search,unrestricted,,macro_global_connected_components,meso_district_destination_similarity_std,macro_global_connected_components,meso_district_destination_similarity_std,,,none,False,False,False,False,not_applicable,not_applicable,none,-1,-1,-1,,2,-0.3155217076498559,,,,,,,no_legal_upstream_micro_manipulation_root
primary_discovery,schelling,unrestricted_temporal_search,unrestricted,,macro_global_connected_components,meso_district_group_entropy_mean,macro_global_connected_components,meso_district_group_entropy_mean,,,none,False,False,False,False,not_applicable,not_applicable,none,-1,-1,-1,,1,-0.013340709710019098,,,,,,,no_legal_upstream_micro_manipulation_root
primary_discovery,schelling,unrestricted_temporal_search,unrestricted,,macro_global_connected_components,meso_district_local_similarity_std,macro_global_connected_components,meso_district_local_similarity_std,,,none,False,False,False,False,not_applicable,not_applicable,none,-1,-1,-1,,4,-0.191526055316054,,,,,,,no_legal_upstream_micro_manipulation_root
primary_discovery,schelling,unrestricted_temporal_search,unrestricted,,macro_global_connected_components,meso_district_move_fraction_std,macro_global_connected_components,meso_district_move_fraction_std,,,none,False,False,False,False,not_applicable,not_applicable,none,-1,-1,-1,,2,-0.47096739916353153,,,,,,,no_legal_upstream_micro_manipulation_root
primary_discovery,schelling,unrestricted_temporal_search,unrestricted,,macro_global_connected_components,meso_district_neighbour_count_std,macro_global_connected_components,meso_district_neighbour_count_std,,,none,False,False,False,False,not_applicable,not_applicable,none,-1,-1,-1,,2,-0.26670104481295515,,,,,,,no_legal_upstream_micro_manipulation_root
primary_discovery,schelling,unrestricted_temporal_search,unrestricted,,macro_global_connected_components,meso_district_unhappy_fraction_std,macro_global_connected_components,meso_district_unhappy_fraction_std,,,none,False,False,False,False,not_applicable,not_applicable,none,-1,-1,-1,,2,0.4679963972293251,,,,,,,no_legal_upstream_micro_manipulation_root
primary_discovery,schelling,unrestricted_temporal_search,unrestricted,,macro_global_connected_components,move_distance_std,macro_global_connected_components,move_distance_std,,,none,False,False,False,False,not_applicable,not_applicable,none,-1,-1,-1,,1,-0.5971031476546027,,,,,,,no_legal_upstream_micro_manipulation_root
primary_discovery,schelling,unrestricted_temporal_search,unrestricted,,macro_global_connected_components,moved_fraction,macro_global_connected_components,moved_fraction,,,none,False,False,False,False,not_applicable,not_applicable,none,-1,-1,-1,,3,0.5949516255377123,,,,,,,no_legal_upstream_micro_manipulation_root
primary_discovery,schelling,unrestricted_temporal_search,unrestricted,,macro_global_connected_components,quantile_25_local_similarity,macro_global_connected_components,quantile_25_local_similarity,,,none,False,False,False,False,not_applicable,not_applicable,none,-1,-1,-1,,3,0.050618567881868304,,,,,,,no_legal_upstream_micro_manipulation_root
primary_discovery,schelling,unrestricted_temporal_search,unrestricted,,macro_global_connected_components,quantile_75_local_similarity,macro_global_connected_components,quantile_75_local_similarity,,,none,False,False,False,False,not_applicable,not_applicable,none,-1,-1,-1,,5,0.506739712935526,,,,,,,no_legal_upstream_micro_manipulation_root
primary_discovery,schelling,unrestricted_temporal_search,unrestricted,,macro_global_connected_components,std_destination_similarity,macro_global_connected_components,std_destination_similarity,,,none,False,False,False,False,not_applicable,not_applicable,none,-1,-1,-1,,1,-0.5517605834926466,,,,,,,no_legal_upstream_micro_manipulation_root
primary_discovery,schelling,unrestricted_temporal_search,unrestricted,,macro_global_connected_components,std_local_similarity,macro_global_connected_components,std_local_similarity,,,none,False,False,False,False,not_applicable,not_applicable,none,-1,-1,-1,,2,-0.02932836794231306,,,,,,,no_legal_upstream_micro_manipulation_root
primary_discovery,schelling,unrestricted_temporal_search,unrestricted,,macro_global_connected_components,std_neighbour_count,macro_global_connected_components,std_neighbour_count,,,none,False,False,False,False,not_applicable,not_applicable,none,-1,-1,-1,,5,-0.3341380919831751,,,,,,,no_legal_upstream_micro_manipulation_root
primary_discovery,schelling,unrestricted_temporal_search,unrestricted,,macro_global_connected_components,unhappy_fraction,macro_global_connected_components,unhappy_fraction,,,none,False,False,False,False,not_applicable,not_applicable,none,-1,-1,-1,,3,0.05989821910392574,,,,,,,no_legal_upstream_micro_manipulation_root
primary_discovery,schelling,unrestricted_temporal_search,unrestricted,,macro_global_moved_fraction,boundary_fraction,macro_global_moved_fraction,boundary_fraction,,,none,False,False,False,False,not_applicable,not_applicable,none,-1,-1,-1,,1,-0.010848785069812718,,,,,,,no_legal_upstream_micro_manipulation_root
primary_discovery,schelling,unrestricted_temporal_search,unrestricted,,macro_global_moved_fraction,macro_global_connected_components,macro_global_moved_fraction,macro_global_connected_components,,,none,False,False,False,False,not_applicable,not_applicable,none,-1,-1,-1,,1,-0.03859479967351546,,,,,,,no_legal_upstream_micro_manipulation_root
primary_discovery,schelling,unrestricted_temporal_search,unrestricted,,macro_global_moved_fraction,macro_global_spatial_neighbor_similarity,macro_global_moved_fraction,macro_global_spatial_neighbor_similarity,,,none,False,False,False,False,not_applicable,not_applicable,none,-1,-1,-1,,1,0.035702771684668025,,,,,,,no_legal_upstream_micro_manipulation_root
primary_discovery,schelling,unrestricted_temporal_search,unrestricted,,macro_global_moved_fraction,macro_global_unhappy_fraction,macro_global_moved_fraction,macro_global_unhappy_fraction,,,none,False,False,False,False,not_applicable,not_applicable,none,-1,-1,-1,,1,-0.05562747102948554,,,,,,,no_legal_upstream_micro_manipulation_root
primary_discovery,schelling,unrestricted_temporal_search,unrestricted,,macro_global_moved_fraction,mean_local_similarity,macro_global_moved_fraction,mean_local_similarity,,,none,False,False,False,False,not_applicable,not_applicable,none,-1,-1,-1,,1,0.03139370448785068,,,,,,,no_legal_upstream_micro_manipulation_root
primary_discovery,schelling,unrestricted_temporal_search,unrestricted,,macro_global_moved_fraction,mean_neighbour_count,macro_global_moved_fraction,mean_neighbour_count,,,none,False,False,False,False,not_applicable,not_applicable,none,-1,-1,-1,,2,0.03792689702580686,,,,,,,no_legal_upstream_micro_manipulation_root
primary_discovery,schelling,unrestricted_temporal_search,unrestricted,,macro_global_moved_fraction,meso_district_boundary_fraction_std,macro_global_moved_fraction,meso_district_boundary_fraction_std,,,none,False,False,False,False,not_applicable,not_applicable,none,-1,-1,-1,,1,0.0343937900382512,,,,,,,no_legal_upstream_micro_manipulation_root
primary_discovery,schelling,unrestricted_temporal_search,unrestricted,,macro_global_moved_fraction,meso_district_destination_similarity_std,macro_global_moved_fraction,meso_district_destination_similarity_std,,,none,False,False,False,False,not_applicable,not_applicable,none,-1,-1,-1,,1,-0.08878090324039113,,,,,,,no_legal_upstream_micro_manipulation_root
primary_discovery,schelling,unrestricted_temporal_search,unrestricted,,macro_global_moved_fraction,meso_district_group_entropy_mean,macro_global_moved_fraction,meso_district_group_entropy_mean,,,none,False,False,False,False,not_applicable,not_applicable,none,-1,-1,-1,,5,0.003780995199646732,,,,,,,no_legal_upstream_micro_manipulation_root
primary_discovery,schelling,unrestricted_temporal_search,unrestricted,,macro_global_moved_fraction,meso_district_local_similarity_std,macro_global_moved_fraction,meso_district_local_similarity_std,,,none,False,False,False,False,not_applicable,not_applicable,none,-1,-1,-1,,4,-0.0505056406289893,,,,,,,no_legal_upstream_micro_manipulation_root
primary_discovery,schelling,unrestricted_temporal_search,unrestricted,,macro_global_moved_fraction,meso_district_move_distance_std,macro_global_moved_fraction,meso_district_move_distance_std,,,none,False,False,False,False,not_applicable,not_applicable,none,-1,-1,-1,,2,0.09101101600716759,,,,,,,no_legal_upstream_micro_manipulation_root
primary_discovery,schelling,unrestricted_temporal_search,unrestricted,,macro_global_moved_fraction,meso_district_move_fraction_std,macro_global_moved_fraction,meso_district_move_fraction_std,,,none,False,False,False,False,not_applicable,not_applicable,none,-1,-1,-1,,1,-0.08401603189165066,,,,,,,no_legal_upstream_micro_manipulation_root
primary_discovery,schelling,unrestricted_temporal_search,unrestricted,,macro_global_moved_fraction,meso_district_neighbour_count_std,macro_global_moved_fraction,meso_district_neighbour_count_std,,,none,False,False,False,False,not_applicable,not_applicable,none,-1,-1,-1,,2,-0.09093994453608407,,,,,,,no_legal_upstream_micro_manipulation_root
primary_discovery,schelling,unrestricted_temporal_search,unrestricted,,macro_global_moved_fraction,meso_district_unhappy_fraction_std,macro_global_moved_fraction,meso_district_unhappy_fraction_std,,,none,False,False,False,False,not_applicable,not_applicable,none,-1,-1,-1,,2,0.0337816760087396,,,,,,,no_legal_upstream_micro_manipulation_root
primary_discovery,schelling,unrestricted_temporal_search,unrestricted,,macro_global_moved_fraction,move_distance_std,macro_global_moved_fraction,move_distance_std,,,none,False,False,False,False,not_applicable,not_applicable,none,-1,-1,-1,,1,-0.058944067318563755,,,,,,,no_legal_upstream_micro_manipulation_root
primary_discovery,schelling,unrestricted_temporal_search,unrestricted,,macro_global_moved_fraction,moved_fraction,macro_global_moved_fraction,moved_fraction,,,none,False,False,False,False,not_applicable,not_applicable,none,-1,-1,-1,,2,0.05248602347798493,,,,,,,no_legal_upstream_micro_manipulation_root
primary_discovery,schelling,unrestricted_temporal_search,unrestricted,,macro_global_moved_fraction,quantile_25_local_similarity,macro_global_moved_fraction,quantile_25_local_similarity,,,none,False,False,False,False,not_applicable,not_applicable,none,-1,-1,-1,,1,0.02341287403073334,,,,,,,no_legal_upstream_micro_manipulation_root
primary_discovery,schelling,unrestricted_temporal_search,unrestricted,,macro_global_moved_fraction,quantile_75_local_similarity,macro_global_moved_fraction,quantile_75_local_similarity,,,none,False,False,False,False,not_applicable,not_applicable,none,-1,-1,-1,,1,0.09338858531931823,,,,,,,no_legal_upstream_micro_manipulation_root
primary_discovery,schelling,unrestricted_temporal_search,unrestricted,,macro_global_moved_fraction,std_local_similarity,macro_global_moved_fraction,std_local_similarity,,,none,False,False,False,False,not_applicable,not_applicable,none,-1,-1,-1,,1,0.011009145253168491,,,,,,,no_legal_upstream_micro_manipulation_root
primary_discovery,schelling,unrestricted_temporal_search,unrestricted,,macro_global_moved_fraction,std_neighbour_count,macro_global_moved_fraction,std_neighbour_count,,,none,False,False,False,False,not_applicable,not_applicable,none,-1,-1,-1,,5,0.09458011697617177,,,,,,,no_legal_upstream_micro_manipulation_root
primary_discovery,schelling,unrestricted_temporal_search,unrestricted,,macro_global_moved_fraction,unhappy_fraction,macro_global_moved_fraction,unhappy_fraction,,,none,False,False,False,False,not_applicable,not_applicable,none,-1,-1,-1,,1,-0.05562747102948776,,,,,,,no_legal_upstream_micro_manipulation_root
primary_discovery,schelling,unrestricted_temporal_search,unrestricted,,macro_global_spatial_neighbor_similarity,macro_global_connected_components,macro_global_spatial_neighbor_similarity,macro_global_connected_components,,,none,False,False,False,False,not_applicable,not_applicable,none,-1,-1,-1,,5,0.24814531898430747,,,,,,,no_legal_upstream_micro_manipulation_root
primary_discovery,schelling,unrestricted_temporal_search,unrestricted,,macro_global_spatial_neighbor_similarity,macro_global_moved_fraction,macro_global_spatial_neighbor_similarity,macro_global_moved_fraction,,,none,False,False,False,False,not_applicable,not_applicable,none,-1,-1,-1,,2,2.5009481592710507,,,,,,,no_legal_upstream_micro_manipulation_root
primary_discovery,schelling,unrestricted_temporal_search,unrestricted,,macro_global_spatial_neighbor_similarity,macro_global_unhappy_fraction,macro_global_spatial_neighbor_similarity,macro_global_unhappy_fraction,,,none,False,False,False,False,not_applicable,not_applicable,none,-1,-1,-1,,4,-0.21545950215973486,,,,,,,no_legal_upstream_micro_manipulation_root
primary_discovery,schelling,unrestricted_temporal_search,unrestricted,,macro_global_spatial_neighbor_similarity,mean_local_similarity,macro_global_spatial_neighbor_similarity,mean_local_similarity,,,none,False,False,False,False,not_applicable,not_applicable,none,-1,-1,-1,,5,-0.048599510660828446,,,,,,,no_legal_upstream_micro_manipulation_root
primary_discovery,schelling,unrestricted_temporal_search,unrestricted,,macro_global_spatial_neighbor_similarity,mean_neighbour_count,macro_global_spatial_neighbor_similarity,mean_neighbour_count,,,none,False,False,False,False,not_applicable,not_applicable,none,-1,-1,-1,,4,-0.4780352405098173,,,,,,,no_legal_upstream_micro_manipulation_root
primary_discovery,schelling,unrestricted_temporal_search,unrestricted,,macro_global_spatial_neighbor_similarity,meso_district_boundary_fraction_std,macro_global_spatial_neighbor_similarity,meso_district_boundary_fraction_std,,,none,False,False,False,False,not_applicable,not_applicable,none,-1,-1,-1,,3,0.7835216525398339,,,,,,,no_legal_upstream_micro_manipulation_root
primary_discovery,schelling,unrestricted_temporal_search,unrestricted,,macro_global_spatial_neighbor_similarity,meso_district_group_entropy_mean,macro_global_spatial_neighbor_similarity,meso_district_group_entropy_mean,,,none,False,False,False,False,not_applicable,not_applicable,none,-1,-1,-1,,4,0.020493984811092034,,,,,,,no_legal_upstream_micro_manipulation_root
primary_discovery,schelling,unrestricted_temporal_search,unrestricted,,macro_global_spatial_neighbor_similarity,meso_district_local_similarity_std,macro_global_spatial_neighbor_similarity,meso_district_local_similarity_std,,,none,False,False,False,False,not_applicable,not_applicable,none,-1,-1,-1,,1,1.1021515357672305,,,,,,,no_legal_upstream_micro_manipulation_root
primary_discovery,schelling,unrestricted_temporal_search,unrestricted,,macro_global_spatial_neighbor_similarity,meso_district_move_fraction_std,macro_global_spatial_neighbor_similarity,meso_district_move_fraction_std,,,none,False,False,False,False,not_applicable,not_applicable,none,-1,-1,-1,,1,-0.9179269692428266,,,,,,,no_legal_upstream_micro_manipulation_root
primary_discovery,schelling,unrestricted_temporal_search,unrestricted,,macro_global_spatial_neighbor_similarity,meso_district_neighbour_count_std,macro_global_spatial_neighbor_similarity,meso_district_neighbour_count_std,,,none,False,False,False,False,not_applicable,not_applicable,none,-1,-1,-1,,2,0.8821984091540189,,,,,,,no_legal_upstream_micro_manipulation_root
primary_discovery,schelling,unrestricted_temporal_search,unrestricted,,macro_global_spatial_neighbor_similarity,meso_district_unhappy_fraction_std,macro_global_spatial_neighbor_similarity,meso_district_unhappy_fraction_std,,,none,False,False,False,False,not_applicable,not_applicable,none,-1,-1,-1,,1,0.8689577079101777,,,,,,,no_legal_upstream_micro_manipulation_root
primary_discovery,schelling,unrestricted_temporal_search,unrestricted,,macro_global_spatial_neighbor_similarity,move_distance_std,macro_global_spatial_neighbor_similarity,move_distance_std,,,none,False,False,False,False,not_applicable,not_applicable,none,-1,-1,-1,,2,1.3431620510164057,,,,,,,no_legal_upstream_micro_manipulation_root
primary_discovery,schelling,unrestricted_temporal_search,unrestricted,,macro_global_spatial_neighbor_similarity,moved_fraction,macro_global_spatial_neighbor_similarity,moved_fraction,,,none,False,False,False,False,not_applicable,not_applicable,none,-1,-1,-1,,2,2.500948159271035,,,,,,,no_legal_upstream_micro_manipulation_root
primary_discovery,schelling,unrestricted_temporal_search,unrestricted,,macro_global_spatial_neighbor_similarity,quantile_25_local_similarity,macro_global_spatial_neighbor_similarity,quantile_25_local_similarity,,,none,False,False,False,False,not_applicable,not_applicable,none,-1,-1,-1,,4,-0.31143816857292,,,,,,,no_legal_upstream_micro_manipulation_root
primary_discovery,schelling,unrestricted_temporal_search,unrestricted,,macro_global_spatial_neighbor_similarity,std_destination_similarity,macro_global_spatial_neighbor_similarity,std_destination_similarity,,,none,False,False,False,False,not_applicable,not_applicable,none,-1,-1,-1,,2,1.2835669314280487,,,,,,,no_legal_upstream_micro_manipulation_root
primary_discovery,schelling,unrestricted_temporal_search,unrestricted,,macro_global_spatial_neighbor_similarity,std_neighbour_count,macro_global_spatial_neighbor_similarity,std_neighbour_count,,,none,False,False,False,False,not_applicable,not_applicable,none,-1,-1,-1,,2,0.9165150511835516,,,,,,,no_legal_upstream_micro_manipulation_root
primary_discovery,schelling,unrestricted_temporal_search,unrestricted,,macro_global_spatial_neighbor_similarity,unhappy_fraction,macro_global_spatial_neighbor_similarity,unhappy_fraction,,,none,False,False,False,False,not_applicable,not_applicable,none,-1,-1,-1,,4,-0.21545950215973939,,,,,,,no_legal_upstream_micro_manipulation_root
primary_discovery,schelling,unrestricted_temporal_search,unrestricted,,macro_global_unhappy_fraction,boundary_fraction,macro_global_unhappy_fraction,boundary_fraction,,,none,False,False,False,False,not_applicable,not_applicable,none,-1,-1,-1,,2,0.021402531492640157,,,,,,,no_legal_upstream_micro_manipulation_root
primary_discovery,schelling,unrestricted_temporal_search,unrestricted,,macro_global_unhappy_fraction,macro_global_connected_components,macro_global_unhappy_fraction,macro_global_connected_components,,,none,False,False,False,False,not_applicable,not_applicable,none,-1,-1,-1,,2,0.06980528932758139,,,,,,,no_legal_upstream_micro_manipulation_root
primary_discovery,schelling,unrestricted_temporal_search,unrestricted,,macro_global_unhappy_fraction,macro_global_moved_fraction,macro_global_unhappy_fraction,macro_global_moved_fraction,,,none,False,False,False,False,not_applicable,not_applicable,none,-1,-1,-1,,1,0.4443958073846856,,,,,,,no_legal_upstream_micro_manipulation_root
primary_discovery,schelling,unrestricted_temporal_search,unrestricted,,macro_global_unhappy_fraction,macro_global_spatial_neighbor_similarity,macro_global_unhappy_fraction,macro_global_spatial_neighbor_similarity,,,none,False,False,False,False,not_applicable,not_applicable,none,-1,-1,-1,,4,0.025180785077516313,,,,,,,no_legal_upstream_micro_manipulation_root
primary_discovery,schelling,unrestricted_temporal_search,unrestricted,,macro_global_unhappy_fraction,mean_destination_similarity_movers,macro_global_unhappy_fraction,mean_destination_similarity_movers,,,none,False,False,False,False,not_applicable,not_applicable,none,-1,-1,-1,,5,0.14983826976706366,,,,,,,no_legal_upstream_micro_manipulation_root
primary_discovery,schelling,unrestricted_temporal_search,unrestricted,,macro_global_unhappy_fraction,mean_local_similarity,macro_global_unhappy_fraction,mean_local_similarity,,,none,False,False,False,False,not_applicable,not_applicable,none,-1,-1,-1,,1,-0.02868960980431432,,,,,,,no_legal_upstream_micro_manipulation_root
primary_discovery,schelling,unrestricted_temporal_search,unrestricted,,macro_global_unhappy_fraction,mean_move_distance,macro_global_unhappy_fraction,mean_move_distance,,,none,False,False,False,False,not_applicable,not_applicable,none,-1,-1,-1,,5,0.2568095436506472,,,,,,,no_legal_upstream_micro_manipulation_root
primary_discovery,schelling,unrestricted_temporal_search,unrestricted,,macro_global_unhappy_fraction,mean_neighbour_count,macro_global_unhappy_fraction,mean_neighbour_count,,,none,False,False,False,False,not_applicable,not_applicable,none,-1,-1,-1,,2,-0.12702049272415597,,,,,,,no_legal_upstream_micro_manipulation_root
primary_discovery,schelling,unrestricted_temporal_search,unrestricted,,macro_global_unhappy_fraction,meso_district_boundary_fraction_std,macro_global_unhappy_fraction,meso_district_boundary_fraction_std,,,none,False,False,False,False,not_applicable,not_applicable,none,-1,-1,-1,,5,0.20582345128753077,,,,,,,no_legal_upstream_micro_manipulation_root
primary_discovery,schelling,unrestricted_temporal_search,unrestricted,,macro_global_unhappy_fraction,meso_district_destination_similarity_std,macro_global_unhappy_fraction,meso_district_destination_similarity_std,,,none,False,False,False,False,not_applicable,not_applicable,none,-1,-1,-1,,4,0.48846013452112835,,,,,,,no_legal_upstream_micro_manipulation_root
primary_discovery,schelling,unrestricted_temporal_search,unrestricted,,macro_global_unhappy_fraction,meso_district_group_entropy_mean,macro_global_unhappy_fraction,meso_district_group_entropy_mean,,,none,False,False,False,False,not_applicable,not_applicable,none,-1,-1,-1,,2,0.02660942176278313,,,,,,,no_legal_upstream_micro_manipulation_root
primary_discovery,schelling,unrestricted_temporal_search,unrestricted,,macro_global_unhappy_fraction,meso_district_local_similarity_std,macro_global_unhappy_fraction,meso_district_local_similarity_std,,,none,False,False,False,False,not_applicable,not_applicable,none,-1,-1,-1,,1,0.3031490535288822,,,,,,,no_legal_upstream_micro_manipulation_root
primary_discovery,schelling,unrestricted_temporal_search,unrestricted,,macro_global_unhappy_fraction,meso_district_move_distance_std,macro_global_unhappy_fraction,meso_district_move_distance_std,,,none,False,False,False,False,not_applicable,not_applicable,none,-1,-1,-1,,2,-1.091805713089275,,,,,,,no_legal_upstream_micro_manipulation_root
primary_discovery,schelling,unrestricted_temporal_search,unrestricted,,macro_global_unhappy_fraction,meso_district_move_fraction_std,macro_global_unhappy_fraction,meso_district_move_fraction_std,,,none,False,False,False,False,not_applicable,not_applicable,none,-1,-1,-1,,1,0.5387611517185119,,,,,,,no_legal_upstream_micro_manipulation_root
primary_discovery,schelling,unrestricted_temporal_search,unrestricted,,macro_global_unhappy_fraction,meso_district_neighbour_count_std,macro_global_unhappy_fraction,meso_district_neighbour_count_std,,,none,False,False,False,False,not_applicable,not_applicable,none,-1,-1,-1,,2,-0.31653088276869784,,,,,,,no_legal_upstream_micro_manipulation_root
primary_discovery,schelling,unrestricted_temporal_search,unrestricted,,macro_global_unhappy_fraction,meso_district_unhappy_fraction_std,macro_global_unhappy_fraction,meso_district_unhappy_fraction_std,,,none,False,False,False,False,not_applicable,not_applicable,none,-1,-1,-1,,1,0.304075610095953,,,,,,,no_legal_upstream_micro_manipulation_root
primary_discovery,schelling,unrestricted_temporal_search,unrestricted,,macro_global_unhappy_fraction,move_distance_std,macro_global_unhappy_fraction,move_distance_std,,,none,False,False,False,False,not_applicable,not_applicable,none,-1,-1,-1,,1,0.40614743391084546,,,,,,,no_legal_upstream_micro_manipulation_root
primary_discovery,schelling,unrestricted_temporal_search,unrestricted,,macro_global_unhappy_fraction,moved_fraction,macro_global_unhappy_fraction,moved_fraction,,,none,False,False,False,False,not_applicable,not_applicable,none,-1,-1,-1,,1,0.4443958073846886,,,,,,,no_legal_upstream_micro_manipulation_root
primary_discovery,schelling,unrestricted_temporal_search,unrestricted,,macro_global_unhappy_fraction,quantile_25_local_similarity,macro_global_unhappy_fraction,quantile_25_local_similarity,,,none,False,False,False,False,not_applicable,not_applicable,none,-1,-1,-1,,4,0.2364403910127786,,,,,,,no_legal_upstream_micro_manipulation_root
primary_discovery,schelling,unrestricted_temporal_search,unrestricted,,macro_global_unhappy_fraction,quantile_75_local_similarity,macro_global_unhappy_fraction,quantile_75_local_similarity,,,none,False,False,False,False,not_applicable,not_applicable,none,-1,-1,-1,,1,-0.1872931363955995,,,,,,,no_legal_upstream_micro_manipulation_root
primary_discovery,schelling,unrestricted_temporal_search,unrestricted,,macro_global_unhappy_fraction,std_destination_similarity,macro_global_unhappy_fraction,std_destination_similarity,,,none,False,False,False,False,not_applicable,not_applicable,none,-1,-1,-1,,1,0.371644366767212,,,,,,,no_legal_upstream_micro_manipulation_root
primary_discovery,schelling,unrestricted_temporal_search,unrestricted,,macro_global_unhappy_fraction,std_local_similarity,macro_global_unhappy_fraction,std_local_similarity,,,none,False,False,False,False,not_applicable,not_applicable,none,-1,-1,-1,,2,0.06851818238123268,,,,,,,no_legal_upstream_micro_manipulation_root
primary_discovery,schelling,unrestricted_temporal_search,unrestricted,,macro_global_unhappy_fraction,std_neighbour_count,macro_global_unhappy_fraction,std_neighbour_count,,,none,False,False,False,False,not_applicable,not_applicable,none,-1,-1,-1,,5,0.21948094628725004,,,,,,,no_legal_upstream_micro_manipulation_root
primary_discovery,schelling,unrestricted_temporal_search,unrestricted,,macro_global_unhappy_fraction,unhappy_fraction,macro_global_unhappy_fraction,unhappy_fraction,,,none,False,False,False,False,not_applicable,not_applicable,none,-1,-1,-1,,1,0.5888043012055021,,,,,,,no_legal_upstream_micro_manipulation_root
primary_discovery,schelling,unrestricted_temporal_search,unrestricted,,mean_destination_similarity_movers,boundary_fraction,mean_destination_similarity_movers,boundary_fraction,,,none,False,False,False,False,not_applicable,not_applicable,none,-1,-1,-1,,1,0.021903730337886958,,,,,,,no_legal_upstream_micro_manipulation_root
primary_discovery,schelling,unrestricted_temporal_search,unrestricted,,mean_destination_similarity_movers,local_similarity_entropy,mean_destination_similarity_movers,local_similarity_entropy,,,none,False,False,False,False,not_applicable,not_applicable,none,-1,-1,-1,,1,0.042863991895996344,,,,,,,no_legal_upstream_micro_manipulation_root
primary_discovery,schelling,unrestricted_temporal_search,unrestricted,,mean_destination_similarity_movers,macro_global_moved_fraction,mean_destination_similarity_movers,macro_global_moved_fraction,,,none,False,False,False,False,not_applicable,not_applicable,none,-1,-1,-1,,5,-0.09661045945947216,,,,,,,no_legal_upstream_micro_manipulation_root
primary_discovery,schelling,unrestricted_temporal_search,unrestricted,,mean_destination_similarity_movers,macro_global_spatial_neighbor_similarity,mean_destination_similarity_movers,macro_global_spatial_neighbor_similarity,,,none,False,False,False,False,not_applicable,not_applicable,none,-1,-1,-1,,1,-0.01849901047262915,,,,,,,no_legal_upstream_micro_manipulation_root
primary_discovery,schelling,unrestricted_temporal_search,unrestricted,,mean_destination_similarity_movers,macro_global_unhappy_fraction,mean_destination_similarity_movers,macro_global_unhappy_fraction,,,none,False,False,False,False,not_applicable,not_applicable,none,-1,-1,-1,,2,-0.005683354504496141,,,,,,,no_legal_upstream_micro_manipulation_root
primary_discovery,schelling,unrestricted_temporal_search,unrestricted,,mean_destination_similarity_movers,mean_local_similarity,mean_destination_similarity_movers,mean_local_similarity,,,none,False,False,False,False,not_applicable,not_applicable,none,-1,-1,-1,,1,-0.01957139998396982,,,,,,,no_legal_upstream_micro_manipulation_root
primary_discovery,schelling,unrestricted_temporal_search,unrestricted,mean_destination_similarity_movers,mean_destination_similarity_movers,meso_district_boundary_fraction_std,mean_destination_similarity_movers,meso_district_boundary_fraction_std,destination_preference,minus,micro,True,True,False,True,no_stable_downstream_effect,no_stable_downstream_effect,direct_root,0,0,1,1.0,4,0.04728124487940796,-3.0,True,False,0.2660373976867192,0.2660373976867192,0.20887094435778808,
primary_discovery,schelling,unrestricted_temporal_search,unrestricted,mean_destination_similarity_movers,mean_destination_similarity_movers,meso_district_boundary_fraction_std,mean_destination_similarity_movers,meso_district_boundary_fraction_std,destination_preference,plus,micro,False,False,False,False,manipulation_failure,manipulation_failure,direct_root,-1,-1,-1,,4,0.04728124487940796,,True,,-0.03843998552837691,-0.03843998552837691,-0.06888294387427304,
primary_discovery,schelling,unrestricted_temporal_search,unrestricted,mean_destination_similarity_movers,mean_destination_similarity_movers,meso_district_group_entropy_mean,mean_destination_similarity_movers,meso_district_group_entropy_mean,destination_preference,minus,micro,True,True,False,True,no_stable_downstream_effect,no_stable_downstream_effect,direct_root,0,0,7,7.0,3,-0.004617800666377934,4.0,False,False,0.2660373976867192,0.2660373976867192,0.24861572300981738,
primary_discovery,schelling,unrestricted_temporal_search,unrestricted,mean_destination_similarity_movers,mean_destination_similarity_movers,meso_district_group_entropy_mean,mean_destination_similarity_movers,meso_district_group_entropy_mean,destination_preference,plus,micro,False,False,False,False,manipulation_failure,manipulation_failure,direct_root,-1,-1,-1,,3,-0.004617800666377934,,True,,-0.03843998552837691,-0.03843998552837691,0.08546036005427086,
primary_discovery,schelling,unrestricted_temporal_search,unrestricted,mean_destination_similarity_movers,mean_destination_similarity_movers,meso_district_local_similarity_std,mean_destination_similarity_movers,meso_district_local_similarity_std,destination_preference,minus,micro,True,True,False,True,no_stable_downstream_effect,no_stable_downstream_effect,direct_root,0,0,25,25.0,1,-0.08664932511777158,24.0,False,False,0.2660373976867192,0.2660373976867192,0.4516613517407082,
primary_discovery,schelling,unrestricted_temporal_search,unrestricted,mean_destination_similarity_movers,mean_destination_similarity_movers,meso_district_local_similarity_std,mean_destination_similarity_movers,meso_district_local_similarity_std,destination_preference,plus,micro,False,False,False,False,manipulation_failure,manipulation_failure,direct_root,-1,-1,-1,,1,-0.08664932511777158,,False,,-0.03843998552837691,-0.03843998552837691,-0.13267915101557556,
primary_discovery,schelling,unrestricted_temporal_search,unrestricted,mean_destination_similarity_movers,mean_destination_similarity_movers,meso_district_neighbour_count_std,mean_destination_similarity_movers,meso_district_neighbour_count_std,destination_preference,minus,micro,True,True,False,False,no_stable_downstream_effect,no_stable_downstream_effect,direct_root,0,0,-1,,2,0.07458928657879202,,True,,0.2660373976867192,0.2660373976867192,0.04309700395175906,
primary_discovery,schelling,unrestricted_temporal_search,unrestricted,mean_destination_similarity_movers,mean_destination_similarity_movers,meso_district_neighbour_count_std,mean_destination_similarity_movers,meso_district_neighbour_count_std,destination_preference,plus,micro,False,False,False,False,manipulation_failure,manipulation_failure,direct_root,-1,-1,-1,,2,0.07458928657879202,,False,,-0.03843998552837691,-0.03843998552837691,0.18242017457770257,
primary_discovery,schelling,unrestricted_temporal_search,unrestricted,mean_destination_similarity_movers,mean_destination_similarity_movers,meso_district_unhappy_fraction_std,mean_destination_similarity_movers,meso_district_unhappy_fraction_std,destination_preference,minus,micro,True,True,True,True,supported,supported,direct_root,0,0,8,8.0,2,-0.03532162662378635,6.0,False,False,0.2660373976867192,0.2660373976867192,0.8015896418664438,
primary_discovery,schelling,unrestricted_temporal_search,unrestricted,mean_destination_similarity_movers,mean_destination_similarity_movers,meso_district_unhappy_fraction_std,mean_destination_similarity_movers,meso_district_unhappy_fraction_std,destination_preference,plus,micro,False,False,False,False,manipulation_failure,manipulation_failure,direct_root,-1,-1,-1,,2,-0.03532162662378635,,False,,-0.03843998552837691,-0.03843998552837691,-0.11151236675897748,
primary_discovery,schelling,unrestricted_temporal_search,unrestricted,,mean_destination_similarity_movers,moved_fraction,mean_destination_similarity_movers,moved_fraction,,,none,False,False,False,False,not_applicable,not_applicable,none,-1,-1,-1,,5,-0.09661045945947382,,,,,,,no_legal_upstream_micro_manipulation_root
primary_discovery,schelling,unrestricted_temporal_search,unrestricted,,mean_destination_similarity_movers,std_destination_similarity,mean_destination_similarity_movers,std_destination_similarity,,,none,False,False,False,False,not_applicable,not_applicable,none,-1,-1,-1,,4,0.12006501455750396,,,,,,,no_legal_upstream_micro_manipulation_root
primary_discovery,schelling,unrestricted_temporal_search,unrestricted,,mean_destination_similarity_movers,std_local_similarity,mean_destination_similarity_movers,std_local_similarity,,,none,False,False,False,False,not_applicable,not_applicable,none,-1,-1,-1,,4,0.003465535393791159,,,,,,,no_legal_upstream_micro_manipulation_root
primary_discovery,schelling,unrestricted_temporal_search,unrestricted,,mean_destination_similarity_movers,std_neighbour_count,mean_destination_similarity_movers,std_neighbour_count,,,none,False,False,False,False,not_applicable,not_applicable,none,-1,-1,-1,,5,0.044123532179991404,,,,,,,no_legal_upstream_micro_manipulation_root
primary_discovery,schelling,unrestricted_temporal_search,unrestricted,,mean_destination_similarity_movers,unhappy_fraction,mean_destination_similarity_movers,unhappy_fraction,,,none,False,False,False,False,not_applicable,not_applicable,none,-1,-1,-1,,2,-0.005683354504496307,,,,,,,no_legal_upstream_micro_manipulation_root
primary_discovery,schelling,unrestricted_temporal_search,unrestricted,,mean_local_similarity,boundary_fraction,mean_local_similarity,boundary_fraction,,,none,False,False,False,False,not_applicable,not_applicable,none,-1,-1,-1,,1,-0.3577884126646588,,,,,,,no_legal_upstream_micro_manipulation_root
primary_discovery,schelling,unrestricted_temporal_search,unrestricted,,mean_local_similarity,macro_global_connected_components,mean_local_similarity,macro_global_connected_components,,,none,False,False,False,False,not_applicable,not_applicable,none,-1,-1,-1,,1,-0.3689207180717783,,,,,,,no_legal_upstream_micro_manipulation_root
primary_discovery,schelling,unrestricted_temporal_search,unrestricted,,mean_local_similarity,macro_global_spatial_neighbor_similarity,mean_local_similarity,macro_global_spatial_neighbor_similarity,,,none,False,False,False,False,not_applicable,not_applicable,none,-1,-1,-1,,1,0.17694155752401203,,,,,,,no_legal_upstream_micro_manipulation_root
primary_discovery,schelling,unrestricted_temporal_search,unrestricted,,mean_local_similarity,macro_global_unhappy_fraction,mean_local_similarity,macro_global_unhappy_fraction,,,none,False,False,False,False,not_applicable,not_applicable,none,-1,-1,-1,,4,-0.18612771219847543,,,,,,,no_legal_upstream_micro_manipulation_root
primary_discovery,schelling,unrestricted_temporal_search,unrestricted,,mean_local_similarity,mean_neighbour_count,mean_local_similarity,mean_neighbour_count,,,none,False,False,False,False,not_applicable,not_applicable,none,-1,-1,-1,,4,-0.6237067953669484,,,,,,,no_legal_upstream_micro_manipulation_root
primary_discovery,schelling,unrestricted_temporal_search,unrestricted,,mean_local_similarity,meso_district_destination_similarity_std,mean_local_similarity,meso_district_destination_similarity_std,,,none,False,False,False,False,not_applicable,not_applicable,none,-1,-1,-1,,1,1.534542120855926,,,,,,,no_legal_upstream_micro_manipulation_root
primary_discovery,schelling,unrestricted_temporal_search,unrestricted,,mean_local_similarity,meso_district_group_entropy_mean,mean_local_similarity,meso_district_group_entropy_mean,,,none,False,False,False,False,not_applicable,not_applicable,none,-1,-1,-1,,4,-0.0856688490872643,,,,,,,no_legal_upstream_micro_manipulation_root
primary_discovery,schelling,unrestricted_temporal_search,unrestricted,,mean_local_similarity,meso_district_move_distance_std,mean_local_similarity,meso_district_move_distance_std,,,none,False,False,False,False,not_applicable,not_applicable,none,-1,-1,-1,,3,1.5166022822669958,,,,,,,no_legal_upstream_micro_manipulation_root
primary_discovery,schelling,unrestricted_temporal_search,unrestricted,,mean_local_similarity,meso_district_move_fraction_std,mean_local_similarity,meso_district_move_fraction_std,,,none,False,False,False,False,not_applicable,not_applicable,none,-1,-1,-1,,1,1.4550833507828285,,,,,,,no_legal_upstream_micro_manipulation_root
primary_discovery,schelling,unrestricted_temporal_search,unrestricted,,mean_local_similarity,meso_district_neighbour_count_std,mean_local_similarity,meso_district_neighbour_count_std,,,none,False,False,False,False,not_applicable,not_applicable,none,-1,-1,-1,,1,1.3590042072540016,,,,,,,no_legal_upstream_micro_manipulation_root
primary_discovery,schelling,unrestricted_temporal_search,unrestricted,,mean_local_similarity,meso_district_unhappy_fraction_std,mean_local_similarity,meso_district_unhappy_fraction_std,,,none,False,False,False,False,not_applicable,not_applicable,none,-1,-1,-1,,4,-0.9896955616336399,,,,,,,no_legal_upstream_micro_manipulation_root
primary_discovery,schelling,unrestricted_temporal_search,unrestricted,,mean_local_similarity,move_distance_std,mean_local_similarity,move_distance_std,,,none,False,False,False,False,not_applicable,not_applicable,none,-1,-1,-1,,5,1.0556066941061528,,,,,,,no_legal_upstream_micro_manipulation_root
primary_discovery,schelling,unrestricted_temporal_search,unrestricted,,mean_local_similarity,quantile_25_local_similarity,mean_local_similarity,quantile_25_local_similarity,,,none,False,False,False,False,not_applicable,not_applicable,none,-1,-1,-1,,4,0.35704051361166633,,,,,,,no_legal_upstream_micro_manipulation_root
primary_discovery,schelling,unrestricted_temporal_search,unrestricted,,mean_local_similarity,quantile_75_local_similarity,mean_local_similarity,quantile_75_local_similarity,,,none,False,False,False,False,not_applicable,not_applicable,none,-1,-1,-1,,2,1.361044955716325,,,,,,,no_legal_upstream_micro_manipulation_root
primary_discovery,schelling,unrestricted_temporal_search,unrestricted,,mean_local_similarity,std_local_similarity,mean_local_similarity,std_local_similarity,,,none,False,False,False,False,not_applicable,not_applicable,none,-1,-1,-1,,4,-0.22145668033431865,,,,,,,no_legal_upstream_micro_manipulation_root
primary_discovery,schelling,unrestricted_temporal_search,unrestricted,,mean_local_similarity,std_neighbour_count,mean_local_similarity,std_neighbour_count,,,none,False,False,False,False,not_applicable,not_applicable,none,-1,-1,-1,,5,2.0052248040537277,,,,,,,no_legal_upstream_micro_manipulation_root
primary_discovery,schelling,unrestricted_temporal_search,unrestricted,,mean_local_similarity,unhappy_fraction,mean_local_similarity,unhappy_fraction,,,none,False,False,False,False,not_applicable,not_applicable,none,-1,-1,-1,,4,-0.18612771219846508,,,,,,,no_legal_upstream_micro_manipulation_root
primary_discovery,schelling,unrestricted_temporal_search,unrestricted,,mean_move_distance,boundary_fraction,mean_move_distance,boundary_fraction,,,none,False,False,False,False,not_applicable,not_applicable,none,-1,-1,-1,,3,0.0034890548944311317,,,,,,,no_legal_upstream_micro_manipulation_root
primary_discovery,schelling,unrestricted_temporal_search,unrestricted,,mean_move_distance,local_similarity_entropy,mean_move_distance,local_similarity_entropy,,,none,False,False,False,False,not_applicable,not_applicable,none,-1,-1,-1,,1,-0.01582963685330627,,,,,,,no_legal_upstream_micro_manipulation_root
primary_discovery,schelling,unrestricted_temporal_search,unrestricted,,mean_move_distance,macro_global_connected_components,mean_move_distance,macro_global_connected_components,,,none,False,False,False,False,not_applicable,not_applicable,none,-1,-1,-1,,1,0.008310242358854782,,,,,,,no_legal_upstream_micro_manipulation_root
primary_discovery,schelling,unrestricted_temporal_search,unrestricted,,mean_move_distance,macro_global_moved_fraction,mean_move_distance,macro_global_moved_fraction,,,none,False,False,False,False,not_applicable,not_applicable,none,-1,-1,-1,,5,0.08066341556085514,,,,,,,no_legal_upstream_micro_manipulation_root
primary_discovery,schelling,unrestricted_temporal_search,unrestricted,,mean_move_distance,macro_global_spatial_neighbor_similarity,mean_move_distance,macro_global_spatial_neighbor_similarity,,,none,False,False,False,False,not_applicable,not_applicable,none,-1,-1,-1,,1,0.010204646980867198,,,,,,,no_legal_upstream_micro_manipulation_root
primary_discovery,schelling,unrestricted_temporal_search,unrestricted,,mean_move_distance,macro_global_unhappy_fraction,mean_move_distance,macro_global_unhappy_fraction,,,none,False,False,False,False,not_applicable,not_applicable,none,-1,-1,-1,,1,-0.014994198440873074,,,,,,,no_legal_upstream_micro_manipulation_root
primary_discovery,schelling,unrestricted_temporal_search,unrestricted,,mean_move_distance,mean_local_similarity,mean_move_distance,mean_local_similarity,,,none,False,False,False,False,not_applicable,not_applicable,none,-1,-1,-1,,1,0.010057875759793333,,,,,,,no_legal_upstream_micro_manipulation_root
primary_discovery,schelling,unrestricted_temporal_search,unrestricted,,mean_move_distance,mean_neighbour_count,mean_move_distance,mean_neighbour_count,,,none,False,False,False,False,not_applicable,not_applicable,none,-1,-1,-1,,1,-0.018299021901872617,,,,,,,no_legal_upstream_micro_manipulation_root
primary_discovery,schelling,unrestricted_temporal_search,unrestricted,,mean_move_distance,meso_district_boundary_fraction_std,mean_move_distance,meso_district_boundary_fraction_std,,,none,False,False,False,False,not_applicable,not_applicable,none,-1,-1,-1,,1,0.07089099269025309,,,,,,,no_legal_upstream_micro_manipulation_root
primary_discovery,schelling,unrestricted_temporal_search,unrestricted,,mean_move_distance,meso_district_group_entropy_mean,mean_move_distance,meso_district_group_entropy_mean,,,none,False,False,False,False,not_applicable,not_applicable,none,-1,-1,-1,,1,0.006345547314140519,,,,,,,no_legal_upstream_micro_manipulation_root
primary_discovery,schelling,unrestricted_temporal_search,unrestricted,,mean_move_distance,meso_district_local_similarity_std,mean_move_distance,meso_district_local_similarity_std,,,none,False,False,False,False,not_applicable,not_applicable,none,-1,-1,-1,,1,0.11425880129689642,,,,,,,no_legal_upstream_micro_manipulation_root
primary_discovery,schelling,unrestricted_temporal_search,unrestricted,,mean_move_distance,meso_district_neighbour_count_std,mean_move_distance,meso_district_neighbour_count_std,,,none,False,False,False,False,not_applicable,not_applicable,none,-1,-1,-1,,2,-0.08547159000414589,,,,,,,no_legal_upstream_micro_manipulation_root
primary_discovery,schelling,unrestricted_temporal_search,unrestricted,,mean_move_distance,meso_district_unhappy_fraction_std,mean_move_distance,meso_district_unhappy_fraction_std,,,none,False,False,False,False,not_applicable,not_applicable,none,-1,-1,-1,,4,0.04220145983922174,,,,,,,no_legal_upstream_micro_manipulation_root
primary_discovery,schelling,unrestricted_temporal_search,unrestricted,,mean_move_distance,moved_fraction,mean_move_distance,moved_fraction,,,none,False,False,False,False,not_applicable,not_applicable,none,-1,-1,-1,,5,0.08066341556085518,,,,,,,no_legal_upstream_micro_manipulation_root
primary_discovery,schelling,unrestricted_temporal_search,unrestricted,,mean_move_distance,quantile_75_local_similarity,mean_move_distance,quantile_75_local_similarity,,,none,False,False,False,False,not_applicable,not_applicable,none,-1,-1,-1,,2,-0.04960197911493608,,,,,,,no_legal_upstream_micro_manipulation_root
primary_discovery,schelling,unrestricted_temporal_search,unrestricted,,mean_move_distance,std_destination_similarity,mean_move_distance,std_destination_similarity,,,none,False,False,False,False,not_applicable,not_applicable,none,-1,-1,-1,,4,-0.07564079125748192,,,,,,,no_legal_upstream_micro_manipulation_root
primary_discovery,schelling,unrestricted_temporal_search,unrestricted,,mean_move_distance,std_local_similarity,mean_move_distance,std_local_similarity,,,none,False,False,False,False,not_applicable,not_applicable,none,-1,-1,-1,,1,0.025462585842635957,,,,,,,no_legal_upstream_micro_manipulation_root
primary_discovery,schelling,unrestricted_temporal_search,unrestricted,,mean_move_distance,std_neighbour_count,mean_move_distance,std_neighbour_count,,,none,False,False,False,False,not_applicable,not_applicable,none,-1,-1,-1,,5,-0.023349836413466357,,,,,,,no_legal_upstream_micro_manipulation_root
primary_discovery,schelling,unrestricted_temporal_search,unrestricted,,mean_move_distance,unhappy_fraction,mean_move_distance,unhappy_fraction,,,none,False,False,False,False,not_applicable,not_applicable,none,-1,-1,-1,,1,-0.014994198440873796,,,,,,,no_legal_upstream_micro_manipulation_root
primary_discovery,schelling,unrestricted_temporal_search,unrestricted,,mean_neighbour_count,macro_global_moved_fraction,mean_neighbour_count,macro_global_moved_fraction,,,none,False,False,False,False,not_applicable,not_applicable,none,-1,-1,-1,,2,0.09835875340299607,,,,,,,no_legal_upstream_micro_manipulation_root
primary_discovery,schelling,unrestricted_temporal_search,unrestricted,,mean_neighbour_count,macro_global_spatial_neighbor_similarity,mean_neighbour_count,macro_global_spatial_neighbor_similarity,,,none,False,False,False,False,not_applicable,not_applicable,none,-1,-1,-1,,1,-0.008491199813578078,,,,,,,no_legal_upstream_micro_manipulation_root
primary_discovery,schelling,unrestricted_temporal_search,unrestricted,,mean_neighbour_count,macro_global_unhappy_fraction,mean_neighbour_count,macro_global_unhappy_fraction,,,none,False,False,False,False,not_applicable,not_applicable,none,-1,-1,-1,,4,-0.010627913501775846,,,,,,,no_legal_upstream_micro_manipulation_root
primary_discovery,schelling,unrestricted_temporal_search,unrestricted,,mean_neighbour_count,meso_district_boundary_fraction_std,mean_neighbour_count,meso_district_boundary_fraction_std,,,none,False,False,False,False,not_applicable,not_applicable,none,-1,-1,-1,,2,-0.06720300199049978,,,,,,,no_legal_upstream_micro_manipulation_root
primary_discovery,schelling,unrestricted_temporal_search,unrestricted,,mean_neighbour_count,meso_district_group_entropy_mean,mean_neighbour_count,meso_district_group_entropy_mean,,,none,False,False,False,False,not_applicable,not_applicable,none,-1,-1,-1,,4,0.008481709919249975,,,,,,,no_legal_upstream_micro_manipulation_root
primary_discovery,schelling,unrestricted_temporal_search,unrestricted,,mean_neighbour_count,meso_district_local_similarity_std,mean_neighbour_count,meso_district_local_similarity_std,,,none,False,False,False,False,not_applicable,not_applicable,none,-1,-1,-1,,4,-0.11982247022541469,,,,,,,no_legal_upstream_micro_manipulation_root
primary_discovery,schelling,unrestricted_temporal_search,unrestricted,,mean_neighbour_count,meso_district_neighbour_count_std,mean_neighbour_count,meso_district_neighbour_count_std,,,none,False,False,False,False,not_applicable,not_applicable,none,-1,-1,-1,,5,-0.11788946437471098,,,,,,,no_legal_upstream_micro_manipulation_root
primary_discovery,schelling,unrestricted_temporal_search,unrestricted,,mean_neighbour_count,move_distance_std,mean_neighbour_count,move_distance_std,,,none,False,False,False,False,not_applicable,not_applicable,none,-1,-1,-1,,2,0.14906910071388754,,,,,,,no_legal_upstream_micro_manipulation_root
primary_discovery,schelling,unrestricted_temporal_search,unrestricted,,mean_neighbour_count,moved_fraction,mean_neighbour_count,moved_fraction,,,none,False,False,False,False,not_applicable,not_applicable,none,-1,-1,-1,,2,0.09835875340299322,,,,,,,no_legal_upstream_micro_manipulation_root
primary_discovery,schelling,unrestricted_temporal_search,unrestricted,,mean_neighbour_count,quantile_25_local_similarity,mean_neighbour_count,quantile_25_local_similarity,,,none,False,False,False,False,not_applicable,not_applicable,none,-1,-1,-1,,5,-0.04177234921115935,,,,,,,no_legal_upstream_micro_manipulation_root
primary_discovery,schelling,unrestricted_temporal_search,unrestricted,,mean_neighbour_count,quantile_75_local_similarity,mean_neighbour_count,quantile_75_local_similarity,,,none,False,False,False,False,not_applicable,not_applicable,none,-1,-1,-1,,4,0.10540093790500943,,,,,,,no_legal_upstream_micro_manipulation_root
primary_discovery,schelling,unrestricted_temporal_search,unrestricted,,mean_neighbour_count,std_neighbour_count,mean_neighbour_count,std_neighbour_count,,,none,False,False,False,False,not_applicable,not_applicable,none,-1,-1,-1,,3,-0.0731532455210899,,,,,,,no_legal_upstream_micro_manipulation_root
primary_discovery,schelling,unrestricted_temporal_search,unrestricted,,mean_neighbour_count,unhappy_fraction,mean_neighbour_count,unhappy_fraction,,,none,False,False,False,False,not_applicable,not_applicable,none,-1,-1,-1,,4,-0.010627913501775998,,,,,,,no_legal_upstream_micro_manipulation_root
primary_discovery,schelling,unrestricted_temporal_search,unrestricted,moved_fraction,meso_district_boundary_fraction_std,macro_global_connected_components,meso_district_boundary_fraction_std,macro_global_connected_components,move_probability,minus,micro,True,False,True,True,no_stable_downstream_effect,no_stable_downstream_effect,upstream_mediated,0,1,1,0.0,4,0.0232254610668143,-4.0,False,False,0.30842417212350776,-0.044960343039515245,1.1998703053374757,
primary_discovery,schelling,unrestricted_temporal_search,unrestricted,moved_fraction,meso_district_boundary_fraction_std,macro_global_connected_components,meso_district_boundary_fraction_std,macro_global_connected_components,move_probability,plus,micro,True,False,True,True,no_stable_downstream_effect,no_stable_downstream_effect,upstream_mediated,0,1,1,0.0,4,0.0232254610668143,-4.0,False,False,-0.2787196878892839,0.03111264770005352,-0.33427194334221255,
primary_discovery,schelling,unrestricted_temporal_search,unrestricted,,meso_district_boundary_fraction_std,macro_global_moved_fraction,meso_district_boundary_fraction_std,macro_global_moved_fraction,,,none,False,False,False,False,not_applicable,not_applicable,none,-1,-1,-1,,4,0.17476455424322862,,,,,,,no_legal_upstream_micro_manipulation_root
primary_discovery,schelling,unrestricted_temporal_search,unrestricted,unhappy_fraction,meso_district_boundary_fraction_std,macro_global_spatial_neighbor_similarity,meso_district_boundary_fraction_std,macro_global_spatial_neighbor_similarity,tolerance,minus,micro,True,False,True,False,no_stable_downstream_effect,no_stable_downstream_effect,upstream_mediated,0,3,1,-2.0,1,0.009230663413326373,-3.0,False,False,-0.23785181381504725,0.4089136124012554,-3.340027328067182,
primary_discovery,schelling,unrestricted_temporal_search,unrestricted,unhappy_fraction,meso_district_boundary_fraction_std,macro_global_spatial_neighbor_similarity,meso_district_boundary_fraction_std,macro_global_spatial_neighbor_similarity,tolerance,plus,micro,True,True,True,False,inconclusive,inconclusive,upstream_mediated,0,35,2,-33.0,1,0.009230663413326373,-34.0,False,False,0.6810788178937784,-1.2240413481341144,1.1557030527038552,
primary_discovery,schelling,unrestricted_temporal_search,unrestricted,,meso_district_boundary_fraction_std,mean_local_similarity,meso_district_boundary_fraction_std,mean_local_similarity,,,none,False,False,False,False,not_applicable,not_applicable,none,-1,-1,-1,,4,-0.0032518349718426726,,,,,,,no_legal_upstream_micro_manipulation_root
primary_discovery,schelling,unrestricted_temporal_search,unrestricted,,meso_district_boundary_fraction_std,meso_district_local_similarity_std,meso_district_boundary_fraction_std,meso_district_local_similarity_std,,,none,False,False,False,False,not_applicable,not_applicable,none,-1,-1,-1,,5,0.09556343678859894,,,,,,,no_legal_upstream_micro_manipulation_root
primary_discovery,schelling,unrestricted_temporal_search,unrestricted,,meso_district_boundary_fraction_std,meso_district_unhappy_fraction_std,meso_district_boundary_fraction_std,meso_district_unhappy_fraction_std,,,none,False,False,False,False,not_applicable,not_applicable,none,-1,-1,-1,,3,-0.08240017086864343,,,,,,,no_legal_upstream_micro_manipulation_root
primary_discovery,schelling,unrestricted_temporal_search,unrestricted,,meso_district_boundary_fraction_std,moved_fraction,meso_district_boundary_fraction_std,moved_fraction,,,none,False,False,False,False,not_applicable,not_applicable,none,-1,-1,-1,,4,0.17476455424323162,,,,,,,no_legal_upstream_micro_manipulation_root
primary_discovery,schelling,unrestricted_temporal_search,unrestricted,,meso_district_boundary_fraction_std,quantile_25_local_similarity,meso_district_boundary_fraction_std,quantile_25_local_similarity,,,none,False,False,False,False,not_applicable,not_applicable,none,-1,-1,-1,,2,-0.07092292351046568,,,,,,,no_legal_upstream_micro_manipulation_root
primary_discovery,schelling,unrestricted_temporal_search,unrestricted,,meso_district_boundary_fraction_std,quantile_75_local_similarity,meso_district_boundary_fraction_std,quantile_75_local_similarity,,,none,False,False,False,False,not_applicable,not_applicable,none,-1,-1,-1,,4,0.11914125426123956,,,,,,,no_legal_upstream_micro_manipulation_root
primary_discovery,schelling,unrestricted_temporal_search,unrestricted,,meso_district_boundary_fraction_std,std_local_similarity,meso_district_boundary_fraction_std,std_local_similarity,,,none,False,False,False,False,not_applicable,not_applicable,none,-1,-1,-1,,4,0.013184197668966962,,,,,,,no_legal_upstream_micro_manipulation_root
primary_discovery,schelling,unrestricted_temporal_search,unrestricted,,meso_district_destination_similarity_std,boundary_fraction,meso_district_destination_similarity_std,boundary_fraction,,,none,False,False,False,False,not_applicable,not_applicable,none,-1,-1,-1,,3,0.009394209671893645,,,,,,,no_legal_upstream_micro_manipulation_root
primary_discovery,schelling,unrestricted_temporal_search,unrestricted,unhappy_fraction,meso_district_destination_similarity_std,macro_global_connected_components,meso_district_destination_similarity_std,macro_global_connected_components,tolerance,minus,micro,True,True,True,True,supported,supported,upstream_mediated,0,0,2,2.0,3,-0.006991972315343181,-1.0,True,True,-0.23785181381504725,-0.18671166881800882,1.7000771125404406,
primary_discovery,schelling,unrestricted_temporal_search,unrestricted,unhappy_fraction,meso_district_destination_similarity_std,macro_global_connected_components,meso_district_destination_similarity_std,macro_global_connected_components,tolerance,plus,micro,True,True,False,True,no_stable_downstream_effect,no_stable_downstream_effect,upstream_mediated,0,0,76,76.0,3,-0.006991972315343181,73.0,True,False,0.6810788178937784,0.46773650610488465,-0.14391455400425834,
primary_discovery,schelling,unrestricted_temporal_search,unrestricted,,meso_district_destination_similarity_std,macro_global_moved_fraction,meso_district_destination_similarity_std,macro_global_moved_fraction,,,none,False,False,False,False,not_applicable,not_applicable,none,-1,-1,-1,,4,-0.13370144190374605,,,,,,,no_legal_upstream_micro_manipulation_root
primary_discovery,schelling,unrestricted_temporal_search,unrestricted,mean_destination_similarity_movers,meso_district_destination_similarity_std,macro_global_spatial_neighbor_similarity,meso_district_destination_similarity_std,macro_global_spatial_neighbor_similarity,destination_preference,minus,micro,True,True,True,False,inconclusive,inconclusive,upstream_mediated,0,37,1,-36.0,1,0.027582068266895812,-37.0,False,False,0.2660373976867192,0.3948835471921246,-0.7595975906009652,
primary_discovery,schelling,unrestricted_temporal_search,unrestricted,mean_destination_similarity_movers,meso_district_destination_similarity_std,macro_global_spatial_neighbor_similarity,meso_district_destination_similarity_std,macro_global_spatial_neighbor_similarity,destination_preference,plus,micro,False,False,False,False,manipulation_failure,manipulation_failure,upstream_mediated,-1,-1,1,,1,0.027582068266895812,,False,,-0.03843998552837691,-0.063951601480493,0.11253615540440924,
primary_discovery,schelling,unrestricted_temporal_search,unrestricted,moved_fraction,meso_district_destination_similarity_std,macro_global_spatial_neighbor_similarity,meso_district_destination_similarity_std,macro_global_spatial_neighbor_similarity,move_probability,minus,micro,True,True,True,True,supported,supported,upstream_mediated,0,0,1,1.0,1,0.027582068266895812,0.0,False,True,0.30842417212350776,0.4006009736523353,-1.1559107811903222,
primary_discovery,schelling,unrestricted_temporal_search,unrestricted,moved_fraction,meso_district_destination_similarity_std,macro_global_spatial_neighbor_similarity,meso_district_destination_similarity_std,macro_global_spatial_neighbor_similarity,move_probability,plus,micro,True,True,True,True,supported,supported,upstream_mediated,0,0,1,1.0,1,0.027582068266895812,0.0,False,True,-0.2787196878892839,-0.31427913799125545,0.4482393507792006,
primary_discovery,schelling,unrestricted_temporal_search,unrestricted,mean_destination_similarity_movers,meso_district_destination_similarity_std,macro_global_unhappy_fraction,meso_district_destination_similarity_std,macro_global_unhappy_fraction,destination_preference,minus,micro,True,True,True,False,inconclusive,inconclusive,upstream_mediated,0,37,1,-36.0,1,-0.04674100028259759,-37.0,False,False,0.2660373976867192,0.3948835471921246,0.7223266216165585,
primary_discovery,schelling,unrestricted_temporal_search,unrestricted,mean_destination_similarity_movers,meso_district_destination_similarity_std,macro_global_unhappy_fraction,meso_district_destination_similarity_std,macro_global_unhappy_fraction,destination_preference,plus,micro,False,False,False,False,manipulation_failure,manipulation_failure,upstream_mediated,-1,-1,1,,1,-0.04674100028259759,,False,,-0.03843998552837691,-0.063951601480493,-0.1114504692614298,
primary_discovery,schelling,unrestricted_temporal_search,unrestricted,,meso_district_destination_similarity_std,mean_destination_similarity_movers,meso_district_destination_similarity_std,mean_destination_similarity_movers,,,none,False,False,False,False,not_applicable,not_applicable,none,-1,-1,-1,,3,-0.3420049856461862,,,,,,,no_legal_upstream_micro_manipulation_root
primary_discovery,schelling,unrestricted_temporal_search,unrestricted,,meso_district_destination_similarity_std,mean_local_similarity,meso_district_destination_similarity_std,mean_local_similarity,,,none,False,False,False,False,not_applicable,not_applicable,none,-1,-1,-1,,1,0.021298690098005668,,,,,,,no_legal_upstream_micro_manipulation_root
primary_discovery,schelling,unrestricted_temporal_search,unrestricted,,meso_district_destination_similarity_std,mean_move_distance,meso_district_destination_similarity_std,mean_move_distance,,,none,False,False,False,False,not_applicable,not_applicable,none,-1,-1,-1,,3,-0.18557699405003664,,,,,,,no_legal_upstream_micro_manipulation_root
primary_discovery,schelling,unrestricted_temporal_search,unrestricted,,meso_district_destination_similarity_std,mean_neighbour_count,meso_district_destination_similarity_std,mean_neighbour_count,,,none,False,False,False,False,not_applicable,not_applicable,none,-1,-1,-1,,5,-0.07616922495016505,,,,,,,no_legal_upstream_micro_manipulation_root
primary_discovery,schelling,unrestricted_temporal_search,unrestricted,,meso_district_destination_similarity_std,meso_district_boundary_fraction_std,meso_district_destination_similarity_std,meso_district_boundary_fraction_std,,,none,False,False,False,False,not_applicable,not_applicable,none,-1,-1,-1,,4,-0.11888337908722071,,,,,,,no_legal_upstream_micro_manipulation_root
primary_discovery,schelling,unrestricted_temporal_search,unrestricted,,meso_district_destination_similarity_std,meso_district_group_entropy_mean,meso_district_destination_similarity_std,meso_district_group_entropy_mean,,,none,False,False,False,False,not_applicable,not_applicable,none,-1,-1,-1,,5,0.0059747566538606205,,,,,,,no_legal_upstream_micro_manipulation_root
primary_discovery,schelling,unrestricted_temporal_search,unrestricted,,meso_district_destination_similarity_std,meso_district_local_similarity_std,meso_district_destination_similarity_std,meso_district_local_similarity_std,,,none,False,False,False,False,not_applicable,not_applicable,none,-1,-1,-1,,1,-0.10285729056083578,,,,,,,no_legal_upstream_micro_manipulation_root
primary_discovery,schelling,unrestricted_temporal_search,unrestricted,,meso_district_destination_similarity_std,meso_district_move_fraction_std,meso_district_destination_similarity_std,meso_district_move_fraction_std,,,none,False,False,False,False,not_applicable,not_applicable,none,-1,-1,-1,,5,-0.19543746951167143,,,,,,,no_legal_upstream_micro_manipulation_root
primary_discovery,schelling,unrestricted_temporal_search,unrestricted,,meso_district_destination_similarity_std,meso_district_neighbour_count_std,meso_district_destination_similarity_std,meso_district_neighbour_count_std,,,none,False,False,False,False,not_applicable,not_applicable,none,-1,-1,-1,,1,0.13968804500873988,,,,,,,no_legal_upstream_micro_manipulation_root
primary_discovery,schelling,unrestricted_temporal_search,unrestricted,,meso_district_destination_similarity_std,meso_district_unhappy_fraction_std,meso_district_destination_similarity_std,meso_district_unhappy_fraction_std,,,none,False,False,False,False,not_applicable,not_applicable,none,-1,-1,-1,,1,-0.1028765368883972,,,,,,,no_legal_upstream_micro_manipulation_root
primary_discovery,schelling,unrestricted_temporal_search,unrestricted,,meso_district_destination_similarity_std,move_distance_std,meso_district_destination_similarity_std,move_distance_std,,,none,False,False,False,False,not_applicable,not_applicable,none,-1,-1,-1,,3,-0.05631403641156622,,,,,,,no_legal_upstream_micro_manipulation_root
primary_discovery,schelling,unrestricted_temporal_search,unrestricted,,meso_district_destination_similarity_std,moved_fraction,meso_district_destination_similarity_std,moved_fraction,,,none,False,False,False,False,not_applicable,not_applicable,none,-1,-1,-1,,4,-0.13370144190374672,,,,,,,no_legal_upstream_micro_manipulation_root
primary_discovery,schelling,unrestricted_temporal_search,unrestricted,,meso_district_destination_similarity_std,quantile_25_local_similarity,meso_district_destination_similarity_std,quantile_25_local_similarity,,,none,False,False,False,False,not_applicable,not_applicable,none,-1,-1,-1,,1,0.05965686253823664,,,,,,,no_legal_upstream_micro_manipulation_root
primary_discovery,schelling,unrestricted_temporal_search,unrestricted,,meso_district_destination_similarity_std,quantile_75_local_similarity,meso_district_destination_similarity_std,quantile_75_local_similarity,,,none,False,False,False,False,not_applicable,not_applicable,none,-1,-1,-1,,2,-0.19330594531000206,,,,,,,no_legal_upstream_micro_manipulation_root
primary_discovery,schelling,unrestricted_temporal_search,unrestricted,,meso_district_destination_similarity_std,std_destination_similarity,meso_district_destination_similarity_std,std_destination_similarity,,,none,False,False,False,False,not_applicable,not_applicable,none,-1,-1,-1,,3,-0.052212468167323195,,,,,,,no_legal_upstream_micro_manipulation_root
primary_discovery,schelling,unrestricted_temporal_search,unrestricted,,meso_district_destination_similarity_std,std_local_similarity,meso_district_destination_similarity_std,std_local_similarity,,,none,False,False,False,False,not_applicable,not_applicable,none,-1,-1,-1,,4,-0.015623842515717514,,,,,,,no_legal_upstream_micro_manipulation_root
primary_discovery,schelling,unrestricted_temporal_search,unrestricted,,meso_district_destination_similarity_std,std_neighbour_count,meso_district_destination_similarity_std,std_neighbour_count,,,none,False,False,False,False,not_applicable,not_applicable,none,-1,-1,-1,,5,-0.08727499148513737,,,,,,,no_legal_upstream_micro_manipulation_root
primary_discovery,schelling,unrestricted_temporal_search,unrestricted,,meso_district_destination_similarity_std,unhappy_fraction,meso_district_destination_similarity_std,unhappy_fraction,,,none,False,False,False,False,not_applicable,not_applicable,none,-1,-1,-1,,1,-0.0467410002825987,,,,,,,no_legal_upstream_micro_manipulation_root
primary_discovery,schelling,unrestricted_temporal_search,unrestricted,,meso_district_destination_similarity_std,unhappy_local_similarity_mean,meso_district_destination_similarity_std,unhappy_local_similarity_mean,,,none,False,False,False,False,not_applicable,not_applicable,none,-1,-1,-1,,1,-0.09112009078698466,,,,,,,no_legal_upstream_micro_manipulation_root
primary_discovery,schelling,unrestricted_temporal_search,unrestricted,,meso_district_group_entropy_mean,boundary_fraction,meso_district_group_entropy_mean,boundary_fraction,,,none,False,False,False,False,not_applicable,not_applicable,none,-1,-1,-1,,2,0.046317407519725656,,,,,,,no_legal_upstream_micro_manipulation_root
primary_discovery,schelling,unrestricted_temporal_search,unrestricted,mean_destination_similarity_movers,meso_district_group_entropy_mean,macro_global_connected_components,meso_district_group_entropy_mean,macro_global_connected_components,destination_preference,minus,micro,True,False,True,False,no_stable_downstream_effect,no_stable_downstream_effect,upstream_mediated,0,7,1,-6.0,1,-0.1327410376719744,-7.0,False,False,0.2660373976867192,0.24861572300981738,0.684777040727394,
primary_discovery,schelling,unrestricted_temporal_search,unrestricted,mean_destination_similarity_movers,meso_district_group_entropy_mean,macro_global_connected_components,meso_district_group_entropy_mean,macro_global_connected_components,destination_preference,plus,micro,False,False,False,False,manipulation_failure,manipulation_failure,upstream_mediated,-1,-1,4,,1,-0.1327410376719744,,True,,-0.03843998552837691,0.08546036005427086,-0.047935120795045076,
primary_discovery,schelling,unrestricted_temporal_search,unrestricted,unhappy_fraction,meso_district_group_entropy_mean,macro_global_connected_components,meso_district_group_entropy_mean,macro_global_connected_components,tolerance,minus,micro,True,True,True,False,inconclusive,inconclusive,upstream_mediated,0,6,2,-4.0,1,-0.1327410376719744,-5.0,False,False,-0.23785181381504725,0.9600569805696164,1.7000771125404406,
primary_discovery,schelling,unrestricted_temporal_search,unrestricted,unhappy_fraction,meso_district_group_entropy_mean,macro_global_connected_components,meso_district_group_entropy_mean,macro_global_connected_components,tolerance,plus,micro,True,False,False,False,no_stable_downstream_effect,no_stable_downstream_effect,upstream_mediated,0,-1,76,,1,-0.1327410376719744,,False,,0.6810788178937784,-0.257047013783002,-0.14391455400425834,
primary_discovery,schelling,unrestricted_temporal_search,unrestricted,,meso_district_group_entropy_mean,macro_global_moved_fraction,meso_district_group_entropy_mean,macro_global_moved_fraction,,,none,False,False,False,False,not_applicable,not_applicable,none,-1,-1,-1,,5,-0.512450357380704,,,,,,,no_legal_upstream_micro_manipulation_root
primary_discovery,schelling,unrestricted_temporal_search,unrestricted,,meso_district_group_entropy_mean,macro_global_spatial_neighbor_similarity,meso_district_group_entropy_mean,macro_global_spatial_neighbor_similarity,,,none,False,False,False,False,not_applicable,not_applicable,none,-1,-1,-1,,1,0.06615802362683898,,,,,,,no_legal_upstream_micro_manipulation_root
primary_discovery,schelling,unrestricted_temporal_search,unrestricted,,meso_district_group_entropy_mean,macro_global_unhappy_fraction,meso_district_group_entropy_mean,macro_global_unhappy_fraction,,,none,False,False,False,False,not_applicable,not_applicable,none,-1,-1,-1,,2,-0.06563774043759232,,,,,,,no_legal_upstream_micro_manipulation_root
primary_discovery,schelling,unrestricted_temporal_search,unrestricted,,meso_district_group_entropy_mean,mean_local_similarity,meso_district_group_entropy_mean,mean_local_similarity,,,none,False,False,False,False,not_applicable,not_applicable,none,-1,-1,-1,,2,-0.04525459844338072,,,,,,,no_legal_upstream_micro_manipulation_root
primary_discovery,schelling,unrestricted_temporal_search,unrestricted,,meso_district_group_entropy_mean,mean_neighbour_count,meso_district_group_entropy_mean,mean_neighbour_count,,,none,False,False,False,False,not_applicable,not_applicable,none,-1,-1,-1,,2,0.27537456294375845,,,,,,,no_legal_upstream_micro_manipulation_root
primary_discovery,schelling,unrestricted_temporal_search,unrestricted,,meso_district_group_entropy_mean,meso_district_boundary_fraction_std,meso_district_group_entropy_mean,meso_district_boundary_fraction_std,,,none,False,False,False,False,not_applicable,not_applicable,none,-1,-1,-1,,1,-0.013958199040928085,,,,,,,no_legal_upstream_micro_manipulation_root
primary_discovery,schelling,unrestricted_temporal_search,unrestricted,,meso_district_group_entropy_mean,meso_district_destination_similarity_std,meso_district_group_entropy_mean,meso_district_destination_similarity_std,,,none,False,False,False,False,not_applicable,not_applicable,none,-1,-1,-1,,3,1.2123294931109811,,,,,,,no_legal_upstream_micro_manipulation_root
primary_discovery,schelling,unrestricted_temporal_search,unrestricted,,meso_district_group_entropy_mean,meso_district_local_similarity_std,meso_district_group_entropy_mean,meso_district_local_similarity_std,,,none,False,False,False,False,not_applicable,not_applicable,none,-1,-1,-1,,1,-0.016432979963653338,,,,,,,no_legal_upstream_micro_manipulation_root
primary_discovery,schelling,unrestricted_temporal_search,unrestricted,,meso_district_group_entropy_mean,meso_district_move_distance_std,meso_district_group_entropy_mean,meso_district_move_distance_std,,,none,False,False,False,False,not_applicable,not_applicable,none,-1,-1,-1,,1,0.8809501888937482,,,,,,,no_legal_upstream_micro_manipulation_root
primary_discovery,schelling,unrestricted_temporal_search,unrestricted,,meso_district_group_entropy_mean,meso_district_unhappy_fraction_std,meso_district_group_entropy_mean,meso_district_unhappy_fraction_std,,,none,False,False,False,False,not_applicable,not_applicable,none,-1,-1,-1,,1,0.6278029234641684,,,,,,,no_legal_upstream_micro_manipulation_root
primary_discovery,schelling,unrestricted_temporal_search,unrestricted,,meso_district_group_entropy_mean,move_distance_std,meso_district_group_entropy_mean,move_distance_std,,,none,False,False,False,False,not_applicable,not_applicable,none,-1,-1,-1,,1,0.8135096606266847,,,,,,,no_legal_upstream_micro_manipulation_root
primary_discovery,schelling,unrestricted_temporal_search,unrestricted,,meso_district_group_entropy_mean,moved_fraction,meso_district_group_entropy_mean,moved_fraction,,,none,False,False,False,False,not_applicable,not_applicable,none,-1,-1,-1,,5,-0.5124503573807233,,,,,,,no_legal_upstream_micro_manipulation_root
primary_discovery,schelling,unrestricted_temporal_search,unrestricted,,meso_district_group_entropy_mean,std_neighbour_count,meso_district_group_entropy_mean,std_neighbour_count,,,none,False,False,False,False,not_applicable,not_applicable,none,-1,-1,-1,,2,0.3753364393702354,,,,,,,no_legal_upstream_micro_manipulation_root
primary_discovery,schelling,unrestricted_temporal_search,unrestricted,,meso_district_group_entropy_mean,unhappy_fraction,meso_district_group_entropy_mean,unhappy_fraction,,,none,False,False,False,False,not_applicable,not_applicable,none,-1,-1,-1,,2,-0.06563774043757946,,,,,,,no_legal_upstream_micro_manipulation_root
primary_discovery,schelling,unrestricted_temporal_search,unrestricted,,meso_district_local_similarity_std,macro_global_connected_components,meso_district_local_similarity_std,macro_global_connected_components,,,none,False,False,False,False,not_applicable,not_applicable,none,-1,-1,-1,,3,0.022295345979847753,,,,,,,no_legal_upstream_micro_manipulation_root
primary_discovery,schelling,unrestricted_temporal_search,unrestricted,,meso_district_local_similarity_std,macro_global_moved_fraction,meso_district_local_similarity_std,macro_global_moved_fraction,,,none,False,False,False,False,not_applicable,not_applicable,none,-1,-1,-1,,3,-0.1260319131245936,,,,,,,no_legal_upstream_micro_manipulation_root
primary_discovery,schelling,unrestricted_temporal_search,unrestricted,,meso_district_local_similarity_std,macro_global_unhappy_fraction,meso_district_local_similarity_std,macro_global_unhappy_fraction,,,none,False,False,False,False,not_applicable,not_applicable,none,-1,-1,-1,,5,0.006473469265395562,,,,,,,no_legal_upstream_micro_manipulation_root
primary_discovery,schelling,unrestricted_temporal_search,unrestricted,,meso_district_local_similarity_std,mean_neighbour_count,meso_district_local_similarity_std,mean_neighbour_count,,,none,False,False,False,False,not_applicable,not_applicable,none,-1,-1,-1,,5,0.020627604008436967,,,,,,,no_legal_upstream_micro_manipulation_root
primary_discovery,schelling,unrestricted_temporal_search,unrestricted,,meso_district_local_similarity_std,meso_district_group_entropy_mean,meso_district_local_similarity_std,meso_district_group_entropy_mean,,,none,False,False,False,False,not_applicable,not_applicable,none,-1,-1,-1,,2,0.0028503857173487737,,,,,,,no_legal_upstream_micro_manipulation_root
primary_discovery,schelling,unrestricted_temporal_search,unrestricted,,meso_district_local_similarity_std,meso_district_move_distance_std,meso_district_local_similarity_std,meso_district_move_distance_std,,,none,False,False,False,False,not_applicable,not_applicable,none,-1,-1,-1,,3,-0.14888275464322048,,,,,,,no_legal_upstream_micro_manipulation_root
primary_discovery,schelling,unrestricted_temporal_search,unrestricted,,meso_district_local_similarity_std,meso_district_neighbour_count_std,meso_district_local_similarity_std,meso_district_neighbour_count_std,,,none,False,False,False,False,not_applicable,not_applicable,none,-1,-1,-1,,4,-0.08907905994185772,,,,,,,no_legal_upstream_micro_manipulation_root
primary_discovery,schelling,unrestricted_temporal_search,unrestricted,,meso_district_local_similarity_std,meso_district_unhappy_fraction_std,meso_district_local_similarity_std,meso_district_unhappy_fraction_std,,,none,False,False,False,False,not_applicable,not_applicable,none,-1,-1,-1,,1,0.11540468749122978,,,,,,,no_legal_upstream_micro_manipulation_root
primary_discovery,schelling,unrestricted_temporal_search,unrestricted,,meso_district_local_similarity_std,move_distance_std,meso_district_local_similarity_std,move_distance_std,,,none,False,False,False,False,not_applicable,not_applicable,none,-1,-1,-1,,5,-0.0488215912748953,,,,,,,no_legal_upstream_micro_manipulation_root
primary_discovery,schelling,unrestricted_temporal_search,unrestricted,,meso_district_local_similarity_std,moved_fraction,meso_district_local_similarity_std,moved_fraction,,,none,False,False,False,False,not_applicable,not_applicable,none,-1,-1,-1,,3,-0.12603191312459344,,,,,,,no_legal_upstream_micro_manipulation_root
primary_discovery,schelling,unrestricted_temporal_search,unrestricted,,meso_district_local_similarity_std,quantile_25_local_similarity,meso_district_local_similarity_std,quantile_25_local_similarity,,,none,False,False,False,False,not_applicable,not_applicable,none,-1,-1,-1,,2,0.07229596535634622,,,,,,,no_legal_upstream_micro_manipulation_root
primary_discovery,schelling,unrestricted_temporal_search,unrestricted,,meso_district_local_similarity_std,quantile_75_local_similarity,meso_district_local_similarity_std,quantile_75_local_similarity,,,none,False,False,False,False,not_applicable,not_applicable,none,-1,-1,-1,,3,0.15518546472058378,,,,,,,no_legal_upstream_micro_manipulation_root
primary_discovery,schelling,unrestricted_temporal_search,unrestricted,,meso_district_local_similarity_std,std_local_similarity,meso_district_local_similarity_std,std_local_similarity,,,none,False,False,False,False,not_applicable,not_applicable,none,-1,-1,-1,,1,-0.01090667173530411,,,,,,,no_legal_upstream_micro_manipulation_root
primary_discovery,schelling,unrestricted_temporal_search,unrestricted,,meso_district_local_similarity_std,std_neighbour_count,meso_district_local_similarity_std,std_neighbour_count,,,none,False,False,False,False,not_applicable,not_applicable,none,-1,-1,-1,,2,0.06754986290332798,,,,,,,no_legal_upstream_micro_manipulation_root
primary_discovery,schelling,unrestricted_temporal_search,unrestricted,,meso_district_local_similarity_std,unhappy_fraction,meso_district_local_similarity_std,unhappy_fraction,,,none,False,False,False,False,not_applicable,not_applicable,none,-1,-1,-1,,5,0.006473469265396242,,,,,,,no_legal_upstream_micro_manipulation_root
primary_discovery,schelling,unrestricted_temporal_search,unrestricted,,meso_district_move_distance_std,boundary_fraction,meso_district_move_distance_std,boundary_fraction,,,none,False,False,False,False,not_applicable,not_applicable,none,-1,-1,-1,,3,0.013773092179497466,,,,,,,no_legal_upstream_micro_manipulation_root
primary_discovery,schelling,unrestricted_temporal_search,unrestricted,mean_destination_similarity_movers,meso_district_move_distance_std,macro_global_connected_components,meso_district_move_distance_std,macro_global_connected_components,destination_preference,minus,micro,True,True,True,False,inconclusive,inconclusive,upstream_mediated,0,11,1,-10.0,5,0.018351421877388592,-15.0,True,False,0.2660373976867192,0.5645883599485648,0.684777040727394,
primary_discovery,schelling,unrestricted_temporal_search,unrestricted,mean_destination_similarity_movers,meso_district_move_distance_std,macro_global_connected_components,meso_district_move_distance_std,macro_global_connected_components,destination_preference,plus,micro,False,False,False,False,manipulation_failure,manipulation_failure,upstream_mediated,-1,-1,4,,5,0.018351421877388592,,True,,-0.03843998552837691,-0.09032910133874371,-0.047935120795045076,
primary_discovery,schelling,unrestricted_temporal_search,unrestricted,,meso_district_move_distance_std,macro_global_moved_fraction,meso_district_move_distance_std,macro_global_moved_fraction,,,none,False,False,False,False,not_applicable,not_applicable,none,-1,-1,-1,,2,0.0920681975625742,,,,,,,no_legal_upstream_micro_manipulation_root
primary_discovery,schelling,unrestricted_temporal_search,unrestricted,,meso_district_move_distance_std,macro_global_spatial_neighbor_similarity,meso_district_move_distance_std,macro_global_spatial_neighbor_similarity,,,none,False,False,False,False,not_applicable,not_applicable,none,-1,-1,-1,,1,0.010506789923217026,,,,,,,no_legal_upstream_micro_manipulation_root
primary_discovery,schelling,unrestricted_temporal_search,unrestricted,,meso_district_move_distance_std,macro_global_unhappy_fraction,meso_district_move_distance_std,macro_global_unhappy_fraction,,,none,False,False,False,False,not_applicable,not_applicable,none,-1,-1,-1,,1,-0.012197475070122754,,,,,,,no_legal_upstream_micro_manipulation_root
primary_discovery,schelling,unrestricted_temporal_search,unrestricted,,meso_district_move_distance_std,mean_local_similarity,meso_district_move_distance_std,mean_local_similarity,,,none,False,False,False,False,not_applicable,not_applicable,none,-1,-1,-1,,1,0.011735379906932072,,,,,,,no_legal_upstream_micro_manipulation_root
primary_discovery,schelling,unrestricted_temporal_search,unrestricted,,meso_district_move_distance_std,mean_neighbour_count,meso_district_move_distance_std,mean_neighbour_count,,,none,False,False,False,False,not_applicable,not_applicable,none,-1,-1,-1,,1,0.06069746083642523,,,,,,,no_legal_upstream_micro_manipulation_root
primary_discovery,schelling,unrestricted_temporal_search,unrestricted,,meso_district_move_distance_std,meso_district_boundary_fraction_std,meso_district_move_distance_std,meso_district_boundary_fraction_std,,,none,False,False,False,False,not_applicable,not_applicable,none,-1,-1,-1,,4,0.10561651669359284,,,,,,,no_legal_upstream_micro_manipulation_root
primary_discovery,schelling,unrestricted_temporal_search,unrestricted,,meso_district_move_distance_std,meso_district_destination_similarity_std,meso_district_move_distance_std,meso_district_destination_similarity_std,,,none,False,False,False,False,not_applicable,not_applicable,none,-1,-1,-1,,1,-0.2708874606054513,,,,,,,no_legal_upstream_micro_manipulation_root
primary_discovery,schelling,unrestricted_temporal_search,unrestricted,,meso_district_move_distance_std,meso_district_group_entropy_mean,meso_district_move_distance_std,meso_district_group_entropy_mean,,,none,False,False,False,False,not_applicable,not_applicable,none,-1,-1,-1,,1,-0.01289356851045335,,,,,,,no_legal_upstream_micro_manipulation_root
primary_discovery,schelling,unrestricted_temporal_search,unrestricted,,meso_district_move_distance_std,meso_district_local_similarity_std,meso_district_move_distance_std,meso_district_local_similarity_std,,,none,False,False,False,False,not_applicable,not_applicable,none,-1,-1,-1,,4,0.07185796016021678,,,,,,,no_legal_upstream_micro_manipulation_root
primary_discovery,schelling,unrestricted_temporal_search,unrestricted,,meso_district_move_distance_std,meso_district_move_fraction_std,meso_district_move_distance_std,meso_district_move_fraction_std,,,none,False,False,False,False,not_applicable,not_applicable,none,-1,-1,-1,,1,-0.2929176288148971,,,,,,,no_legal_upstream_micro_manipulation_root
primary_discovery,schelling,unrestricted_temporal_search,unrestricted,,meso_district_move_distance_std,meso_district_neighbour_count_std,meso_district_move_distance_std,meso_district_neighbour_count_std,,,none,False,False,False,False,not_applicable,not_applicable,none,-1,-1,-1,,5,0.0977526695767389,,,,,,,no_legal_upstream_micro_manipulation_root
primary_discovery,schelling,unrestricted_temporal_search,unrestricted,,meso_district_move_distance_std,meso_district_unhappy_fraction_std,meso_district_move_distance_std,meso_district_unhappy_fraction_std,,,none,False,False,False,False,not_applicable,not_applicable,none,-1,-1,-1,,3,0.101479247050621,,,,,,,no_legal_upstream_micro_manipulation_root
primary_discovery,schelling,unrestricted_temporal_search,unrestricted,,meso_district_move_distance_std,move_distance_std,meso_district_move_distance_std,move_distance_std,,,none,False,False,False,False,not_applicable,not_applicable,none,-1,-1,-1,,1,-0.20676020308683488,,,,,,,no_legal_upstream_micro_manipulation_root
primary_discovery,schelling,unrestricted_temporal_search,unrestricted,,meso_district_move_distance_std,moved_fraction,meso_district_move_distance_std,moved_fraction,,,none,False,False,False,False,not_applicable,not_applicable,none,-1,-1,-1,,2,0.09206819756257528,,,,,,,no_legal_upstream_micro_manipulation_root
primary_discovery,schelling,unrestricted_temporal_search,unrestricted,,meso_district_move_distance_std,quantile_25_local_similarity,meso_district_move_distance_std,quantile_25_local_similarity,,,none,False,False,False,False,not_applicable,not_applicable,none,-1,-1,-1,,4,0.0585738145408725,,,,,,,no_legal_upstream_micro_manipulation_root
primary_discovery,schelling,unrestricted_temporal_search,unrestricted,,meso_district_move_distance_std,quantile_75_local_similarity,meso_district_move_distance_std,quantile_75_local_similarity,,,none,False,False,False,False,not_applicable,not_applicable,none,-1,-1,-1,,2,0.2753278085927911,,,,,,,no_legal_upstream_micro_manipulation_root
primary_discovery,schelling,unrestricted_temporal_search,unrestricted,,meso_district_move_distance_std,std_destination_similarity,meso_district_move_distance_std,std_destination_similarity,,,none,False,False,False,False,not_applicable,not_applicable,none,-1,-1,-1,,1,-0.13641832138770557,,,,,,,no_legal_upstream_micro_manipulation_root
primary_discovery,schelling,unrestricted_temporal_search,unrestricted,,meso_district_move_distance_std,std_local_similarity,meso_district_move_distance_std,std_local_similarity,,,none,False,False,False,False,not_applicable,not_applicable,none,-1,-1,-1,,3,0.004918959399072428,,,,,,,no_legal_upstream_micro_manipulation_root
primary_discovery,schelling,unrestricted_temporal_search,unrestricted,,meso_district_move_distance_std,std_neighbour_count,meso_district_move_distance_std,std_neighbour_count,,,none,False,False,False,False,not_applicable,not_applicable,none,-1,-1,-1,,5,0.04567314437995368,,,,,,,no_legal_upstream_micro_manipulation_root
primary_discovery,schelling,unrestricted_temporal_search,unrestricted,,meso_district_move_distance_std,unhappy_fraction,meso_district_move_distance_std,unhappy_fraction,,,none,False,False,False,False,not_applicable,not_applicable,none,-1,-1,-1,,1,-0.012197475070120839,,,,,,,no_legal_upstream_micro_manipulation_root
primary_discovery,schelling,unrestricted_temporal_search,unrestricted,,meso_district_move_fraction_std,boundary_fraction,meso_district_move_fraction_std,boundary_fraction,,,none,False,False,False,False,not_applicable,not_applicable,none,-1,-1,-1,,1,0.018857702073873217,,,,,,,no_legal_upstream_micro_manipulation_root
primary_discovery,schelling,unrestricted_temporal_search,unrestricted,,meso_district_move_fraction_std,macro_global_connected_components,meso_district_move_fraction_std,macro_global_connected_components,,,none,False,False,False,False,not_applicable,not_applicable,none,-1,-1,-1,,5,-0.018733577555579445,,,,,,,no_legal_upstream_micro_manipulation_root
primary_discovery,schelling,unrestricted_temporal_search,unrestricted,relocation_response_fraction,meso_district_move_fraction_std,macro_global_moved_fraction,meso_district_move_fraction_std,macro_global_moved_fraction,move_probability,minus,micro,False,True,True,True,manipulation_failure,manipulation_failure,upstream_mediated,0,0,0,0.0,4,0.16658960871751438,-4.0,True,False,-0.05465641994604637,0.4231921988102642,0.30842417212350776,
primary_discovery,schelling,unrestricted_temporal_search,unrestricted,relocation_response_fraction,meso_district_move_fraction_std,macro_global_moved_fraction,meso_district_move_fraction_std,macro_global_moved_fraction,move_probability,plus,micro,False,True,True,True,manipulation_failure,manipulation_failure,upstream_mediated,0,0,0,0.0,4,0.16658960871751438,-4.0,True,False,-0.055605059281195156,-0.3189939138418262,-0.2787196878892839,
primary_discovery,schelling,unrestricted_temporal_search,unrestricted,unhappy_fraction,meso_district_move_fraction_std,macro_global_moved_fraction,meso_district_move_fraction_std,macro_global_moved_fraction,tolerance,minus,micro,True,True,True,True,supported,supported,upstream_mediated,0,0,0,0.0,4,0.16658960871751438,-4.0,True,False,-0.23785181381504725,-0.20940930647534917,-0.2113304102235822,
primary_discovery,schelling,unrestricted_temporal_search,unrestricted,unhappy_fraction,meso_district_move_fraction_std,macro_global_moved_fraction,meso_district_move_fraction_std,macro_global_moved_fraction,tolerance,plus,micro,True,True,True,True,supported,supported,upstream_mediated,0,0,0,0.0,4,0.16658960871751438,-4.0,True,False,0.6810788178937784,0.5241375378923637,0.5992621073123257,
primary_discovery,schelling,unrestricted_temporal_search,unrestricted,unhappy_fraction,meso_district_move_fraction_std,macro_global_spatial_neighbor_similarity,meso_district_move_fraction_std,macro_global_spatial_neighbor_similarity,tolerance,minus,micro,True,True,True,True,supported,supported,upstream_mediated,0,0,1,1.0,1,-0.04139752581520512,0.0,False,True,-0.23785181381504725,-0.20940930647534917,-3.340027328067182,
primary_discovery,schelling,unrestricted_temporal_search,unrestricted,unhappy_fraction,meso_district_move_fraction_std,macro_global_spatial_neighbor_similarity,meso_district_move_fraction_std,macro_global_spatial_neighbor_similarity,tolerance,plus,micro,True,True,True,True,supported,supported,upstream_mediated,0,0,2,2.0,1,-0.04139752581520512,1.0,False,True,0.6810788178937784,0.5241375378923637,1.1557030527038552,
primary_discovery,schelling,unrestricted_temporal_search,unrestricted,,meso_district_move_fraction_std,macro_global_unhappy_fraction,meso_district_move_fraction_std,macro_global_unhappy_fraction,,,none,False,False,False,False,not_applicable,not_applicable,none,-1,-1,-1,,1,0.05486106242242576,,,,,,,no_legal_upstream_micro_manipulation_root
primary_discovery,schelling,unrestricted_temporal_search,unrestricted,,meso_district_move_fraction_std,mean_destination_similarity_movers,meso_district_move_fraction_std,mean_destination_similarity_movers,,,none,False,False,False,False,not_applicable,not_applicable,none,-1,-1,-1,,3,0.3185281228780546,,,,,,,no_legal_upstream_micro_manipulation_root
primary_discovery,schelling,unrestricted_temporal_search,unrestricted,,meso_district_move_fraction_std,mean_local_similarity,meso_district_move_fraction_std,mean_local_similarity,,,none,False,False,False,False,not_applicable,not_applicable,none,-1,-1,-1,,1,-0.03875260326561962,,,,,,,no_legal_upstream_micro_manipulation_root
primary_discovery,schelling,unrestricted_temporal_search,unrestricted,,meso_district_move_fraction_std,mean_move_distance,meso_district_move_fraction_std,mean_move_distance,,,none,False,False,False,False,not_applicable,not_applicable,none,-1,-1,-1,,3,0.21303081101023483,,,,,,,no_legal_upstream_micro_manipulation_root
primary_discovery,schelling,unrestricted_temporal_search,unrestricted,,meso_district_move_fraction_std,mean_neighbour_count,meso_district_move_fraction_std,mean_neighbour_count,,,none,False,False,False,False,not_applicable,not_applicable,none,-1,-1,-1,,3,-0.05605744107215416,,,,,,,no_legal_upstream_micro_manipulation_root
primary_discovery,schelling,unrestricted_temporal_search,unrestricted,,meso_district_move_fraction_std,meso_district_boundary_fraction_std,meso_district_move_fraction_std,meso_district_boundary_fraction_std,,,none,False,False,False,False,not_applicable,not_applicable,none,-1,-1,-1,,3,-0.11938612682200582,,,,,,,no_legal_upstream_micro_manipulation_root
primary_discovery,schelling,unrestricted_temporal_search,unrestricted,,meso_district_move_fraction_std,meso_district_destination_similarity_std,meso_district_move_fraction_std,meso_district_destination_similarity_std,,,none,False,False,False,False,not_applicable,not_applicable,none,-1,-1,-1,,1,0.19475639602085548,,,,,,,no_legal_upstream_micro_manipulation_root
primary_discovery,schelling,unrestricted_temporal_search,unrestricted,,meso_district_move_fraction_std,meso_district_group_entropy_mean,meso_district_move_fraction_std,meso_district_group_entropy_mean,,,none,False,False,False,False,not_applicable,not_applicable,none,-1,-1,-1,,1,0.011920350990742401,,,,,,,no_legal_upstream_micro_manipulation_root
primary_discovery,schelling,unrestricted_temporal_search,unrestricted,,meso_district_move_fraction_std,meso_district_local_similarity_std,meso_district_move_fraction_std,meso_district_local_similarity_std,,,none,False,False,False,False,not_applicable,not_applicable,none,-1,-1,-1,,3,-0.11858113767484435,,,,,,,no_legal_upstream_micro_manipulation_root
primary_discovery,schelling,unrestricted_temporal_search,unrestricted,,meso_district_move_fraction_std,meso_district_move_distance_std,meso_district_move_fraction_std,meso_district_move_distance_std,,,none,False,False,False,False,not_applicable,not_applicable,none,-1,-1,-1,,1,0.15851681250529517,,,,,,,no_legal_upstream_micro_manipulation_root
primary_discovery,schelling,unrestricted_temporal_search,unrestricted,,meso_district_move_fraction_std,meso_district_unhappy_fraction_std,meso_district_move_fraction_std,meso_district_unhappy_fraction_std,,,none,False,False,False,False,not_applicable,not_applicable,none,-1,-1,-1,,2,-0.10371300461605587,,,,,,,no_legal_upstream_micro_manipulation_root
primary_discovery,schelling,unrestricted_temporal_search,unrestricted,,meso_district_move_fraction_std,move_distance_std,meso_district_move_fraction_std,move_distance_std,,,none,False,False,False,False,not_applicable,not_applicable,none,-1,-1,-1,,1,0.22354926160637253,,,,,,,no_legal_upstream_micro_manipulation_root
primary_discovery,schelling,unrestricted_temporal_search,unrestricted,,meso_district_move_fraction_std,moved_fraction,meso_district_move_fraction_std,moved_fraction,,,none,False,False,False,False,not_applicable,not_applicable,none,-1,-1,-1,,4,0.1665896087175145,,,,,,,no_legal_upstream_micro_manipulation_root
primary_discovery,schelling,unrestricted_temporal_search,unrestricted,,meso_district_move_fraction_std,quantile_25_local_similarity,meso_district_move_fraction_std,quantile_25_local_similarity,,,none,False,False,False,False,not_applicable,not_applicable,none,-1,-1,-1,,1,-0.061537354988222576,,,,,,,no_legal_upstream_micro_manipulation_root
primary_discovery,schelling,unrestricted_temporal_search,unrestricted,,meso_district_move_fraction_std,quantile_75_local_similarity,meso_district_move_fraction_std,quantile_75_local_similarity,,,none,False,False,False,False,not_applicable,not_applicable,none,-1,-1,-1,,1,-0.08892884009596014,,,,,,,no_legal_upstream_micro_manipulation_root
primary_discovery,schelling,unrestricted_temporal_search,unrestricted,,meso_district_move_fraction_std,std_destination_similarity,meso_district_move_fraction_std,std_destination_similarity,,,none,False,False,False,False,not_applicable,not_applicable,none,-1,-1,-1,,1,0.17344276487290922,,,,,,,no_legal_upstream_micro_manipulation_root
primary_discovery,schelling,unrestricted_temporal_search,unrestricted,,meso_district_move_fraction_std,std_local_similarity,meso_district_move_fraction_std,std_local_similarity,,,none,False,False,False,False,not_applicable,not_applicable,none,-1,-1,-1,,4,0.009818632305095203,,,,,,,no_legal_upstream_micro_manipulation_root
primary_discovery,schelling,unrestricted_temporal_search,unrestricted,,meso_district_move_fraction_std,std_neighbour_count,meso_district_move_fraction_std,std_neighbour_count,,,none,False,False,False,False,not_applicable,not_applicable,none,-1,-1,-1,,4,0.09116344254675768,,,,,,,no_legal_upstream_micro_manipulation_root
primary_discovery,schelling,unrestricted_temporal_search,unrestricted,,meso_district_move_fraction_std,unhappy_fraction,meso_district_move_fraction_std,unhappy_fraction,,,none,False,False,False,False,not_applicable,not_applicable,none,-1,-1,-1,,1,0.05486106242242536,,,,,,,no_legal_upstream_micro_manipulation_root
primary_discovery,schelling,unrestricted_temporal_search,unrestricted,,meso_district_move_fraction_std,unhappy_local_similarity_mean,meso_district_move_fraction_std,unhappy_local_similarity_mean,,,none,False,False,False,False,not_applicable,not_applicable,none,-1,-1,-1,,1,0.10683264757003823,,,,,,,no_legal_upstream_micro_manipulation_root
primary_discovery,schelling,unrestricted_temporal_search,unrestricted,,meso_district_neighbour_count_std,boundary_fraction,meso_district_neighbour_count_std,boundary_fraction,,,none,False,False,False,False,not_applicable,not_applicable,none,-1,-1,-1,,1,-0.006244646050032977,,,,,,,no_legal_upstream_micro_manipulation_root
primary_discovery,schelling,unrestricted_temporal_search,unrestricted,,meso_district_neighbour_count_std,macro_global_connected_components,meso_district_neighbour_count_std,macro_global_connected_components,,,none,False,False,False,False,not_applicable,not_applicable,none,-1,-1,-1,,5,-0.011865890089157234,,,,,,,no_legal_upstream_micro_manipulation_root
primary_discovery,schelling,unrestricted_temporal_search,unrestricted,,meso_district_neighbour_count_std,macro_global_moved_fraction,meso_district_neighbour_count_std,macro_global_moved_fraction,,,none,False,False,False,False,not_applicable,not_applicable,none,-1,-1,-1,,3,-0.11807830394766444,,,,,,,no_legal_upstream_micro_manipulation_root
primary_discovery,schelling,unrestricted_temporal_search,unrestricted,,meso_district_neighbour_count_std,macro_global_spatial_neighbor_similarity,meso_district_neighbour_count_std,macro_global_spatial_neighbor_similarity,,,none,False,False,False,False,not_applicable,not_applicable,none,-1,-1,-1,,3,-0.008437646670821038,,,,,,,no_legal_upstream_micro_manipulation_root
primary_discovery,schelling,unrestricted_temporal_search,unrestricted,moved_fraction,meso_district_neighbour_count_std,macro_global_unhappy_fraction,meso_district_neighbour_count_std,macro_global_unhappy_fraction,move_probability,minus,micro,True,False,True,False,no_stable_downstream_effect,no_stable_downstream_effect,upstream_mediated,0,-1,1,,3,0.0016788480611261564,,False,,0.30842417212350776,-0.1922588241183484,1.1792087584621544,
primary_discovery,schelling,unrestricted_temporal_search,unrestricted,moved_fraction,meso_district_neighbour_count_std,macro_global_unhappy_fraction,meso_district_neighbour_count_std,macro_global_unhappy_fraction,move_probability,plus,micro,True,False,True,False,no_stable_downstream_effect,no_stable_downstream_effect,upstream_mediated,0,-1,1,,3,0.0016788480611261564,,False,,-0.2787196878892839,0.016940554406914873,-0.4198371902882867,
primary_discovery,schelling,unrestricted_temporal_search,unrestricted,,meso_district_neighbour_count_std,mean_local_similarity,meso_district_neighbour_count_std,mean_local_similarity,,,none,False,False,False,False,not_applicable,not_applicable,none,-1,-1,-1,,1,0.004381201503901179,,,,,,,no_legal_upstream_micro_manipulation_root
primary_discovery,schelling,unrestricted_temporal_search,unrestricted,,meso_district_neighbour_count_std,mean_neighbour_count,meso_district_neighbour_count_std,mean_neighbour_count,,,none,False,False,False,False,not_applicable,not_applicable,none,-1,-1,-1,,5,0.036661238430059306,,,,,,,no_legal_upstream_micro_manipulation_root
primary_discovery,schelling,unrestricted_temporal_search,unrestricted,,meso_district_neighbour_count_std,meso_district_boundary_fraction_std,meso_district_neighbour_count_std,meso_district_boundary_fraction_std,,,none,False,False,False,False,not_applicable,not_applicable,none,-1,-1,-1,,2,0.06134187871260763,,,,,,,no_legal_upstream_micro_manipulation_root
primary_discovery,schelling,unrestricted_temporal_search,unrestricted,,meso_district_neighbour_count_std,meso_district_group_entropy_mean,meso_district_neighbour_count_std,meso_district_group_entropy_mean,,,none,False,False,False,False,not_applicable,not_applicable,none,-1,-1,-1,,1,-0.004222566678622197,,,,,,,no_legal_upstream_micro_manipulation_root
primary_discovery,schelling,unrestricted_temporal_search,unrestricted,,meso_district_neighbour_count_std,meso_district_local_similarity_std,meso_district_neighbour_count_std,meso_district_local_similarity_std,,,none,False,False,False,False,not_applicable,not_applicable,none,-1,-1,-1,,4,0.10085556936551629,,,,,,,no_legal_upstream_micro_manipulation_root
primary_discovery,schelling,unrestricted_temporal_search,unrestricted,,meso_district_neighbour_count_std,meso_district_move_distance_std,meso_district_neighbour_count_std,meso_district_move_distance_std,,,none,False,False,False,False,not_applicable,not_applicable,none,-1,-1,-1,,3,-0.1287932325140023,,,,,,,no_legal_upstream_micro_manipulation_root
primary_discovery,schelling,unrestricted_temporal_search,unrestricted,,meso_district_neighbour_count_std,meso_district_move_fraction_std,meso_district_neighbour_count_std,meso_district_move_fraction_std,,,none,False,False,False,False,not_applicable,not_applicable,none,-1,-1,-1,,2,0.09916800765619171,,,,,,,no_legal_upstream_micro_manipulation_root
primary_discovery,schelling,unrestricted_temporal_search,unrestricted,,meso_district_neighbour_count_std,meso_district_unhappy_fraction_std,meso_district_neighbour_count_std,meso_district_unhappy_fraction_std,,,none,False,False,False,False,not_applicable,not_applicable,none,-1,-1,-1,,4,0.054108496152596275,,,,,,,no_legal_upstream_micro_manipulation_root
primary_discovery,schelling,unrestricted_temporal_search,unrestricted,,meso_district_neighbour_count_std,moved_fraction,meso_district_neighbour_count_std,moved_fraction,,,none,False,False,False,False,not_applicable,not_applicable,none,-1,-1,-1,,3,-0.11807830394766566,,,,,,,no_legal_upstream_micro_manipulation_root
primary_discovery,schelling,unrestricted_temporal_search,unrestricted,,meso_district_neighbour_count_std,quantile_25_local_similarity,meso_district_neighbour_count_std,quantile_25_local_similarity,,,none,False,False,False,False,not_applicable,not_applicable,none,-1,-1,-1,,4,-0.035272096592888005,,,,,,,no_legal_upstream_micro_manipulation_root
primary_discovery,schelling,unrestricted_temporal_search,unrestricted,,meso_district_neighbour_count_std,quantile_75_local_similarity,meso_district_neighbour_count_std,quantile_75_local_similarity,,,none,False,False,False,False,not_applicable,not_applicable,none,-1,-1,-1,,2,-0.1500584855993342,,,,,,,no_legal_upstream_micro_manipulation_root
primary_discovery,schelling,unrestricted_temporal_search,unrestricted,,meso_district_neighbour_count_std,std_neighbour_count,meso_district_neighbour_count_std,std_neighbour_count,,,none,False,False,False,False,not_applicable,not_applicable,none,-1,-1,-1,,1,-0.033289765080154465,,,,,,,no_legal_upstream_micro_manipulation_root
primary_discovery,schelling,unrestricted_temporal_search,unrestricted,,meso_district_neighbour_count_std,unhappy_fraction,meso_district_neighbour_count_std,unhappy_fraction,,,none,False,False,False,False,not_applicable,not_applicable,none,-1,-1,-1,,3,0.0016788480611261147,,,,,,,no_legal_upstream_micro_manipulation_root
primary_discovery,schelling,unrestricted_temporal_search,unrestricted,,meso_district_unhappy_fraction_std,boundary_fraction,meso_district_unhappy_fraction_std,boundary_fraction,,,none,False,False,False,False,not_applicable,not_applicable,none,-1,-1,-1,,3,0.009284328268646842,,,,,,,no_legal_upstream_micro_manipulation_root
primary_discovery,schelling,unrestricted_temporal_search,unrestricted,unhappy_fraction,meso_district_unhappy_fraction_std,macro_global_connected_components,meso_district_unhappy_fraction_std,macro_global_connected_components,tolerance,minus,micro,True,True,True,True,supported,supported,upstream_mediated,0,0,2,2.0,2,-0.024020154155340923,0.0,True,True,-0.23785181381504725,-0.27014684098114866,1.7000771125404406,
primary_discovery,schelling,unrestricted_temporal_search,unrestricted,unhappy_fraction,meso_district_unhappy_fraction_std,macro_global_connected_components,meso_district_unhappy_fraction_std,macro_global_connected_components,tolerance,plus,micro,True,True,False,True,no_stable_downstream_effect,no_stable_downstream_effect,upstream_mediated,0,2,76,74.0,2,-0.024020154155340923,72.0,True,False,0.6810788178937784,0.820703867837433,-0.14391455400425834,
primary_discovery,schelling,unrestricted_temporal_search,unrestricted,,meso_district_unhappy_fraction_std,macro_global_moved_fraction,meso_district_unhappy_fraction_std,macro_global_moved_fraction,,,none,False,False,False,False,not_applicable,not_applicable,none,-1,-1,-1,,4,0.07851504556584582,,,,,,,no_legal_upstream_micro_manipulation_root
primary_discovery,schelling,unrestricted_temporal_search,unrestricted,,meso_district_unhappy_fraction_std,macro_global_spatial_neighbor_similarity,meso_district_unhappy_fraction_std,macro_global_spatial_neighbor_similarity,,,none,False,False,False,False,not_applicable,not_applicable,none,-1,-1,-1,,1,-0.010548267188093707,,,,,,,no_legal_upstream_micro_manipulation_root
primary_discovery,schelling,unrestricted_temporal_search,unrestricted,relocation_response_fraction,meso_district_unhappy_fraction_std,macro_global_unhappy_fraction,meso_district_unhappy_fraction_std,macro_global_unhappy_fraction,move_probability,minus,micro,False,True,True,False,manipulation_failure,manipulation_failure,upstream_mediated,0,15,1,-14.0,4,0.00498840790759561,-18.0,True,False,-0.05465641994604637,1.0294166904980138,1.1792087584621544,
primary_discovery,schelling,unrestricted_temporal_search,unrestricted,relocation_response_fraction,meso_district_unhappy_fraction_std,macro_global_unhappy_fraction,meso_district_unhappy_fraction_std,macro_global_unhappy_fraction,move_probability,plus,micro,False,True,True,False,manipulation_failure,manipulation_failure,upstream_mediated,0,3,1,-2.0,4,0.00498840790759561,-6.0,True,False,-0.055605059281195156,-0.5426825555518751,-0.4198371902882867,
primary_discovery,schelling,unrestricted_temporal_search,unrestricted,,meso_district_unhappy_fraction_std,mean_local_similarity,meso_district_unhappy_fraction_std,mean_local_similarity,,,none,False,False,False,False,not_applicable,not_applicable,none,-1,-1,-1,,3,-0.008029854033357006,,,,,,,no_legal_upstream_micro_manipulation_root
primary_discovery,schelling,unrestricted_temporal_search,unrestricted,,meso_district_unhappy_fraction_std,mean_move_distance,meso_district_unhappy_fraction_std,mean_move_distance,,,none,False,False,False,False,not_applicable,not_applicable,none,-1,-1,-1,,1,0.24493147676815816,,,,,,,no_legal_upstream_micro_manipulation_root
primary_discovery,schelling,unrestricted_temporal_search,unrestricted,,meso_district_unhappy_fraction_std,mean_neighbour_count,meso_district_unhappy_fraction_std,mean_neighbour_count,,,none,False,False,False,False,not_applicable,not_applicable,none,-1,-1,-1,,4,-0.12374172322135102,,,,,,,no_legal_upstream_micro_manipulation_root
primary_discovery,schelling,unrestricted_temporal_search,unrestricted,,meso_district_unhappy_fraction_std,meso_district_boundary_fraction_std,meso_district_unhappy_fraction_std,meso_district_boundary_fraction_std,,,none,False,False,False,False,not_applicable,not_applicable,none,-1,-1,-1,,1,-0.10274892957246029,,,,,,,no_legal_upstream_micro_manipulation_root
primary_discovery,schelling,unrestricted_temporal_search,unrestricted,,meso_district_unhappy_fraction_std,meso_district_destination_similarity_std,meso_district_unhappy_fraction_std,meso_district_destination_similarity_std,,,none,False,False,False,False,not_applicable,not_applicable,none,-1,-1,-1,,4,0.15805794588262967,,,,,,,no_legal_upstream_micro_manipulation_root
primary_discovery,schelling,unrestricted_temporal_search,unrestricted,,meso_district_unhappy_fraction_std,meso_district_group_entropy_mean,meso_district_unhappy_fraction_std,meso_district_group_entropy_mean,,,none,False,False,False,False,not_applicable,not_applicable,none,-1,-1,-1,,4,0.008643298479859274,,,,,,,no_legal_upstream_micro_manipulation_root
primary_discovery,schelling,unrestricted_temporal_search,unrestricted,,meso_district_unhappy_fraction_std,meso_district_local_similarity_std,meso_district_unhappy_fraction_std,meso_district_local_similarity_std,,,none,False,False,False,False,not_applicable,not_applicable,none,-1,-1,-1,,4,-0.1431639644278431,,,,,,,no_legal_upstream_micro_manipulation_root
primary_discovery,schelling,unrestricted_temporal_search,unrestricted,,meso_district_unhappy_fraction_std,meso_district_move_distance_std,meso_district_unhappy_fraction_std,meso_district_move_distance_std,,,none,False,False,False,False,not_applicable,not_applicable,none,-1,-1,-1,,1,0.2756191388034335,,,,,,,no_legal_upstream_micro_manipulation_root
primary_discovery,schelling,unrestricted_temporal_search,unrestricted,,meso_district_unhappy_fraction_std,meso_district_move_fraction_std,meso_district_unhappy_fraction_std,meso_district_move_fraction_std,,,none,False,False,False,False,not_applicable,not_applicable,none,-1,-1,-1,,3,0.11878896720536652,,,,,,,no_legal_upstream_micro_manipulation_root
primary_discovery,schelling,unrestricted_temporal_search,unrestricted,,meso_district_unhappy_fraction_std,meso_district_neighbour_count_std,meso_district_unhappy_fraction_std,meso_district_neighbour_count_std,,,none,False,False,False,False,not_applicable,not_applicable,none,-1,-1,-1,,4,0.1769512218259045,,,,,,,no_legal_upstream_micro_manipulation_root
primary_discovery,schelling,unrestricted_temporal_search,unrestricted,,meso_district_unhappy_fraction_std,move_distance_std,meso_district_unhappy_fraction_std,move_distance_std,,,none,False,False,False,False,not_applicable,not_applicable,none,-1,-1,-1,,4,0.11469985814079062,,,,,,,no_legal_upstream_micro_manipulation_root
primary_discovery,schelling,unrestricted_temporal_search,unrestricted,,meso_district_unhappy_fraction_std,moved_fraction,meso_district_unhappy_fraction_std,moved_fraction,,,none,False,False,False,False,not_applicable,not_applicable,none,-1,-1,-1,,4,0.07851504556584565,,,,,,,no_legal_upstream_micro_manipulation_root
primary_discovery,schelling,unrestricted_temporal_search,unrestricted,,meso_district_unhappy_fraction_std,quantile_25_local_similarity,meso_district_unhappy_fraction_std,quantile_25_local_similarity,,,none,False,False,False,False,not_applicable,not_applicable,none,-1,-1,-1,,2,-0.03718652662094205,,,,,,,no_legal_upstream_micro_manipulation_root
primary_discovery,schelling,unrestricted_temporal_search,unrestricted,,meso_district_unhappy_fraction_std,quantile_75_local_similarity,meso_district_unhappy_fraction_std,quantile_75_local_similarity,,,none,False,False,False,False,not_applicable,not_applicable,none,-1,-1,-1,,5,0.05188044446565113,,,,,,,no_legal_upstream_micro_manipulation_root
primary_discovery,schelling,unrestricted_temporal_search,unrestricted,,meso_district_unhappy_fraction_std,std_destination_similarity,meso_district_unhappy_fraction_std,std_destination_similarity,,,none,False,False,False,False,not_applicable,not_applicable,none,-1,-1,-1,,4,0.16277015624773888,,,,,,,no_legal_upstream_micro_manipulation_root
primary_discovery,schelling,unrestricted_temporal_search,unrestricted,,meso_district_unhappy_fraction_std,std_local_similarity,meso_district_unhappy_fraction_std,std_local_similarity,,,none,False,False,False,False,not_applicable,not_applicable,none,-1,-1,-1,,4,-0.019749127550164475,,,,,,,no_legal_upstream_micro_manipulation_root
primary_discovery,schelling,unrestricted_temporal_search,unrestricted,,meso_district_unhappy_fraction_std,std_neighbour_count,meso_district_unhappy_fraction_std,std_neighbour_count,,,none,False,False,False,False,not_applicable,not_applicable,none,-1,-1,-1,,2,-0.09093859235306623,,,,,,,no_legal_upstream_micro_manipulation_root
primary_discovery,schelling,unrestricted_temporal_search,unrestricted,,meso_district_unhappy_fraction_std,unhappy_fraction,meso_district_unhappy_fraction_std,unhappy_fraction,,,none,False,False,False,False,not_applicable,not_applicable,none,-1,-1,-1,,4,0.00498840790759561,,,,,,,no_legal_upstream_micro_manipulation_root
primary_discovery,schelling,unrestricted_temporal_search,unrestricted,,move_distance_std,boundary_fraction,move_distance_std,boundary_fraction,,,none,False,False,False,False,not_applicable,not_applicable,none,-1,-1,-1,,1,0.01794758309830291,,,,,,,no_legal_upstream_micro_manipulation_root
primary_discovery,schelling,unrestricted_temporal_search,unrestricted,,move_distance_std,local_similarity_entropy,move_distance_std,local_similarity_entropy,,,none,False,False,False,False,not_applicable,not_applicable,none,-1,-1,-1,,1,0.04275669190814527,,,,,,,no_legal_upstream_micro_manipulation_root
primary_discovery,schelling,unrestricted_temporal_search,unrestricted,,move_distance_std,macro_global_connected_components,move_distance_std,macro_global_connected_components,,,none,False,False,False,False,not_applicable,not_applicable,none,-1,-1,-1,,3,0.02774357706534454,,,,,,,no_legal_upstream_micro_manipulation_root
primary_discovery,schelling,unrestricted_temporal_search,unrestricted,,move_distance_std,macro_global_moved_fraction,move_distance_std,macro_global_moved_fraction,,,none,False,False,False,False,not_applicable,not_applicable,none,-1,-1,-1,,5,-0.2230932013495209,,,,,,,no_legal_upstream_micro_manipulation_root
primary_discovery,schelling,unrestricted_temporal_search,unrestricted,,move_distance_std,macro_global_spatial_neighbor_similarity,move_distance_std,macro_global_spatial_neighbor_similarity,,,none,False,False,False,False,not_applicable,not_applicable,none,-1,-1,-1,,1,-0.037860187633152166,,,,,,,no_legal_upstream_micro_manipulation_root
primary_discovery,schelling,unrestricted_temporal_search,unrestricted,,move_distance_std,macro_global_unhappy_fraction,move_distance_std,macro_global_unhappy_fraction,,,none,False,False,False,False,not_applicable,not_applicable,none,-1,-1,-1,,1,0.04836814721807889,,,,,,,no_legal_upstream_micro_manipulation_root
primary_discovery,schelling,unrestricted_temporal_search,unrestricted,,move_distance_std,mean_local_similarity,move_distance_std,mean_local_similarity,,,none,False,False,False,False,not_applicable,not_applicable,none,-1,-1,-1,,1,-0.03891767033977632,,,,,,,no_legal_upstream_micro_manipulation_root
primary_discovery,schelling,unrestricted_temporal_search,unrestricted,,move_distance_std,mean_neighbour_count,move_distance_std,mean_neighbour_count,,,none,False,False,False,False,not_applicable,not_applicable,none,-1,-1,-1,,5,0.04975814237272996,,,,,,,no_legal_upstream_micro_manipulation_root
primary_discovery,schelling,unrestricted_temporal_search,unrestricted,,move_distance_std,meso_district_boundary_fraction_std,move_distance_std,meso_district_boundary_fraction_std,,,none,False,False,False,False,not_applicable,not_applicable,none,-1,-1,-1,,1,-0.11831839600269367,,,,,,,no_legal_upstream_micro_manipulation_root
primary_discovery,schelling,unrestricted_temporal_search,unrestricted,,move_distance_std,meso_district_destination_similarity_std,move_distance_std,meso_district_destination_similarity_std,,,none,False,False,False,False,not_applicable,not_applicable,none,-1,-1,-1,,1,0.3628811223189691,,,,,,,no_legal_upstream_micro_manipulation_root
primary_discovery,schelling,unrestricted_temporal_search,unrestricted,,move_distance_std,meso_district_group_entropy_mean,move_distance_std,meso_district_group_entropy_mean,,,none,False,False,False,False,not_applicable,not_applicable,none,-1,-1,-1,,1,-0.011515679727760362,,,,,,,no_legal_upstream_micro_manipulation_root
primary_discovery,schelling,unrestricted_temporal_search,unrestricted,,move_distance_std,meso_district_local_similarity_std,move_distance_std,meso_district_local_similarity_std,,,none,False,False,False,False,not_applicable,not_applicable,none,-1,-1,-1,,1,-0.21216510398445879,,,,,,,no_legal_upstream_micro_manipulation_root
primary_discovery,schelling,unrestricted_temporal_search,unrestricted,,move_distance_std,meso_district_move_distance_std,move_distance_std,meso_district_move_distance_std,,,none,False,False,False,False,not_applicable,not_applicable,none,-1,-1,-1,,1,0.16520753909640779,,,,,,,no_legal_upstream_micro_manipulation_root
primary_discovery,schelling,unrestricted_temporal_search,unrestricted,,move_distance_std,meso_district_move_fraction_std,move_distance_std,meso_district_move_fraction_std,,,none,False,False,False,False,not_applicable,not_applicable,none,-1,-1,-1,,1,0.33608734074161695,,,,,,,no_legal_upstream_micro_manipulation_root
primary_discovery,schelling,unrestricted_temporal_search,unrestricted,,move_distance_std,meso_district_neighbour_count_std,move_distance_std,meso_district_neighbour_count_std,,,none,False,False,False,False,not_applicable,not_applicable,none,-1,-1,-1,,2,0.26039621366616184,,,,,,,no_legal_upstream_micro_manipulation_root
primary_discovery,schelling,unrestricted_temporal_search,unrestricted,,move_distance_std,meso_district_unhappy_fraction_std,move_distance_std,meso_district_unhappy_fraction_std,,,none,False,False,False,False,not_applicable,not_applicable,none,-1,-1,-1,,3,-0.0811143192329981,,,,,,,no_legal_upstream_micro_manipulation_root
primary_discovery,schelling,unrestricted_temporal_search,unrestricted,,move_distance_std,moved_fraction,move_distance_std,moved_fraction,,,none,False,False,False,False,not_applicable,not_applicable,none,-1,-1,-1,,5,-0.22309320134951993,,,,,,,no_legal_upstream_micro_manipulation_root
primary_discovery,schelling,unrestricted_temporal_search,unrestricted,,move_distance_std,quantile_25_local_similarity,move_distance_std,quantile_25_local_similarity,,,none,False,False,False,False,not_applicable,not_applicable,none,-1,-1,-1,,4,-0.07965939012514527,,,,,,,no_legal_upstream_micro_manipulation_root
primary_discovery,schelling,unrestricted_temporal_search,unrestricted,,move_distance_std,quantile_75_local_similarity,move_distance_std,quantile_75_local_similarity,,,none,False,False,False,False,not_applicable,not_applicable,none,-1,-1,-1,,2,-0.18414672415074715,,,,,,,no_legal_upstream_micro_manipulation_root
primary_discovery,schelling,unrestricted_temporal_search,unrestricted,,move_distance_std,std_destination_similarity,move_distance_std,std_destination_similarity,,,none,False,False,False,False,not_applicable,not_applicable,none,-1,-1,-1,,1,0.2069355657826336,,,,,,,no_legal_upstream_micro_manipulation_root
primary_discovery,schelling,unrestricted_temporal_search,unrestricted,,move_distance_std,std_local_similarity,move_distance_std,std_local_similarity,,,none,False,False,False,False,not_applicable,not_applicable,none,-1,-1,-1,,1,-0.03625156119184804,,,,,,,no_legal_upstream_micro_manipulation_root
primary_discovery,schelling,unrestricted_temporal_search,unrestricted,,move_distance_std,std_neighbour_count,move_distance_std,std_neighbour_count,,,none,False,False,False,False,not_applicable,not_applicable,none,-1,-1,-1,,2,0.09835317401836247,,,,,,,no_legal_upstream_micro_manipulation_root
primary_discovery,schelling,unrestricted_temporal_search,unrestricted,,move_distance_std,unhappy_fraction,move_distance_std,unhappy_fraction,,,none,False,False,False,False,not_applicable,not_applicable,none,-1,-1,-1,,1,0.04836814721807853,,,,,,,no_legal_upstream_micro_manipulation_root
primary_discovery,schelling,unrestricted_temporal_search,unrestricted,,moved_fraction,boundary_fraction,moved_fraction,boundary_fraction,,,none,False,False,False,False,not_applicable,not_applicable,none,-1,-1,-1,,1,-0.010848785069811594,,,,,,,no_legal_upstream_micro_manipulation_root
primary_discovery,schelling,unrestricted_temporal_search,unrestricted,,moved_fraction,macro_global_connected_components,moved_fraction,macro_global_connected_components,,,none,False,False,False,False,not_applicable,not_applicable,none,-1,-1,-1,,1,-0.0385947996735196,,,,,,,no_legal_upstream_micro_manipulation_root
primary_discovery,schelling,unrestricted_temporal_search,unrestricted,,moved_fraction,macro_global_moved_fraction,moved_fraction,macro_global_moved_fraction,,,none,False,False,False,False,not_applicable,not_applicable,none,-1,-1,-1,,2,0.052486023477981536,,,,,,,no_legal_upstream_micro_manipulation_root
primary_discovery,schelling,unrestricted_temporal_search,unrestricted,,moved_fraction,macro_global_spatial_neighbor_similarity,moved_fraction,macro_global_spatial_neighbor_similarity,,,none,False,False,False,False,not_applicable,not_applicable,none,-1,-1,-1,,1,0.03570277168466943,,,,,,,no_legal_upstream_micro_manipulation_root
primary_discovery,schelling,unrestricted_temporal_search,unrestricted,,moved_fraction,macro_global_unhappy_fraction,moved_fraction,macro_global_unhappy_fraction,,,none,False,False,False,False,not_applicable,not_applicable,none,-1,-1,-1,,1,-0.05562747102948845,,,,,,,no_legal_upstream_micro_manipulation_root
primary_discovery,schelling,unrestricted_temporal_search,unrestricted,,moved_fraction,mean_local_similarity,moved_fraction,mean_local_similarity,,,none,False,False,False,False,not_applicable,not_applicable,none,-1,-1,-1,,1,0.031393704487849464,,,,,,,no_legal_upstream_micro_manipulation_root
primary_discovery,schelling,unrestricted_temporal_search,unrestricted,,moved_fraction,mean_neighbour_count,moved_fraction,mean_neighbour_count,,,none,False,False,False,False,not_applicable,not_applicable,none,-1,-1,-1,,2,0.037926897025806094,,,,,,,no_legal_upstream_micro_manipulation_root
primary_discovery,schelling,unrestricted_temporal_search,unrestricted,moved_fraction,moved_fraction,meso_district_boundary_fraction_std,moved_fraction,meso_district_boundary_fraction_std,move_probability,minus,micro,True,True,False,True,no_stable_downstream_effect,no_stable_downstream_effect,direct_root,0,0,1,1.0,1,0.034393790038244276,0.0,False,True,0.30842417212350776,0.30842417212350776,-0.044960343039515245,
primary_discovery,schelling,unrestricted_temporal_search,unrestricted,moved_fraction,moved_fraction,meso_district_boundary_fraction_std,moved_fraction,meso_district_boundary_fraction_std,move_probability,plus,micro,True,True,False,True,no_stable_downstream_effect,no_stable_downstream_effect,direct_root,0,0,1,1.0,1,0.034393790038244276,0.0,False,True,-0.2787196878892839,-0.2787196878892839,0.03111264770005352,
primary_discovery,schelling,unrestricted_temporal_search,unrestricted,moved_fraction,moved_fraction,meso_district_destination_similarity_std,moved_fraction,meso_district_destination_similarity_std,move_probability,minus,micro,True,True,True,True,supported,supported,direct_root,0,0,0,0.0,1,-0.08878090324039634,-1.0,False,True,0.30842417212350776,0.30842417212350776,0.4006009736523353,
primary_discovery,schelling,unrestricted_temporal_search,unrestricted,moved_fraction,moved_fraction,meso_district_destination_similarity_std,moved_fraction,meso_district_destination_similarity_std,move_probability,plus,micro,True,True,True,True,supported,supported,direct_root,0,0,0,0.0,1,-0.08878090324039634,-1.0,False,True,-0.2787196878892839,-0.2787196878892839,-0.31427913799125545,
primary_discovery,schelling,unrestricted_temporal_search,unrestricted,moved_fraction,moved_fraction,meso_district_group_entropy_mean,moved_fraction,meso_district_group_entropy_mean,move_probability,minus,micro,True,True,True,True,supported,supported,direct_root,0,0,5,5.0,5,0.003780995199646577,0.0,True,True,0.30842417212350776,0.30842417212350776,0.4161396894686428,
primary_discovery,schelling,unrestricted_temporal_search,unrestricted,moved_fraction,moved_fraction,meso_district_group_entropy_mean,moved_fraction,meso_district_group_entropy_mean,move_probability,plus,micro,True,True,False,True,no_stable_downstream_effect,no_stable_downstream_effect,direct_root,0,0,3,3.0,5,0.003780995199646577,-2.0,True,True,-0.2787196878892839,-0.2787196878892839,-0.19780872647362466,
primary_discovery,schelling,unrestricted_temporal_search,unrestricted,moved_fraction,moved_fraction,meso_district_local_similarity_std,moved_fraction,meso_district_local_similarity_std,move_probability,minus,micro,True,True,False,True,no_stable_downstream_effect,no_stable_downstream_effect,direct_root,0,0,25,25.0,4,-0.05050564062901791,21.0,False,False,0.30842417212350776,0.30842417212350776,0.3310951268339437,
primary_discovery,schelling,unrestricted_temporal_search,unrestricted,moved_fraction,moved_fraction,meso_district_local_similarity_std,moved_fraction,meso_district_local_similarity_std,move_probability,plus,micro,True,True,False,True,no_stable_downstream_effect,no_stable_downstream_effect,direct_root,0,0,14,14.0,4,-0.05050564062901791,10.0,False,False,-0.2787196878892839,-0.2787196878892839,-0.19661987008190593,
primary_discovery,schelling,unrestricted_temporal_search,unrestricted,moved_fraction,moved_fraction,meso_district_move_distance_std,moved_fraction,meso_district_move_distance_std,move_probability,minus,micro,True,True,True,True,supported,supported,direct_root,0,0,0,0.0,2,0.09101101600718679,-2.0,True,True,0.30842417212350776,0.30842417212350776,0.3947433634725235,
primary_discovery,schelling,unrestricted_temporal_search,unrestricted,moved_fraction,moved_fraction,meso_district_move_distance_std,moved_fraction,meso_district_move_distance_std,move_probability,plus,micro,True,True,True,True,supported,supported,direct_root,0,0,17,17.0,2,0.09101101600718679,15.0,True,False,-0.2787196878892839,-0.2787196878892839,-0.31135914563901945,
primary_discovery,schelling,unrestricted_temporal_search,unrestricted,moved_fraction,moved_fraction,meso_district_move_fraction_std,moved_fraction,meso_district_move_fraction_std,move_probability,minus,micro,True,True,True,True,supported,supported,direct_root,0,0,0,0.0,1,-0.08401603189164637,-1.0,False,True,0.30842417212350776,0.30842417212350776,0.4231921988102642,
primary_discovery,schelling,unrestricted_temporal_search,unrestricted,moved_fraction,moved_fraction,meso_district_move_fraction_std,moved_fraction,meso_district_move_fraction_std,move_probability,plus,micro,True,True,True,True,supported,supported,direct_root,0,0,0,0.0,1,-0.08401603189164637,-1.0,False,True,-0.2787196878892839,-0.2787196878892839,-0.3189939138418262,
primary_discovery,schelling,unrestricted_temporal_search,unrestricted,moved_fraction,moved_fraction,meso_district_neighbour_count_std,moved_fraction,meso_district_neighbour_count_std,move_probability,minus,micro,True,True,False,False,no_stable_downstream_effect,no_stable_downstream_effect,direct_root,0,0,-1,,2,-0.09093994453607052,,True,,0.30842417212350776,0.30842417212350776,-0.1922588241183484,
primary_discovery,schelling,unrestricted_temporal_search,unrestricted,moved_fraction,moved_fraction,meso_district_neighbour_count_std,moved_fraction,meso_district_neighbour_count_std,move_probability,plus,micro,True,True,False,False,no_stable_downstream_effect,no_stable_downstream_effect,direct_root,0,0,-1,,2,-0.09093994453607052,,True,,-0.2787196878892839,-0.2787196878892839,0.016940554406914873,
primary_discovery,schelling,unrestricted_temporal_search,unrestricted,moved_fraction,moved_fraction,meso_district_unhappy_fraction_std,moved_fraction,meso_district_unhappy_fraction_std,move_probability,minus,micro,True,True,True,True,supported,supported,direct_root,0,0,15,15.0,2,0.03378167600874861,13.0,True,False,0.30842417212350776,0.30842417212350776,1.0294166904980138,
primary_discovery,schelling,unrestricted_temporal_search,unrestricted,moved_fraction,moved_fraction,meso_district_unhappy_fraction_std,moved_fraction,meso_district_unhappy_fraction_std,move_probability,plus,micro,True,True,True,True,supported,supported,direct_root,0,0,3,3.0,2,0.03378167600874861,1.0,True,True,-0.2787196878892839,-0.2787196878892839,-0.5426825555518751,
primary_discovery,schelling,unrestricted_temporal_search,unrestricted,,moved_fraction,move_distance_std,moved_fraction,move_distance_std,,,none,False,False,False,False,not_applicable,not_applicable,none,-1,-1,-1,,1,-0.05894406731856424,,,,,,,no_legal_upstream_micro_manipulation_root
primary_discovery,schelling,unrestricted_temporal_search,unrestricted,,moved_fraction,quantile_25_local_similarity,moved_fraction,quantile_25_local_similarity,,,none,False,False,False,False,not_applicable,not_applicable,none,-1,-1,-1,,1,0.023412874030733978,,,,,,,no_legal_upstream_micro_manipulation_root
primary_discovery,schelling,unrestricted_temporal_search,unrestricted,,moved_fraction,quantile_75_local_similarity,moved_fraction,quantile_75_local_similarity,,,none,False,False,False,False,not_applicable,not_applicable,none,-1,-1,-1,,1,0.09338858531925578,,,,,,,no_legal_upstream_micro_manipulation_root
primary_discovery,schelling,unrestricted_temporal_search,unrestricted,,moved_fraction,std_local_similarity,moved_fraction,std_local_similarity,,,none,False,False,False,False,not_applicable,not_applicable,none,-1,-1,-1,,1,0.011009145253168165,,,,,,,no_legal_upstream_micro_manipulation_root
primary_discovery,schelling,unrestricted_temporal_search,unrestricted,,moved_fraction,std_neighbour_count,moved_fraction,std_neighbour_count,,,none,False,False,False,False,not_applicable,not_applicable,none,-1,-1,-1,,5,0.09458011697620858,,,,,,,no_legal_upstream_micro_manipulation_root
primary_discovery,schelling,unrestricted_temporal_search,unrestricted,,moved_fraction,unhappy_fraction,moved_fraction,unhappy_fraction,,,none,False,False,False,False,not_applicable,not_applicable,none,-1,-1,-1,,1,-0.055627471029486925,,,,,,,no_legal_upstream_micro_manipulation_root
primary_discovery,schelling,unrestricted_temporal_search,unrestricted,,quantile_25_local_similarity,boundary_fraction,quantile_25_local_similarity,boundary_fraction,,,none,False,False,False,False,not_applicable,not_applicable,none,-1,-1,-1,,5,-0.01213935512462365,,,,,,,no_legal_upstream_micro_manipulation_root
primary_discovery,schelling,unrestricted_temporal_search,unrestricted,,quantile_25_local_similarity,macro_global_connected_components,quantile_25_local_similarity,macro_global_connected_components,,,none,False,False,False,False,not_applicable,not_applicable,none,-1,-1,-1,,4,0.05531287411982902,,,,,,,no_legal_upstream_micro_manipulation_root
primary_discovery,schelling,unrestricted_temporal_search,unrestricted,,quantile_25_local_similarity,macro_global_spatial_neighbor_similarity,quantile_25_local_similarity,macro_global_spatial_neighbor_similarity,,,none,False,False,False,False,not_applicable,not_applicable,none,-1,-1,-1,,4,-0.020412037466757404,,,,,,,no_legal_upstream_micro_manipulation_root
primary_discovery,schelling,unrestricted_temporal_search,unrestricted,,quantile_25_local_similarity,macro_global_unhappy_fraction,quantile_25_local_similarity,macro_global_unhappy_fraction,,,none,False,False,False,False,not_applicable,not_applicable,none,-1,-1,-1,,2,0.022296803870805956,,,,,,,no_legal_upstream_micro_manipulation_root
primary_discovery,schelling,unrestricted_temporal_search,unrestricted,,quantile_25_local_similarity,mean_local_similarity,quantile_25_local_similarity,mean_local_similarity,,,none,False,False,False,False,not_applicable,not_applicable,none,-1,-1,-1,,4,-0.015605723018107774,,,,,,,no_legal_upstream_micro_manipulation_root
primary_discovery,schelling,unrestricted_temporal_search,unrestricted,,quantile_25_local_similarity,mean_neighbour_count,quantile_25_local_similarity,mean_neighbour_count,,,none,False,False,False,False,not_applicable,not_applicable,none,-1,-1,-1,,2,-0.14968059859706412,,,,,,,no_legal_upstream_micro_manipulation_root
primary_discovery,schelling,unrestricted_temporal_search,unrestricted,,quantile_25_local_similarity,meso_district_boundary_fraction_std,quantile_25_local_similarity,meso_district_boundary_fraction_std,,,none,False,False,False,False,not_applicable,not_applicable,none,-1,-1,-1,,4,-0.14047754184211134,,,,,,,no_legal_upstream_micro_manipulation_root
primary_discovery,schelling,unrestricted_temporal_search,unrestricted,,quantile_25_local_similarity,meso_district_destination_similarity_std,quantile_25_local_similarity,meso_district_destination_similarity_std,,,none,False,False,False,False,not_applicable,not_applicable,none,-1,-1,-1,,4,0.22459760807701767,,,,,,,no_legal_upstream_micro_manipulation_root
primary_discovery,schelling,unrestricted_temporal_search,unrestricted,,quantile_25_local_similarity,meso_district_group_entropy_mean,quantile_25_local_similarity,meso_district_group_entropy_mean,,,none,False,False,False,False,not_applicable,not_applicable,none,-1,-1,-1,,4,0.021760096300351722,,,,,,,no_legal_upstream_micro_manipulation_root
primary_discovery,schelling,unrestricted_temporal_search,unrestricted,,quantile_25_local_similarity,meso_district_local_similarity_std,quantile_25_local_similarity,meso_district_local_similarity_std,,,none,False,False,False,False,not_applicable,not_applicable,none,-1,-1,-1,,4,-0.2564713900726161,,,,,,,no_legal_upstream_micro_manipulation_root
primary_discovery,schelling,unrestricted_temporal_search,unrestricted,,quantile_25_local_similarity,meso_district_move_fraction_std,quantile_25_local_similarity,meso_district_move_fraction_std,,,none,False,False,False,False,not_applicable,not_applicable,none,-1,-1,-1,,4,0.1540222555141112,,,,,,,no_legal_upstream_micro_manipulation_root
primary_discovery,schelling,unrestricted_temporal_search,unrestricted,,quantile_25_local_similarity,meso_district_neighbour_count_std,quantile_25_local_similarity,meso_district_neighbour_count_std,,,none,False,False,False,False,not_applicable,not_applicable,none,-1,-1,-1,,4,0.21833798270172447,,,,,,,no_legal_upstream_micro_manipulation_root
primary_discovery,schelling,unrestricted_temporal_search,unrestricted,,quantile_25_local_similarity,meso_district_unhappy_fraction_std,quantile_25_local_similarity,meso_district_unhappy_fraction_std,,,none,False,False,False,False,not_applicable,not_applicable,none,-1,-1,-1,,4,-0.11585714333464872,,,,,,,no_legal_upstream_micro_manipulation_root
primary_discovery,schelling,unrestricted_temporal_search,unrestricted,,quantile_25_local_similarity,quantile_75_local_similarity,quantile_25_local_similarity,quantile_75_local_similarity,,,none,False,False,False,False,not_applicable,not_applicable,none,-1,-1,-1,,2,-0.17138173153543426,,,,,,,no_legal_upstream_micro_manipulation_root
primary_discovery,schelling,unrestricted_temporal_search,unrestricted,,quantile_25_local_similarity,std_destination_similarity,quantile_25_local_similarity,std_destination_similarity,,,none,False,False,False,False,not_applicable,not_applicable,none,-1,-1,-1,,5,0.09319247662661195,,,,,,,no_legal_upstream_micro_manipulation_root
primary_discovery,schelling,unrestricted_temporal_search,unrestricted,,quantile_25_local_similarity,std_local_similarity,quantile_25_local_similarity,std_local_similarity,,,none,False,False,False,False,not_applicable,not_applicable,none,-1,-1,-1,,3,-0.028359023068980894,,,,,,,no_legal_upstream_micro_manipulation_root
primary_discovery,schelling,unrestricted_temporal_search,unrestricted,,quantile_25_local_similarity,std_neighbour_count,quantile_25_local_similarity,std_neighbour_count,,,none,False,False,False,False,not_applicable,not_applicable,none,-1,-1,-1,,5,-0.12459754667724782,,,,,,,no_legal_upstream_micro_manipulation_root
primary_discovery,schelling,unrestricted_temporal_search,unrestricted,,quantile_25_local_similarity,unhappy_fraction,quantile_25_local_similarity,unhappy_fraction,,,none,False,False,False,False,not_applicable,not_applicable,none,-1,-1,-1,,2,0.022296803870805796,,,,,,,no_legal_upstream_micro_manipulation_root
primary_discovery,schelling,unrestricted_temporal_search,unrestricted,,quantile_75_local_similarity,boundary_fraction,quantile_75_local_similarity,boundary_fraction,,,none,False,False,False,False,not_applicable,not_applicable,none,-1,-1,-1,,4,0.00905269044495259,,,,,,,no_legal_upstream_micro_manipulation_root
primary_discovery,schelling,unrestricted_temporal_search,unrestricted,,quantile_75_local_similarity,macro_global_connected_components,quantile_75_local_similarity,macro_global_connected_components,,,none,False,False,False,False,not_applicable,not_applicable,none,-1,-1,-1,,4,0.02588954762600268,,,,,,,no_legal_upstream_micro_manipulation_root
primary_discovery,schelling,unrestricted_temporal_search,unrestricted,,quantile_75_local_similarity,macro_global_moved_fraction,quantile_75_local_similarity,macro_global_moved_fraction,,,none,False,False,False,False,not_applicable,not_applicable,none,-1,-1,-1,,3,-0.049284477436599694,,,,,,,no_legal_upstream_micro_manipulation_root
primary_discovery,schelling,unrestricted_temporal_search,unrestricted,,quantile_75_local_similarity,macro_global_spatial_neighbor_similarity,quantile_75_local_similarity,macro_global_spatial_neighbor_similarity,,,none,False,False,False,False,not_applicable,not_applicable,none,-1,-1,-1,,4,-0.01372078856678332,,,,,,,no_legal_upstream_micro_manipulation_root
primary_discovery,schelling,unrestricted_temporal_search,unrestricted,,quantile_75_local_similarity,macro_global_unhappy_fraction,quantile_75_local_similarity,macro_global_unhappy_fraction,,,none,False,False,False,False,not_applicable,not_applicable,none,-1,-1,-1,,1,-0.007362286198140193,,,,,,,no_legal_upstream_micro_manipulation_root
primary_discovery,schelling,unrestricted_temporal_search,unrestricted,,quantile_75_local_similarity,mean_local_similarity,quantile_75_local_similarity,mean_local_similarity,,,none,False,False,False,False,not_applicable,not_applicable,none,-1,-1,-1,,3,0.008201486095841813,,,,,,,no_legal_upstream_micro_manipulation_root
primary_discovery,schelling,unrestricted_temporal_search,unrestricted,,quantile_75_local_similarity,mean_neighbour_count,quantile_75_local_similarity,mean_neighbour_count,,,none,False,False,False,False,not_applicable,not_applicable,none,-1,-1,-1,,2,-0.07920814719104516,,,,,,,no_legal_upstream_micro_manipulation_root
primary_discovery,schelling,unrestricted_temporal_search,unrestricted,,quantile_75_local_similarity,meso_district_boundary_fraction_std,quantile_75_local_similarity,meso_district_boundary_fraction_std,,,none,False,False,False,False,not_applicable,not_applicable,none,-1,-1,-1,,3,-0.12118485573541055,,,,,,,no_legal_upstream_micro_manipulation_root
primary_discovery,schelling,unrestricted_temporal_search,unrestricted,,quantile_75_local_similarity,meso_district_destination_similarity_std,quantile_75_local_similarity,meso_district_destination_similarity_std,,,none,False,False,False,False,not_applicable,not_applicable,none,-1,-1,-1,,1,-0.10707925848531308,,,,,,,no_legal_upstream_micro_manipulation_root
primary_discovery,schelling,unrestricted_temporal_search,unrestricted,,quantile_75_local_similarity,meso_district_group_entropy_mean,quantile_75_local_similarity,meso_district_group_entropy_mean,,,none,False,False,False,False,not_applicable,not_applicable,none,-1,-1,-1,,2,-0.0036244549814920257,,,,,,,no_legal_upstream_micro_manipulation_root
primary_discovery,schelling,unrestricted_temporal_search,unrestricted,,quantile_75_local_similarity,meso_district_local_similarity_std,quantile_75_local_similarity,meso_district_local_similarity_std,,,none,False,False,False,False,not_applicable,not_applicable,none,-1,-1,-1,,3,-0.1411272245856518,,,,,,,no_legal_upstream_micro_manipulation_root
primary_discovery,schelling,unrestricted_temporal_search,unrestricted,,quantile_75_local_similarity,meso_district_move_distance_std,quantile_75_local_similarity,meso_district_move_distance_std,,,none,False,False,False,False,not_applicable,not_applicable,none,-1,-1,-1,,1,-0.06804850549688579,,,,,,,no_legal_upstream_micro_manipulation_root
primary_discovery,schelling,unrestricted_temporal_search,unrestricted,,quantile_75_local_similarity,meso_district_move_fraction_std,quantile_75_local_similarity,meso_district_move_fraction_std,,,none,False,False,False,False,not_applicable,not_applicable,none,-1,-1,-1,,1,-0.0961675439376897,,,,,,,no_legal_upstream_micro_manipulation_root
primary_discovery,schelling,unrestricted_temporal_search,unrestricted,,quantile_75_local_similarity,meso_district_unhappy_fraction_std,quantile_75_local_similarity,meso_district_unhappy_fraction_std,,,none,False,False,False,False,not_applicable,not_applicable,none,-1,-1,-1,,3,-0.04169200303701709,,,,,,,no_legal_upstream_micro_manipulation_root
primary_discovery,schelling,unrestricted_temporal_search,unrestricted,,quantile_75_local_similarity,move_distance_std,quantile_75_local_similarity,move_distance_std,,,none,False,False,False,False,not_applicable,not_applicable,none,-1,-1,-1,,3,-0.05081439124221043,,,,,,,no_legal_upstream_micro_manipulation_root
primary_discovery,schelling,unrestricted_temporal_search,unrestricted,,quantile_75_local_similarity,moved_fraction,quantile_75_local_similarity,moved_fraction,,,none,False,False,False,False,not_applicable,not_applicable,none,-1,-1,-1,,3,-0.04928447743660036,,,,,,,no_legal_upstream_micro_manipulation_root
primary_discovery,schelling,unrestricted_temporal_search,unrestricted,,quantile_75_local_similarity,quantile_25_local_similarity,quantile_75_local_similarity,quantile_25_local_similarity,,,none,False,False,False,False,not_applicable,not_applicable,none,-1,-1,-1,,2,-0.03987610206201514,,,,,,,no_legal_upstream_micro_manipulation_root
primary_discovery,schelling,unrestricted_temporal_search,unrestricted,,quantile_75_local_similarity,std_local_similarity,quantile_75_local_similarity,std_local_similarity,,,none,False,False,False,False,not_applicable,not_applicable,none,-1,-1,-1,,1,-0.00494202172425405,,,,,,,no_legal_upstream_micro_manipulation_root
primary_discovery,schelling,unrestricted_temporal_search,unrestricted,,quantile_75_local_similarity,std_neighbour_count,quantile_75_local_similarity,std_neighbour_count,,,none,False,False,False,False,not_applicable,not_applicable,none,-1,-1,-1,,3,-0.033522623128595885,,,,,,,no_legal_upstream_micro_manipulation_root
primary_discovery,schelling,unrestricted_temporal_search,unrestricted,,quantile_75_local_similarity,unhappy_fraction,quantile_75_local_similarity,unhappy_fraction,,,none,False,False,False,False,not_applicable,not_applicable,none,-1,-1,-1,,1,-0.007362286198140111,,,,,,,no_legal_upstream_micro_manipulation_root
primary_discovery,schelling,unrestricted_temporal_search,unrestricted,,relocation_response_fraction,boundary_fraction,relocation_response_fraction,boundary_fraction,,,none,False,False,False,False,not_applicable,not_applicable,none,-1,-1,-1,,5,-0.001179936485395966,,,,,,,no_legal_upstream_micro_manipulation_root
primary_discovery,schelling,unrestricted_temporal_search,unrestricted,,relocation_response_fraction,local_similarity_entropy,relocation_response_fraction,local_similarity_entropy,,,none,False,False,False,False,not_applicable,not_applicable,none,-1,-1,-1,,1,0.011252186956126354,,,,,,,no_legal_upstream_micro_manipulation_root
primary_discovery,schelling,unrestricted_temporal_search,unrestricted,,relocation_response_fraction,macro_global_spatial_neighbor_similarity,relocation_response_fraction,macro_global_spatial_neighbor_similarity,,,none,False,False,False,False,not_applicable,not_applicable,none,-1,-1,-1,,1,-0.0019244723101421446,,,,,,,no_legal_upstream_micro_manipulation_root
primary_discovery,schelling,unrestricted_temporal_search,unrestricted,,relocation_response_fraction,mean_destination_similarity_movers,relocation_response_fraction,mean_destination_similarity_movers,,,none,False,False,False,False,not_applicable,not_applicable,none,-1,-1,-1,,3,-0.055591599671367446,,,,,,,no_legal_upstream_micro_manipulation_root
primary_discovery,schelling,unrestricted_temporal_search,unrestricted,,relocation_response_fraction,mean_local_similarity,relocation_response_fraction,mean_local_similarity,,,none,False,False,False,False,not_applicable,not_applicable,none,-1,-1,-1,,1,-0.0013684367455135404,,,,,,,no_legal_upstream_micro_manipulation_root
primary_discovery,schelling,unrestricted_temporal_search,unrestricted,,relocation_response_fraction,mean_move_distance,relocation_response_fraction,mean_move_distance,,,none,False,False,False,False,not_applicable,not_applicable,none,-1,-1,-1,,3,-0.046438287873690205,,,,,,,no_legal_upstream_micro_manipulation_root
primary_discovery,schelling,unrestricted_temporal_search,unrestricted,relocation_response_fraction,relocation_response_fraction,meso_district_move_distance_std,relocation_response_fraction,meso_district_move_distance_std,move_probability,minus,micro,False,False,True,True,manipulation_failure,manipulation_failure,direct_root,0,0,0,0.0,1,-0.031246549627298018,-1.0,True,True,-0.05465641994604637,-0.05465641994604637,0.3947433634725235,
primary_discovery,schelling,unrestricted_temporal_search,unrestricted,relocation_response_fraction,relocation_response_fraction,meso_district_move_distance_std,relocation_response_fraction,meso_district_move_distance_std,move_probability,plus,micro,False,False,True,True,manipulation_failure,manipulation_failure,direct_root,0,0,17,17.0,1,-0.031246549627298018,16.0,False,False,-0.055605059281195156,-0.055605059281195156,-0.31135914563901945,
primary_discovery,schelling,unrestricted_temporal_search,unrestricted,relocation_response_fraction,relocation_response_fraction,meso_district_move_fraction_std,relocation_response_fraction,meso_district_move_fraction_std,move_probability,minus,micro,False,False,True,True,manipulation_failure,manipulation_failure,direct_root,0,0,0,0.0,1,-0.024074443784381144,-1.0,True,True,-0.05465641994604637,-0.05465641994604637,0.4231921988102642,
primary_discovery,schelling,unrestricted_temporal_search,unrestricted,relocation_response_fraction,relocation_response_fraction,meso_district_move_fraction_std,relocation_response_fraction,meso_district_move_fraction_std,move_probability,plus,micro,False,False,True,True,manipulation_failure,manipulation_failure,direct_root,0,0,0,0.0,1,-0.024074443784381144,-1.0,False,True,-0.055605059281195156,-0.055605059281195156,-0.3189939138418262,
primary_discovery,schelling,unrestricted_temporal_search,unrestricted,relocation_response_fraction,relocation_response_fraction,meso_district_unhappy_fraction_std,relocation_response_fraction,meso_district_unhappy_fraction_std,move_probability,minus,micro,False,False,True,True,manipulation_failure,manipulation_failure,direct_root,0,0,15,15.0,1,-0.018096088377530323,14.0,True,False,-0.05465641994604637,-0.05465641994604637,1.0294166904980138,
primary_discovery,schelling,unrestricted_temporal_search,unrestricted,relocation_response_fraction,relocation_response_fraction,meso_district_unhappy_fraction_std,relocation_response_fraction,meso_district_unhappy_fraction_std,move_probability,plus,micro,False,False,True,True,manipulation_failure,manipulation_failure,direct_root,0,0,3,3.0,1,-0.018096088377530323,2.0,False,True,-0.055605059281195156,-0.055605059281195156,-0.5426825555518751,
primary_discovery,schelling,unrestricted_temporal_search,unrestricted,,relocation_response_fraction,move_distance_std,relocation_response_fraction,move_distance_std,,,none,False,False,False,False,not_applicable,not_applicable,none,-1,-1,-1,,1,-0.027630293617613412,,,,,,,no_legal_upstream_micro_manipulation_root
primary_discovery,schelling,unrestricted_temporal_search,unrestricted,,relocation_response_fraction,std_destination_similarity,relocation_response_fraction,std_destination_similarity,,,none,False,False,False,False,not_applicable,not_applicable,none,-1,-1,-1,,1,-0.025279536804265985,,,,,,,no_legal_upstream_micro_manipulation_root
primary_discovery,schelling,unrestricted_temporal_search,unrestricted,,relocation_response_fraction,std_local_similarity,relocation_response_fraction,std_local_similarity,,,none,False,False,False,False,not_applicable,not_applicable,none,-1,-1,-1,,3,-0.001979320601677371,,,,,,,no_legal_upstream_micro_manipulation_root
primary_discovery,schelling,unrestricted_temporal_search,unrestricted,,relocation_response_fraction,std_neighbour_count,relocation_response_fraction,std_neighbour_count,,,none,False,False,False,False,not_applicable,not_applicable,none,-1,-1,-1,,1,-0.009349939717919975,,,,,,,no_legal_upstream_micro_manipulation_root
primary_discovery,schelling,unrestricted_temporal_search,unrestricted,,relocation_response_fraction,unhappy_local_similarity_mean,relocation_response_fraction,unhappy_local_similarity_mean,,,none,False,False,False,False,not_applicable,not_applicable,none,-1,-1,-1,,1,-0.12200437331116996,,,,,,,no_legal_upstream_micro_manipulation_root
primary_discovery,schelling,unrestricted_temporal_search,unrestricted,,std_destination_similarity,boundary_fraction,std_destination_similarity,boundary_fraction,,,none,False,False,False,False,not_applicable,not_applicable,none,-1,-1,-1,,1,-0.09127783883728373,,,,,,,no_legal_upstream_micro_manipulation_root
primary_discovery,schelling,unrestricted_temporal_search,unrestricted,,std_destination_similarity,local_similarity_entropy,std_destination_similarity,local_similarity_entropy,,,none,False,False,False,False,not_applicable,not_applicable,none,-1,-1,-1,,1,-0.1325334384000487,,,,,,,no_legal_upstream_micro_manipulation_root
primary_discovery,schelling,unrestricted_temporal_search,unrestricted,,std_destination_similarity,macro_global_connected_components,std_destination_similarity,macro_global_connected_components,,,none,False,False,False,False,not_applicable,not_applicable,none,-1,-1,-1,,1,-0.023863043387149948,,,,,,,no_legal_upstream_micro_manipulation_root
primary_discovery,schelling,unrestricted_temporal_search,unrestricted,,std_destination_similarity,macro_global_moved_fraction,std_destination_similarity,macro_global_moved_fraction,,,none,False,False,False,False,not_applicable,not_applicable,none,-1,-1,-1,,5,0.31917220359692805,,,,,,,no_legal_upstream_micro_manipulation_root
primary_discovery,schelling,unrestricted_temporal_search,unrestricted,,std_destination_similarity,macro_global_spatial_neighbor_similarity,std_destination_similarity,macro_global_spatial_neighbor_similarity,,,none,False,False,False,False,not_applicable,not_applicable,none,-1,-1,-1,,1,0.061416808661407266,,,,,,,no_legal_upstream_micro_manipulation_root
primary_discovery,schelling,unrestricted_temporal_search,unrestricted,,std_destination_similarity,macro_global_unhappy_fraction,std_destination_similarity,macro_global_unhappy_fraction,,,none,False,False,False,False,not_applicable,not_applicable,none,-1,-1,-1,,2,0.01918834963390767,,,,,,,no_legal_upstream_micro_manipulation_root
primary_discovery,schelling,unrestricted_temporal_search,unrestricted,,std_destination_similarity,mean_local_similarity,std_destination_similarity,mean_local_similarity,,,none,False,False,False,False,not_applicable,not_applicable,none,-1,-1,-1,,1,0.07139479162830059,,,,,,,no_legal_upstream_micro_manipulation_root
primary_discovery,schelling,unrestricted_temporal_search,unrestricted,,std_destination_similarity,mean_neighbour_count,std_destination_similarity,mean_neighbour_count,,,none,False,False,False,False,not_applicable,not_applicable,none,-1,-1,-1,,2,-0.03785588990555608,,,,,,,no_legal_upstream_micro_manipulation_root
primary_discovery,schelling,unrestricted_temporal_search,unrestricted,,std_destination_similarity,meso_district_destination_similarity_std,std_destination_similarity,meso_district_destination_similarity_std,,,none,False,False,False,False,not_applicable,not_applicable,none,-1,-1,-1,,5,0.18391461131721262,,,,,,,no_legal_upstream_micro_manipulation_root
primary_discovery,schelling,unrestricted_temporal_search,unrestricted,,std_destination_similarity,meso_district_group_entropy_mean,std_destination_similarity,meso_district_group_entropy_mean,,,none,False,False,False,False,not_applicable,not_applicable,none,-1,-1,-1,,1,-0.01987296210640081,,,,,,,no_legal_upstream_micro_manipulation_root
primary_discovery,schelling,unrestricted_temporal_search,unrestricted,,std_destination_similarity,meso_district_local_similarity_std,std_destination_similarity,meso_district_local_similarity_std,,,none,False,False,False,False,not_applicable,not_applicable,none,-1,-1,-1,,1,0.22914418841449619,,,,,,,no_legal_upstream_micro_manipulation_root
primary_discovery,schelling,unrestricted_temporal_search,unrestricted,,std_destination_similarity,meso_district_move_fraction_std,std_destination_similarity,meso_district_move_fraction_std,,,none,False,False,False,False,not_applicable,not_applicable,none,-1,-1,-1,,1,-0.12357545088356092,,,,,,,no_legal_upstream_micro_manipulation_root
primary_discovery,schelling,unrestricted_temporal_search,unrestricted,,std_destination_similarity,meso_district_neighbour_count_std,std_destination_similarity,meso_district_neighbour_count_std,,,none,False,False,False,False,not_applicable,not_applicable,none,-1,-1,-1,,1,-0.12430635639460252,,,,,,,no_legal_upstream_micro_manipulation_root
primary_discovery,schelling,unrestricted_temporal_search,unrestricted,,std_destination_similarity,meso_district_unhappy_fraction_std,std_destination_similarity,meso_district_unhappy_fraction_std,,,none,False,False,False,False,not_applicable,not_applicable,none,-1,-1,-1,,3,0.11467394385138557,,,,,,,no_legal_upstream_micro_manipulation_root
primary_discovery,schelling,unrestricted_temporal_search,unrestricted,,std_destination_similarity,moved_fraction,std_destination_similarity,moved_fraction,,,none,False,False,False,False,not_applicable,not_applicable,none,-1,-1,-1,,5,0.31917220359692877,,,,,,,no_legal_upstream_micro_manipulation_root
primary_discovery,schelling,unrestricted_temporal_search,unrestricted,,std_destination_similarity,quantile_25_local_similarity,std_destination_similarity,quantile_25_local_similarity,,,none,False,False,False,False,not_applicable,not_applicable,none,-1,-1,-1,,4,0.0607952346669115,,,,,,,no_legal_upstream_micro_manipulation_root
primary_discovery,schelling,unrestricted_temporal_search,unrestricted,,std_destination_similarity,quantile_75_local_similarity,std_destination_similarity,quantile_75_local_similarity,,,none,False,False,False,False,not_applicable,not_applicable,none,-1,-1,-1,,2,0.16566524519339457,,,,,,,no_legal_upstream_micro_manipulation_root
primary_discovery,schelling,unrestricted_temporal_search,unrestricted,,std_destination_similarity,std_local_similarity,std_destination_similarity,std_local_similarity,,,none,False,False,False,False,not_applicable,not_applicable,none,-1,-1,-1,,1,-0.07432034428277394,,,,,,,no_legal_upstream_micro_manipulation_root
primary_discovery,schelling,unrestricted_temporal_search,unrestricted,,std_destination_similarity,std_neighbour_count,std_destination_similarity,std_neighbour_count,,,none,False,False,False,False,not_applicable,not_applicable,none,-1,-1,-1,,4,0.0516761010990236,,,,,,,no_legal_upstream_micro_manipulation_root
primary_discovery,schelling,unrestricted_temporal_search,unrestricted,,std_destination_similarity,unhappy_fraction,std_destination_similarity,unhappy_fraction,,,none,False,False,False,False,not_applicable,not_applicable,none,-1,-1,-1,,2,0.019188349633907753,,,,,,,no_legal_upstream_micro_manipulation_root
primary_discovery,schelling,unrestricted_temporal_search,unrestricted,,std_destination_similarity,unhappy_local_similarity_mean,std_destination_similarity,unhappy_local_similarity_mean,,,none,False,False,False,False,not_applicable,not_applicable,none,-1,-1,-1,,1,0.12435294303483667,,,,,,,no_legal_upstream_micro_manipulation_root
primary_discovery,schelling,unrestricted_temporal_search,unrestricted,,std_local_similarity,boundary_fraction,std_local_similarity,boundary_fraction,,,none,False,False,False,False,not_applicable,not_applicable,none,-1,-1,-1,,2,0.07911722477639,,,,,,,no_legal_upstream_micro_manipulation_root
primary_discovery,schelling,unrestricted_temporal_search,unrestricted,,std_local_similarity,macro_global_connected_components,std_local_similarity,macro_global_connected_components,,,none,False,False,False,False,not_applicable,not_applicable,none,-1,-1,-1,,3,-0.10108569922435068,,,,,,,no_legal_upstream_micro_manipulation_root
primary_discovery,schelling,unrestricted_temporal_search,unrestricted,,std_local_similarity,macro_global_moved_fraction,std_local_similarity,macro_global_moved_fraction,,,none,False,False,False,False,not_applicable,not_applicable,none,-1,-1,-1,,5,-0.3760257481174875,,,,,,,no_legal_upstream_micro_manipulation_root
primary_discovery,schelling,unrestricted_temporal_search,unrestricted,,std_local_similarity,macro_global_spatial_neighbor_similarity,std_local_similarity,macro_global_spatial_neighbor_similarity,,,none,False,False,False,False,not_applicable,not_applicable,none,-1,-1,-1,,3,0.06414587276729557,,,,,,,no_legal_upstream_micro_manipulation_root
primary_discovery,schelling,unrestricted_temporal_search,unrestricted,,std_local_similarity,macro_global_unhappy_fraction,std_local_similarity,macro_global_unhappy_fraction,,,none,False,False,False,False,not_applicable,not_applicable,none,-1,-1,-1,,5,0.05196149017897386,,,,,,,no_legal_upstream_micro_manipulation_root
primary_discovery,schelling,unrestricted_temporal_search,unrestricted,,std_local_similarity,mean_destination_similarity_movers,std_local_similarity,mean_destination_similarity_movers,,,none,False,False,False,False,not_applicable,not_applicable,none,-1,-1,-1,,5,0.5994432022316206,,,,,,,no_legal_upstream_micro_manipulation_root
primary_discovery,schelling,unrestricted_temporal_search,unrestricted,,std_local_similarity,mean_local_similarity,std_local_similarity,mean_local_similarity,,,none,False,False,False,False,not_applicable,not_applicable,none,-1,-1,-1,,4,0.03768638754079258,,,,,,,no_legal_upstream_micro_manipulation_root
primary_discovery,schelling,unrestricted_temporal_search,unrestricted,,std_local_similarity,mean_move_distance,std_local_similarity,mean_move_distance,,,none,False,False,False,False,not_applicable,not_applicable,none,-1,-1,-1,,5,0.6620394042783996,,,,,,,no_legal_upstream_micro_manipulation_root
primary_discovery,schelling,unrestricted_temporal_search,unrestricted,,std_local_similarity,mean_neighbour_count,std_local_similarity,mean_neighbour_count,,,none,False,False,False,False,not_applicable,not_applicable,none,-1,-1,-1,,4,0.528004318097968,,,,,,,no_legal_upstream_micro_manipulation_root
primary_discovery,schelling,unrestricted_temporal_search,unrestricted,,std_local_similarity,meso_district_destination_similarity_std,std_local_similarity,meso_district_destination_similarity_std,,,none,False,False,False,False,not_applicable,not_applicable,none,-1,-1,-1,,5,0.31417439784769113,,,,,,,no_legal_upstream_micro_manipulation_root
primary_discovery,schelling,unrestricted_temporal_search,unrestricted,,std_local_similarity,meso_district_group_entropy_mean,std_local_similarity,meso_district_group_entropy_mean,,,none,False,False,False,False,not_applicable,not_applicable,none,-1,-1,-1,,4,-0.0331717869642032,,,,,,,no_legal_upstream_micro_manipulation_root
primary_discovery,schelling,unrestricted_temporal_search,unrestricted,,std_local_similarity,meso_district_local_similarity_std,std_local_similarity,meso_district_local_similarity_std,,,none,False,False,False,False,not_applicable,not_applicable,none,-1,-1,-1,,5,-0.26976058240041473,,,,,,,no_legal_upstream_micro_manipulation_root
primary_discovery,schelling,unrestricted_temporal_search,unrestricted,,std_local_similarity,meso_district_move_distance_std,std_local_similarity,meso_district_move_distance_std,,,none,False,False,False,False,not_applicable,not_applicable,none,-1,-1,-1,,1,0.5428468481753587,,,,,,,no_legal_upstream_micro_manipulation_root
primary_discovery,schelling,unrestricted_temporal_search,unrestricted,,std_local_similarity,meso_district_move_fraction_std,std_local_similarity,meso_district_move_fraction_std,,,none,False,False,False,False,not_applicable,not_applicable,none,-1,-1,-1,,1,0.9127369191436332,,,,,,,no_legal_upstream_micro_manipulation_root
primary_discovery,schelling,unrestricted_temporal_search,unrestricted,,std_local_similarity,meso_district_neighbour_count_std,std_local_similarity,meso_district_neighbour_count_std,,,none,False,False,False,False,not_applicable,not_applicable,none,-1,-1,-1,,4,-0.5207494414194878,,,,,,,no_legal_upstream_micro_manipulation_root
primary_discovery,schelling,unrestricted_temporal_search,unrestricted,,std_local_similarity,meso_district_unhappy_fraction_std,std_local_similarity,meso_district_unhappy_fraction_std,,,none,False,False,False,False,not_applicable,not_applicable,none,-1,-1,-1,,2,0.36505462425626745,,,,,,,no_legal_upstream_micro_manipulation_root
primary_discovery,schelling,unrestricted_temporal_search,unrestricted,,std_local_similarity,move_distance_std,std_local_similarity,move_distance_std,,,none,False,False,False,False,not_applicable,not_applicable,none,-1,-1,-1,,1,0.5005571467240094,,,,,,,no_legal_upstream_micro_manipulation_root
primary_discovery,schelling,unrestricted_temporal_search,unrestricted,,std_local_similarity,moved_fraction,std_local_similarity,moved_fraction,,,none,False,False,False,False,not_applicable,not_applicable,none,-1,-1,-1,,5,-0.37602574811748796,,,,,,,no_legal_upstream_micro_manipulation_root
primary_discovery,schelling,unrestricted_temporal_search,unrestricted,,std_local_similarity,quantile_25_local_similarity,std_local_similarity,quantile_25_local_similarity,,,none,False,False,False,False,not_applicable,not_applicable,none,-1,-1,-1,,3,0.03535481273231865,,,,,,,no_legal_upstream_micro_manipulation_root
primary_discovery,schelling,unrestricted_temporal_search,unrestricted,,std_local_similarity,quantile_75_local_similarity,std_local_similarity,quantile_75_local_similarity,,,none,False,False,False,False,not_applicable,not_applicable,none,-1,-1,-1,,3,0.8707158624223403,,,,,,,no_legal_upstream_micro_manipulation_root
primary_discovery,schelling,unrestricted_temporal_search,unrestricted,,std_local_similarity,std_destination_similarity,std_local_similarity,std_destination_similarity,,,none,False,False,False,False,not_applicable,not_applicable,none,-1,-1,-1,,1,0.5493037197031907,,,,,,,no_legal_upstream_micro_manipulation_root
primary_discovery,schelling,unrestricted_temporal_search,unrestricted,,std_local_similarity,std_neighbour_count,std_local_similarity,std_neighbour_count,,,none,False,False,False,False,not_applicable,not_applicable,none,-1,-1,-1,,2,0.2809723672629072,,,,,,,no_legal_upstream_micro_manipulation_root
primary_discovery,schelling,unrestricted_temporal_search,unrestricted,,std_local_similarity,unhappy_fraction,std_local_similarity,unhappy_fraction,,,none,False,False,False,False,not_applicable,not_applicable,none,-1,-1,-1,,5,0.05196149017897482,,,,,,,no_legal_upstream_micro_manipulation_root
primary_discovery,schelling,unrestricted_temporal_search,unrestricted,,std_neighbour_count,boundary_fraction,std_neighbour_count,boundary_fraction,,,none,False,False,False,False,not_applicable,not_applicable,none,-1,-1,-1,,2,-0.010961910214508694,,,,,,,no_legal_upstream_micro_manipulation_root
primary_discovery,schelling,unrestricted_temporal_search,unrestricted,,std_neighbour_count,macro_global_spatial_neighbor_similarity,std_neighbour_count,macro_global_spatial_neighbor_similarity,,,none,False,False,False,False,not_applicable,not_applicable,none,-1,-1,-1,,2,0.012006777936285878,,,,,,,no_legal_upstream_micro_manipulation_root
primary_discovery,schelling,unrestricted_temporal_search,unrestricted,,std_neighbour_count,macro_global_unhappy_fraction,std_neighbour_count,macro_global_unhappy_fraction,,,none,False,False,False,False,not_applicable,not_applicable,none,-1,-1,-1,,3,-0.012933026245094431,,,,,,,no_legal_upstream_micro_manipulation_root
primary_discovery,schelling,unrestricted_temporal_search,unrestricted,,std_neighbour_count,mean_local_similarity,std_neighbour_count,mean_local_similarity,,,none,False,False,False,False,not_applicable,not_applicable,none,-1,-1,-1,,2,0.009279963313567445,,,,,,,no_legal_upstream_micro_manipulation_root
primary_discovery,schelling,unrestricted_temporal_search,unrestricted,,std_neighbour_count,meso_district_boundary_fraction_std,std_neighbour_count,meso_district_boundary_fraction_std,,,none,False,False,False,False,not_applicable,not_applicable,none,-1,-1,-1,,4,-0.09298505031115042,,,,,,,no_legal_upstream_micro_manipulation_root
primary_discovery,schelling,unrestricted_temporal_search,unrestricted,,std_neighbour_count,meso_district_group_entropy_mean,std_neighbour_count,meso_district_group_entropy_mean,,,none,False,False,False,False,not_applicable,not_applicable,none,-1,-1,-1,,2,-0.005761390475340737,,,,,,,no_legal_upstream_micro_manipulation_root
primary_discovery,schelling,unrestricted_temporal_search,unrestricted,,std_neighbour_count,meso_district_local_similarity_std,std_neighbour_count,meso_district_local_similarity_std,,,none,False,False,False,False,not_applicable,not_applicable,none,-1,-1,-1,,1,0.1317356560810558,,,,,,,no_legal_upstream_micro_manipulation_root
primary_discovery,schelling,unrestricted_temporal_search,unrestricted,,std_neighbour_count,meso_district_neighbour_count_std,std_neighbour_count,meso_district_neighbour_count_std,,,none,False,False,False,False,not_applicable,not_applicable,none,-1,-1,-1,,2,0.15736298387610237,,,,,,,no_legal_upstream_micro_manipulation_root
primary_discovery,schelling,unrestricted_temporal_search,unrestricted,,std_neighbour_count,meso_district_unhappy_fraction_std,std_neighbour_count,meso_district_unhappy_fraction_std,,,none,False,False,False,False,not_applicable,not_applicable,none,-1,-1,-1,,1,0.09167877423262694,,,,,,,no_legal_upstream_micro_manipulation_root
primary_discovery,schelling,unrestricted_temporal_search,unrestricted,,std_neighbour_count,quantile_25_local_similarity,std_neighbour_count,quantile_25_local_similarity,,,none,False,False,False,False,not_applicable,not_applicable,none,-1,-1,-1,,2,0.05599560992333482,,,,,,,no_legal_upstream_micro_manipulation_root
primary_discovery,schelling,unrestricted_temporal_search,unrestricted,,std_neighbour_count,quantile_75_local_similarity,std_neighbour_count,quantile_75_local_similarity,,,none,False,False,False,False,not_applicable,not_applicable,none,-1,-1,-1,,2,0.1608199119949353,,,,,,,no_legal_upstream_micro_manipulation_root
primary_discovery,schelling,unrestricted_temporal_search,unrestricted,,std_neighbour_count,std_local_similarity,std_neighbour_count,std_local_similarity,,,none,False,False,False,False,not_applicable,not_applicable,none,-1,-1,-1,,4,-0.013413014391004513,,,,,,,no_legal_upstream_micro_manipulation_root
primary_discovery,schelling,unrestricted_temporal_search,unrestricted,,std_neighbour_count,unhappy_fraction,std_neighbour_count,unhappy_fraction,,,none,False,False,False,False,not_applicable,not_applicable,none,-1,-1,-1,,3,-0.012933026245094091,,,,,,,no_legal_upstream_micro_manipulation_root
primary_discovery,schelling,unrestricted_temporal_search,unrestricted,,unhappy_fraction,boundary_fraction,unhappy_fraction,boundary_fraction,,,none,False,False,False,False,not_applicable,not_applicable,none,-1,-1,-1,,2,0.021402531492642814,,,,,,,no_legal_upstream_micro_manipulation_root
primary_discovery,schelling,unrestricted_temporal_search,unrestricted,,unhappy_fraction,macro_global_connected_components,unhappy_fraction,macro_global_connected_components,,,none,False,False,False,False,not_applicable,not_applicable,none,-1,-1,-1,,2,0.06980528932758423,,,,,,,no_legal_upstream_micro_manipulation_root
primary_discovery,schelling,unrestricted_temporal_search,unrestricted,,unhappy_fraction,macro_global_moved_fraction,unhappy_fraction,macro_global_moved_fraction,,,none,False,False,False,False,not_applicable,not_applicable,none,-1,-1,-1,,1,0.4443958073846798,,,,,,,no_legal_upstream_micro_manipulation_root
primary_discovery,schelling,unrestricted_temporal_search,unrestricted,,unhappy_fraction,macro_global_spatial_neighbor_similarity,unhappy_fraction,macro_global_spatial_neighbor_similarity,,,none,False,False,False,False,not_applicable,not_applicable,none,-1,-1,-1,,4,0.02518078507751658,,,,,,,no_legal_upstream_micro_manipulation_root
primary_discovery,schelling,unrestricted_temporal_search,unrestricted,,unhappy_fraction,macro_global_unhappy_fraction,unhappy_fraction,macro_global_unhappy_fraction,,,none,False,False,False,False,not_applicable,not_applicable,none,-1,-1,-1,,1,0.5888043012055032,,,,,,,no_legal_upstream_micro_manipulation_root
primary_discovery,schelling,unrestricted_temporal_search,unrestricted,,unhappy_fraction,mean_destination_similarity_movers,unhappy_fraction,mean_destination_similarity_movers,,,none,False,False,False,False,not_applicable,not_applicable,none,-1,-1,-1,,5,0.14983826976706668,,,,,,,no_legal_upstream_micro_manipulation_root
primary_discovery,schelling,unrestricted_temporal_search,unrestricted,,unhappy_fraction,mean_local_similarity,unhappy_fraction,mean_local_similarity,,,none,False,False,False,False,not_applicable,not_applicable,none,-1,-1,-1,,1,-0.02868960980431367,,,,,,,no_legal_upstream_micro_manipulation_root
primary_discovery,schelling,unrestricted_temporal_search,unrestricted,,unhappy_fraction,mean_move_distance,unhappy_fraction,mean_move_distance,,,none,False,False,False,False,not_applicable,not_applicable,none,-1,-1,-1,,5,0.25680954365064895,,,,,,,no_legal_upstream_micro_manipulation_root
primary_discovery,schelling,unrestricted_temporal_search,unrestricted,,unhappy_fraction,mean_neighbour_count,unhappy_fraction,mean_neighbour_count,,,none,False,False,False,False,not_applicable,not_applicable,none,-1,-1,-1,,2,-0.12702049272413157,,,,,,,no_legal_upstream_micro_manipulation_root
primary_discovery,schelling,unrestricted_temporal_search,unrestricted,unhappy_fraction,unhappy_fraction,meso_district_boundary_fraction_std,unhappy_fraction,meso_district_boundary_fraction_std,tolerance,minus,micro,True,True,False,True,no_stable_downstream_effect,no_stable_downstream_effect,direct_root,0,0,3,3.0,5,0.20582345128752746,-2.0,False,True,-0.23785181381504725,-0.23785181381504725,0.4089136124012554,
primary_discovery,schelling,unrestricted_temporal_search,unrestricted,unhappy_fraction,unhappy_fraction,meso_district_boundary_fraction_std,unhappy_fraction,meso_district_boundary_fraction_std,tolerance,plus,micro,True,True,True,True,supported,supported,direct_root,0,0,35,35.0,5,0.20582345128752746,30.0,False,False,0.6810788178937784,0.6810788178937784,-1.2240413481341144,
primary_discovery,schelling,unrestricted_temporal_search,unrestricted,unhappy_fraction,unhappy_fraction,meso_district_destination_similarity_std,unhappy_fraction,meso_district_destination_similarity_std,tolerance,minus,micro,True,True,True,True,supported,supported,direct_root,0,0,0,0.0,4,0.488460134521144,-4.0,True,False,-0.23785181381504725,-0.23785181381504725,-0.18671166881800882,
primary_discovery,schelling,unrestricted_temporal_search,unrestricted,unhappy_fraction,unhappy_fraction,meso_district_destination_similarity_std,unhappy_fraction,meso_district_destination_similarity_std,tolerance,plus,micro,True,True,True,True,supported,supported,direct_root,0,0,0,0.0,4,0.488460134521144,-4.0,True,False,0.6810788178937784,0.6810788178937784,0.46773650610488465,
primary_discovery,schelling,unrestricted_temporal_search,unrestricted,unhappy_fraction,unhappy_fraction,meso_district_group_entropy_mean,unhappy_fraction,meso_district_group_entropy_mean,tolerance,minus,micro,True,True,True,True,supported,supported,direct_root,0,0,6,6.0,2,0.026609421762783463,4.0,False,False,-0.23785181381504725,-0.23785181381504725,0.9600569805696164,
primary_discovery,schelling,unrestricted_temporal_search,unrestricted,unhappy_fraction,unhappy_fraction,meso_district_group_entropy_mean,unhappy_fraction,meso_district_group_entropy_mean,tolerance,plus,micro,True,True,False,False,no_stable_downstream_effect,no_stable_downstream_effect,direct_root,0,0,-1,,2,0.026609421762783463,,False,,0.6810788178937784,0.6810788178937784,-0.257047013783002,
primary_discovery,schelling,unrestricted_temporal_search,unrestricted,unhappy_fraction,unhappy_fraction,meso_district_local_similarity_std,unhappy_fraction,meso_district_local_similarity_std,tolerance,minus,micro,True,True,True,True,supported,supported,direct_root,0,0,31,31.0,1,0.30314905352888477,30.0,False,False,-0.23785181381504725,-0.23785181381504725,1.3679623424767424,
primary_discovery,schelling,unrestricted_temporal_search,unrestricted,unhappy_fraction,unhappy_fraction,meso_district_local_similarity_std,unhappy_fraction,meso_district_local_similarity_std,tolerance,plus,micro,True,True,True,True,supported,supported,direct_root,0,0,34,34.0,1,0.30314905352888477,33.0,False,False,0.6810788178937784,0.6810788178937784,-1.445824993709645,
primary_discovery,schelling,unrestricted_temporal_search,unrestricted,unhappy_fraction,unhappy_fraction,meso_district_move_distance_std,unhappy_fraction,meso_district_move_distance_std,tolerance,minus,micro,True,True,True,True,supported,supported,direct_root,0,0,0,0.0,2,-1.0918057130893004,-2.0,False,True,-0.23785181381504725,-0.23785181381504725,-0.2145525572170345,
primary_discovery,schelling,unrestricted_temporal_search,unrestricted,unhappy_fraction,unhappy_fraction,meso_district_move_distance_std,unhappy_fraction,meso_district_move_distance_std,tolerance,plus,micro,True,True,True,True,supported,supported,direct_root,0,0,0,0.0,2,-1.0918057130893004,-2.0,False,True,0.6810788178937784,0.6810788178937784,0.4867891329517824,
primary_discovery,schelling,unrestricted_temporal_search,unrestricted,unhappy_fraction,unhappy_fraction,meso_district_move_fraction_std,unhappy_fraction,meso_district_move_fraction_std,tolerance,minus,micro,True,True,True,True,supported,supported,direct_root,0,0,0,0.0,1,0.5387611517185683,-1.0,True,True,-0.23785181381504725,-0.23785181381504725,-0.20940930647534917,
primary_discovery,schelling,unrestricted_temporal_search,unrestricted,unhappy_fraction,unhappy_fraction,meso_district_move_fraction_std,unhappy_fraction,meso_district_move_fraction_std,tolerance,plus,micro,True,True,True,True,supported,supported,direct_root,0,0,0,0.0,1,0.5387611517185683,-1.0,True,True,0.6810788178937784,0.6810788178937784,0.5241375378923637,
primary_discovery,schelling,unrestricted_temporal_search,unrestricted,unhappy_fraction,unhappy_fraction,meso_district_neighbour_count_std,unhappy_fraction,meso_district_neighbour_count_std,tolerance,minus,micro,True,True,False,False,no_stable_downstream_effect,no_stable_downstream_effect,direct_root,0,0,-1,,2,-0.31653088276850927,,False,,-0.23785181381504725,-0.23785181381504725,-0.30486102496809947,
primary_discovery,schelling,unrestricted_temporal_search,unrestricted,unhappy_fraction,unhappy_fraction,meso_district_neighbour_count_std,unhappy_fraction,meso_district_neighbour_count_std,tolerance,plus,micro,True,True,True,True,supported,supported,direct_root,0,0,31,31.0,2,-0.31653088276850927,29.0,False,False,0.6810788178937784,0.6810788178937784,0.5540032792639907,
primary_discovery,schelling,unrestricted_temporal_search,unrestricted,unhappy_fraction,unhappy_fraction,meso_district_unhappy_fraction_std,unhappy_fraction,meso_district_unhappy_fraction_std,tolerance,minus,micro,True,True,True,True,supported,supported,direct_root,0,0,0,0.0,1,0.30407561009596806,-1.0,True,True,-0.23785181381504725,-0.23785181381504725,-0.27014684098114866,
primary_discovery,schelling,unrestricted_temporal_search,unrestricted,unhappy_fraction,unhappy_fraction,meso_district_unhappy_fraction_std,unhappy_fraction,meso_district_unhappy_fraction_std,tolerance,plus,micro,True,True,True,True,supported,supported,direct_root,0,0,2,2.0,1,0.30407561009596806,1.0,True,True,0.6810788178937784,0.6810788178937784,0.820703867837433,
primary_discovery,schelling,unrestricted_temporal_search,unrestricted,,unhappy_fraction,move_distance_std,unhappy_fraction,move_distance_std,,,none,False,False,False,False,not_applicable,not_applicable,none,-1,-1,-1,,1,0.40614743391084224,,,,,,,no_legal_upstream_micro_manipulation_root
primary_discovery,schelling,unrestricted_temporal_search,unrestricted,,unhappy_fraction,moved_fraction,unhappy_fraction,moved_fraction,,,none,False,False,False,False,not_applicable,not_applicable,none,-1,-1,-1,,1,0.4443958073846798,,,,,,,no_legal_upstream_micro_manipulation_root
primary_discovery,schelling,unrestricted_temporal_search,unrestricted,,unhappy_fraction,quantile_25_local_similarity,unhappy_fraction,quantile_25_local_similarity,,,none,False,False,False,False,not_applicable,not_applicable,none,-1,-1,-1,,4,0.23644039101276745,,,,,,,no_legal_upstream_micro_manipulation_root
primary_discovery,schelling,unrestricted_temporal_search,unrestricted,,unhappy_fraction,quantile_75_local_similarity,unhappy_fraction,quantile_75_local_similarity,,,none,False,False,False,False,not_applicable,not_applicable,none,-1,-1,-1,,1,-0.18729313639598336,,,,,,,no_legal_upstream_micro_manipulation_root
primary_discovery,schelling,unrestricted_temporal_search,unrestricted,,unhappy_fraction,std_destination_similarity,unhappy_fraction,std_destination_similarity,,,none,False,False,False,False,not_applicable,not_applicable,none,-1,-1,-1,,1,0.37164436676721335,,,,,,,no_legal_upstream_micro_manipulation_root
primary_discovery,schelling,unrestricted_temporal_search,unrestricted,,unhappy_fraction,std_local_similarity,unhappy_fraction,std_local_similarity,,,none,False,False,False,False,not_applicable,not_applicable,none,-1,-1,-1,,2,0.06851818238122852,,,,,,,no_legal_upstream_micro_manipulation_root
primary_discovery,schelling,unrestricted_temporal_search,unrestricted,,unhappy_fraction,std_neighbour_count,unhappy_fraction,std_neighbour_count,,,none,False,False,False,False,not_applicable,not_applicable,none,-1,-1,-1,,5,0.2194809462872321,,,,,,,no_legal_upstream_micro_manipulation_root
primary_discovery,schelling,unrestricted_temporal_search,unrestricted,,unhappy_local_similarity_mean,local_similarity_entropy,unhappy_local_similarity_mean,local_similarity_entropy,,,none,False,False,False,False,not_applicable,not_applicable,none,-1,-1,-1,,1,-0.012991875480119689,,,,,,,no_legal_upstream_micro_manipulation_root
primary_discovery,schelling,unrestricted_temporal_search,unrestricted,,unhappy_local_similarity_mean,meso_district_unhappy_fraction_std,unhappy_local_similarity_mean,meso_district_unhappy_fraction_std,,,none,False,False,False,False,not_applicable,not_applicable,none,-1,-1,-1,,1,0.02971122241672086,,,,,,,no_legal_upstream_micro_manipulation_root
primary_discovery,schelling,unrestricted_temporal_search,unrestricted,,unhappy_local_similarity_mean,relocation_response_fraction,unhappy_local_similarity_mean,relocation_response_fraction,,,none,False,False,False,False,not_applicable,not_applicable,none,-1,-1,-1,,1,0.3379919520409464,,,,,,,no_legal_upstream_micro_manipulation_root
primary_discovery,schelling,single_trajectory,macro_outcome_macro_global_connected_components,mean_destination_similarity_movers,mean_destination_similarity_movers,meso_district_group_entropy_mean,mean_destination_similarity_movers,meso_district_group_entropy_mean,destination_preference,minus,micro,True,True,False,True,no_stable_downstream_effect,no_stable_downstream_effect,direct_root,0,0,7,7.0,1,-0.01987506968071092,6.0,False,False,0.2660373976867192,0.2660373976867192,0.24861572300981738,
primary_discovery,schelling,single_trajectory,macro_outcome_macro_global_connected_components,mean_destination_similarity_movers,mean_destination_similarity_movers,meso_district_group_entropy_mean,mean_destination_similarity_movers,meso_district_group_entropy_mean,destination_preference,plus,micro,False,False,False,False,manipulation_failure,manipulation_failure,direct_root,-1,-1,-1,,1,-0.01987506968071092,,True,,-0.03843998552837691,-0.03843998552837691,0.08546036005427086,
primary_discovery,schelling,single_trajectory,macro_outcome_macro_global_connected_components,moved_fraction,meso_district_boundary_fraction_std,macro_global_connected_components,meso_district_boundary_fraction_std,macro_global_connected_components,move_probability,minus,micro,True,False,True,True,no_stable_downstream_effect,no_stable_downstream_effect,upstream_mediated,0,1,1,0.0,4,0.02942921037012176,-4.0,False,False,0.30842417212350776,-0.044960343039515245,1.1998703053374757,
primary_discovery,schelling,single_trajectory,macro_outcome_macro_global_connected_components,moved_fraction,meso_district_boundary_fraction_std,macro_global_connected_components,meso_district_boundary_fraction_std,macro_global_connected_components,move_probability,plus,micro,True,False,True,True,no_stable_downstream_effect,no_stable_downstream_effect,upstream_mediated,0,1,1,0.0,4,0.02942921037012176,-4.0,False,False,-0.2787196878892839,0.03111264770005352,-0.33427194334221255,
primary_discovery,schelling,single_trajectory,macro_outcome_macro_global_connected_components,unhappy_fraction,meso_district_destination_similarity_std,macro_global_connected_components,meso_district_destination_similarity_std,macro_global_connected_components,tolerance,minus,micro,True,True,True,True,supported,supported,upstream_mediated,0,0,2,2.0,4,0.035429542780563,-2.0,False,True,-0.23785181381504725,-0.18671166881800882,1.7000771125404406,
primary_discovery,schelling,single_trajectory,macro_outcome_macro_global_connected_components,unhappy_fraction,meso_district_destination_similarity_std,macro_global_connected_components,meso_district_destination_similarity_std,macro_global_connected_components,tolerance,plus,micro,True,True,False,True,no_stable_downstream_effect,no_stable_downstream_effect,upstream_mediated,0,0,76,76.0,4,0.035429542780563,72.0,False,False,0.6810788178937784,0.46773650610488465,-0.14391455400425834,
primary_discovery,schelling,single_trajectory,macro_outcome_macro_global_connected_components,mean_destination_similarity_movers,meso_district_move_distance_std,macro_global_connected_components,meso_district_move_distance_std,macro_global_connected_components,destination_preference,minus,micro,True,True,True,False,inconclusive,inconclusive,upstream_mediated,0,11,1,-10.0,5,0.03048590319078046,-15.0,True,False,0.2660373976867192,0.5645883599485648,0.684777040727394,
primary_discovery,schelling,single_trajectory,macro_outcome_macro_global_connected_components,mean_destination_similarity_movers,meso_district_move_distance_std,macro_global_connected_components,meso_district_move_distance_std,macro_global_connected_components,destination_preference,plus,micro,False,False,False,False,manipulation_failure,manipulation_failure,upstream_mediated,-1,-1,4,,5,0.03048590319078046,,True,,-0.03843998552837691,-0.09032910133874371,-0.047935120795045076,
primary_discovery,schelling,single_trajectory,macro_outcome_macro_global_connected_components,unhappy_fraction,meso_district_unhappy_fraction_std,macro_global_connected_components,meso_district_unhappy_fraction_std,macro_global_connected_components,tolerance,minus,micro,True,True,True,True,supported,supported,upstream_mediated,0,0,2,2.0,4,-0.053858441086304026,-2.0,True,True,-0.23785181381504725,-0.27014684098114866,1.7000771125404406,
primary_discovery,schelling,single_trajectory,macro_outcome_macro_global_connected_components,unhappy_fraction,meso_district_unhappy_fraction_std,macro_global_connected_components,meso_district_unhappy_fraction_std,macro_global_connected_components,tolerance,plus,micro,True,True,False,True,no_stable_downstream_effect,no_stable_downstream_effect,upstream_mediated,0,2,76,74.0,4,-0.053858441086304026,70.0,True,False,0.6810788178937784,0.820703867837433,-0.14391455400425834,
primary_discovery,schelling,single_trajectory,macro_outcome_macro_global_connected_components,moved_fraction,moved_fraction,meso_district_boundary_fraction_std,moved_fraction,meso_district_boundary_fraction_std,move_probability,minus,micro,True,True,False,True,no_stable_downstream_effect,no_stable_downstream_effect,direct_root,0,0,1,1.0,1,0.2875505775408007,0.0,False,True,0.30842417212350776,0.30842417212350776,-0.044960343039515245,
primary_discovery,schelling,single_trajectory,macro_outcome_macro_global_connected_components,moved_fraction,moved_fraction,meso_district_boundary_fraction_std,moved_fraction,meso_district_boundary_fraction_std,move_probability,plus,micro,True,True,False,True,no_stable_downstream_effect,no_stable_downstream_effect,direct_root,0,0,1,1.0,1,0.2875505775408007,0.0,False,True,-0.2787196878892839,-0.2787196878892839,0.03111264770005352,
primary_discovery,schelling,single_trajectory,macro_outcome_macro_global_connected_components,unhappy_fraction,unhappy_fraction,meso_district_destination_similarity_std,unhappy_fraction,meso_district_destination_similarity_std,tolerance,minus,micro,True,True,True,True,supported,supported,direct_root,0,0,0,0.0,3,3.7782551009806835,-3.0,True,False,-0.23785181381504725,-0.23785181381504725,-0.18671166881800882,
primary_discovery,schelling,single_trajectory,macro_outcome_macro_global_connected_components,unhappy_fraction,unhappy_fraction,meso_district_destination_similarity_std,unhappy_fraction,meso_district_destination_similarity_std,tolerance,plus,micro,True,True,True,True,supported,supported,direct_root,0,0,0,0.0,3,3.7782551009806835,-3.0,True,False,0.6810788178937784,0.6810788178937784,0.46773650610488465,
primary_discovery,schelling,single_trajectory,macro_outcome_macro_global_connected_components,unhappy_fraction,unhappy_fraction,meso_district_unhappy_fraction_std,unhappy_fraction,meso_district_unhappy_fraction_std,tolerance,minus,micro,True,True,True,True,supported,supported,direct_root,0,0,0,0.0,5,-2.0927077551005007,-5.0,False,False,-0.23785181381504725,-0.23785181381504725,-0.27014684098114866,
primary_discovery,schelling,single_trajectory,macro_outcome_macro_global_connected_components,unhappy_fraction,unhappy_fraction,meso_district_unhappy_fraction_std,unhappy_fraction,meso_district_unhappy_fraction_std,tolerance,plus,micro,True,True,True,True,supported,supported,direct_root,0,0,2,2.0,5,-2.0927077551005007,-3.0,False,False,0.6810788178937784,0.6810788178937784,0.820703867837433,
primary_discovery,schelling,single_trajectory,macro_outcome_macro_global_moved_fraction,relocation_response_fraction,meso_district_move_fraction_std,macro_global_moved_fraction,meso_district_move_fraction_std,macro_global_moved_fraction,move_probability,minus,micro,False,True,True,True,manipulation_failure,manipulation_failure,upstream_mediated,0,0,0,0.0,5,0.3082110161810838,-5.0,True,False,-0.05465641994604637,0.4231921988102642,0.30842417212350776,
primary_discovery,schelling,single_trajectory,macro_outcome_macro_global_moved_fraction,relocation_response_fraction,meso_district_move_fraction_std,macro_global_moved_fraction,meso_district_move_fraction_std,macro_global_moved_fraction,move_probability,plus,micro,False,True,True,True,manipulation_failure,manipulation_failure,upstream_mediated,0,0,0,0.0,5,0.3082110161810838,-5.0,True,False,-0.055605059281195156,-0.3189939138418262,-0.2787196878892839,
primary_discovery,schelling,single_trajectory,macro_outcome_macro_global_moved_fraction,unhappy_fraction,meso_district_move_fraction_std,macro_global_moved_fraction,meso_district_move_fraction_std,macro_global_moved_fraction,tolerance,minus,micro,True,True,True,True,supported,supported,upstream_mediated,0,0,0,0.0,5,0.3082110161810838,-5.0,True,False,-0.23785181381504725,-0.20940930647534917,-0.2113304102235822,
primary_discovery,schelling,single_trajectory,macro_outcome_macro_global_moved_fraction,unhappy_fraction,meso_district_move_fraction_std,macro_global_moved_fraction,meso_district_move_fraction_std,macro_global_moved_fraction,tolerance,plus,micro,True,True,True,True,supported,supported,upstream_mediated,0,0,0,0.0,5,0.3082110161810838,-5.0,True,False,0.6810788178937784,0.5241375378923637,0.5992621073123257,
primary_discovery,schelling,single_trajectory,macro_outcome_macro_global_moved_fraction,unhappy_fraction,unhappy_fraction,meso_district_move_fraction_std,unhappy_fraction,meso_district_move_fraction_std,tolerance,minus,micro,True,True,True,True,supported,supported,direct_root,0,0,0,0.0,3,0.2633449136596818,-3.0,True,False,-0.23785181381504725,-0.23785181381504725,-0.20940930647534917,
primary_discovery,schelling,single_trajectory,macro_outcome_macro_global_moved_fraction,unhappy_fraction,unhappy_fraction,meso_district_move_fraction_std,unhappy_fraction,meso_district_move_fraction_std,tolerance,plus,micro,True,True,True,True,supported,supported,direct_root,0,0,0,0.0,3,0.2633449136596818,-3.0,True,False,0.6810788178937784,0.6810788178937784,0.5241375378923637,
primary_discovery,schelling,single_trajectory,macro_outcome_macro_global_spatial_neighbor_similarity,mean_destination_similarity_movers,mean_destination_similarity_movers,meso_district_destination_similarity_std,mean_destination_similarity_movers,meso_district_destination_similarity_std,destination_preference,minus,micro,True,True,True,True,supported,supported,direct_root,0,0,37,37.0,5,0.21602211622514125,32.0,True,False,0.2660373976867192,0.2660373976867192,0.3948835471921246,
primary_discovery,schelling,single_trajectory,macro_outcome_macro_global_spatial_neighbor_similarity,mean_destination_similarity_movers,mean_destination_similarity_movers,meso_district_destination_similarity_std,mean_destination_similarity_movers,meso_district_destination_similarity_std,destination_preference,plus,micro,False,False,False,False,manipulation_failure,manipulation_failure,direct_root,-1,-1,-1,,5,0.21602211622514125,,True,,-0.03843998552837691,-0.03843998552837691,-0.063951601480493,
primary_discovery,schelling,single_trajectory,macro_outcome_macro_global_spatial_neighbor_similarity,unhappy_fraction,meso_district_boundary_fraction_std,macro_global_spatial_neighbor_similarity,meso_district_boundary_fraction_std,macro_global_spatial_neighbor_similarity,tolerance,minus,micro,True,False,True,False,no_stable_downstream_effect,no_stable_downstream_effect,upstream_mediated,0,3,1,-2.0,2,-0.018927154762879657,-4.0,True,False,-0.23785181381504725,0.4089136124012554,-3.340027328067182,
primary_discovery,schelling,single_trajectory,macro_outcome_macro_global_spatial_neighbor_similarity,unhappy_fraction,meso_district_boundary_fraction_std,macro_global_spatial_neighbor_similarity,meso_district_boundary_fraction_std,macro_global_spatial_neighbor_similarity,tolerance,plus,micro,True,True,True,False,inconclusive,inconclusive,upstream_mediated,0,35,2,-33.0,2,-0.018927154762879657,-35.0,True,False,0.6810788178937784,-1.2240413481341144,1.1557030527038552,
primary_discovery,schelling,single_trajectory,macro_outcome_macro_global_spatial_neighbor_similarity,mean_destination_similarity_movers,meso_district_destination_similarity_std,macro_global_spatial_neighbor_similarity,meso_district_destination_similarity_std,macro_global_spatial_neighbor_similarity,destination_preference,minus,micro,True,True,True,False,inconclusive,inconclusive,upstream_mediated,0,37,1,-36.0,1,0.0915382003528093,-37.0,False,False,0.2660373976867192,0.3948835471921246,-0.7595975906009652,
primary_discovery,schelling,single_trajectory,macro_outcome_macro_global_spatial_neighbor_similarity,mean_destination_similarity_movers,meso_district_destination_similarity_std,macro_global_spatial_neighbor_similarity,meso_district_destination_similarity_std,macro_global_spatial_neighbor_similarity,destination_preference,plus,micro,False,False,False,False,manipulation_failure,manipulation_failure,upstream_mediated,-1,-1,1,,1,0.0915382003528093,,False,,-0.03843998552837691,-0.063951601480493,0.11253615540440924,
primary_discovery,schelling,single_trajectory,macro_outcome_macro_global_spatial_neighbor_similarity,moved_fraction,meso_district_destination_similarity_std,macro_global_spatial_neighbor_similarity,meso_district_destination_similarity_std,macro_global_spatial_neighbor_similarity,move_probability,minus,micro,True,True,True,True,supported,supported,upstream_mediated,0,0,1,1.0,1,0.0915382003528093,0.0,False,True,0.30842417212350776,0.4006009736523353,-1.1559107811903222,
primary_discovery,schelling,single_trajectory,macro_outcome_macro_global_spatial_neighbor_similarity,moved_fraction,meso_district_destination_similarity_std,macro_global_spatial_neighbor_similarity,meso_district_destination_similarity_std,macro_global_spatial_neighbor_similarity,move_probability,plus,micro,True,True,True,True,supported,supported,upstream_mediated,0,0,1,1.0,1,0.0915382003528093,0.0,False,True,-0.2787196878892839,-0.31427913799125545,0.4482393507792006,
primary_discovery,schelling,single_trajectory,macro_outcome_macro_global_spatial_neighbor_similarity,unhappy_fraction,meso_district_move_fraction_std,macro_global_spatial_neighbor_similarity,meso_district_move_fraction_std,macro_global_spatial_neighbor_similarity,tolerance,minus,micro,True,True,True,True,supported,supported,upstream_mediated,0,0,1,1.0,1,-0.0732801204387801,0.0,False,True,-0.23785181381504725,-0.20940930647534917,-3.340027328067182,
primary_discovery,schelling,single_trajectory,macro_outcome_macro_global_spatial_neighbor_similarity,unhappy_fraction,meso_district_move_fraction_std,macro_global_spatial_neighbor_similarity,meso_district_move_fraction_std,macro_global_spatial_neighbor_similarity,tolerance,plus,micro,True,True,True,True,supported,supported,upstream_mediated,0,0,2,2.0,1,-0.0732801204387801,1.0,False,True,0.6810788178937784,0.5241375378923637,1.1557030527038552,
primary_discovery,schelling,single_trajectory,macro_outcome_macro_global_spatial_neighbor_similarity,moved_fraction,moved_fraction,meso_district_destination_similarity_std,moved_fraction,meso_district_destination_similarity_std,move_probability,minus,micro,True,True,True,True,supported,supported,direct_root,0,0,0,0.0,5,0.49860307434125095,-5.0,True,False,0.30842417212350776,0.30842417212350776,0.4006009736523353,
primary_discovery,schelling,single_trajectory,macro_outcome_macro_global_spatial_neighbor_similarity,moved_fraction,moved_fraction,meso_district_destination_similarity_std,moved_fraction,meso_district_destination_similarity_std,move_probability,plus,micro,True,True,True,True,supported,supported,direct_root,0,0,0,0.0,5,0.49860307434125095,-5.0,True,False,-0.2787196878892839,-0.2787196878892839,-0.31427913799125545,
primary_discovery,schelling,single_trajectory,macro_outcome_macro_global_spatial_neighbor_similarity,unhappy_fraction,unhappy_fraction,meso_district_boundary_fraction_std,unhappy_fraction,meso_district_boundary_fraction_std,tolerance,minus,micro,True,True,False,True,no_stable_downstream_effect,no_stable_downstream_effect,direct_root,0,0,3,3.0,5,-1.0049132080445382,-2.0,True,True,-0.23785181381504725,-0.23785181381504725,0.4089136124012554,
primary_discovery,schelling,single_trajectory,macro_outcome_macro_global_spatial_neighbor_similarity,unhappy_fraction,unhappy_fraction,meso_district_boundary_fraction_std,unhappy_fraction,meso_district_boundary_fraction_std,tolerance,plus,micro,True,True,True,True,supported,supported,direct_root,0,0,35,35.0,5,-1.0049132080445382,30.0,True,False,0.6810788178937784,0.6810788178937784,-1.2240413481341144,
primary_discovery,schelling,single_trajectory,macro_outcome_macro_global_spatial_neighbor_similarity,unhappy_fraction,unhappy_fraction,meso_district_move_fraction_std,unhappy_fraction,meso_district_move_fraction_std,tolerance,minus,micro,True,True,True,True,supported,supported,direct_root,0,0,0,0.0,3,0.2633449136596818,-3.0,True,False,-0.23785181381504725,-0.23785181381504725,-0.20940930647534917,
primary_discovery,schelling,single_trajectory,macro_outcome_macro_global_spatial_neighbor_similarity,unhappy_fraction,unhappy_fraction,meso_district_move_fraction_std,unhappy_fraction,meso_district_move_fraction_std,tolerance,plus,micro,True,True,True,True,supported,supported,direct_root,0,0,0,0.0,3,0.2633449136596818,-3.0,True,False,0.6810788178937784,0.6810788178937784,0.5241375378923637,
primary_discovery,schelling,single_trajectory,macro_outcome_macro_global_unhappy_fraction,mean_destination_similarity_movers,mean_destination_similarity_movers,meso_district_boundary_fraction_std,mean_destination_similarity_movers,meso_district_boundary_fraction_std,destination_preference,minus,micro,True,True,False,True,no_stable_downstream_effect,no_stable_downstream_effect,direct_root,0,0,1,1.0,2,-0.11914252363785387,-1.0,False,True,0.2660373976867192,0.2660373976867192,0.20887094435778808,
primary_discovery,schelling,single_trajectory,macro_outcome_macro_global_unhappy_fraction,mean_destination_similarity_movers,mean_destination_similarity_movers,meso_district_boundary_fraction_std,mean_destination_similarity_movers,meso_district_boundary_fraction_std,destination_preference,plus,micro,False,False,False,False,manipulation_failure,manipulation_failure,direct_root,-1,-1,-1,,2,-0.11914252363785387,,False,,-0.03843998552837691,-0.03843998552837691,-0.06888294387427304,
primary_discovery,schelling,single_trajectory,macro_outcome_macro_global_unhappy_fraction,mean_destination_similarity_movers,mean_destination_similarity_movers,meso_district_destination_similarity_std,mean_destination_similarity_movers,meso_district_destination_similarity_std,destination_preference,minus,micro,True,True,True,True,supported,supported,direct_root,0,0,37,37.0,5,0.21602211622514125,32.0,True,False,0.2660373976867192,0.2660373976867192,0.3948835471921246,
primary_discovery,schelling,single_trajectory,macro_outcome_macro_global_unhappy_fraction,mean_destination_similarity_movers,mean_destination_similarity_movers,meso_district_destination_similarity_std,mean_destination_similarity_movers,meso_district_destination_similarity_std,destination_preference,plus,micro,False,False,False,False,manipulation_failure,manipulation_failure,direct_root,-1,-1,-1,,5,0.21602211622514125,,True,,-0.03843998552837691,-0.03843998552837691,-0.063951601480493,
primary_discovery,schelling,single_trajectory,macro_outcome_macro_global_unhappy_fraction,mean_destination_similarity_movers,meso_district_boundary_fraction_std,macro_global_unhappy_fraction,meso_district_boundary_fraction_std,macro_global_unhappy_fraction,destination_preference,minus,micro,True,False,True,True,no_stable_downstream_effect,no_stable_downstream_effect,upstream_mediated,0,1,1,0.0,2,0.04011479503692184,-2.0,True,True,0.2660373976867192,0.20887094435778808,0.7223266216165585,
primary_discovery,schelling,single_trajectory,macro_outcome_macro_global_unhappy_fraction,mean_destination_similarity_movers,meso_district_boundary_fraction_std,macro_global_unhappy_fraction,meso_district_boundary_fraction_std,macro_global_unhappy_fraction,destination_preference,plus,micro,False,False,False,False,manipulation_failure,manipulation_failure,upstream_mediated,-1,-1,1,,2,0.04011479503692184,,True,,-0.03843998552837691,-0.06888294387427304,-0.1114504692614298,
primary_discovery,schelling,single_trajectory,macro_outcome_macro_global_unhappy_fraction,mean_destination_similarity_movers,meso_district_destination_similarity_std,macro_global_unhappy_fraction,meso_district_destination_similarity_std,macro_global_unhappy_fraction,destination_preference,minus,micro,True,True,True,False,inconclusive,inconclusive,upstream_mediated,0,37,1,-36.0,1,-0.045188543247756,-37.0,False,False,0.2660373976867192,0.3948835471921246,0.7223266216165585,
primary_discovery,schelling,single_trajectory,macro_outcome_macro_global_unhappy_fraction,mean_destination_similarity_movers,meso_district_destination_similarity_std,macro_global_unhappy_fraction,meso_district_destination_similarity_std,macro_global_unhappy_fraction,destination_preference,plus,micro,False,False,False,False,manipulation_failure,manipulation_failure,upstream_mediated,-1,-1,1,,1,-0.045188543247756,,False,,-0.03843998552837691,-0.063951601480493,-0.1114504692614298,
primary_discovery,schelling,single_trajectory,macro_outcome_macro_global_unhappy_fraction,moved_fraction,meso_district_neighbour_count_std,macro_global_unhappy_fraction,meso_district_neighbour_count_std,macro_global_unhappy_fraction,move_probability,minus,micro,True,False,True,False,no_stable_downstream_effect,no_stable_downstream_effect,upstream_mediated,0,-1,1,,5,0.04993932710788823,,False,,0.30842417212350776,-0.1922588241183484,1.1792087584621544,
primary_discovery,schelling,single_trajectory,macro_outcome_macro_global_unhappy_fraction,moved_fraction,meso_district_neighbour_count_std,macro_global_unhappy_fraction,meso_district_neighbour_count_std,macro_global_unhappy_fraction,move_probability,plus,micro,True,False,True,False,no_stable_downstream_effect,no_stable_downstream_effect,upstream_mediated,0,-1,1,,5,0.04993932710788823,,False,,-0.2787196878892839,0.016940554406914873,-0.4198371902882867,
primary_discovery,schelling,single_trajectory,macro_outcome_macro_global_unhappy_fraction,relocation_response_fraction,meso_district_unhappy_fraction_std,macro_global_unhappy_fraction,meso_district_unhappy_fraction_std,macro_global_unhappy_fraction,move_probability,minus,micro,False,True,True,False,manipulation_failure,manipulation_failure,upstream_mediated,0,15,1,-14.0,3,-0.04587279932519398,-17.0,False,False,-0.05465641994604637,1.0294166904980138,1.1792087584621544,
primary_discovery,schelling,single_trajectory,macro_outcome_macro_global_unhappy_fraction,relocation_response_fraction,meso_district_unhappy_fraction_std,macro_global_unhappy_fraction,meso_district_unhappy_fraction_std,macro_global_unhappy_fraction,move_probability,plus,micro,False,True,True,False,manipulation_failure,manipulation_failure,upstream_mediated,0,3,1,-2.0,3,-0.04587279932519398,-5.0,False,False,-0.055605059281195156,-0.5426825555518751,-0.4198371902882867,
primary_discovery,schelling,single_trajectory,macro_outcome_macro_global_unhappy_fraction,moved_fraction,moved_fraction,meso_district_neighbour_count_std,moved_fraction,meso_district_neighbour_count_std,move_probability,minus,micro,True,True,False,False,no_stable_downstream_effect,no_stable_downstream_effect,direct_root,0,0,-1,,4,0.22821685505248263,,False,,0.30842417212350776,0.30842417212350776,-0.1922588241183484,
primary_discovery,schelling,single_trajectory,macro_outcome_macro_global_unhappy_fraction,moved_fraction,moved_fraction,meso_district_neighbour_count_std,moved_fraction,meso_district_neighbour_count_std,move_probability,plus,micro,True,True,False,False,no_stable_downstream_effect,no_stable_downstream_effect,direct_root,0,0,-1,,4,0.22821685505248263,,False,,-0.2787196878892839,-0.2787196878892839,0.016940554406914873,
primary_discovery,schelling,trajectory_vote,macro_outcome_macro_global_unhappy_fraction,mean_destination_similarity_movers,mean_destination_similarity_movers,meso_district_boundary_fraction_std,mean_destination_similarity_movers,meso_district_boundary_fraction_std,destination_preference,minus,micro,True,True,False,True,no_stable_downstream_effect,no_stable_downstream_effect,direct_root,0,0,1,1.0,2,-0.02479980815603216,-1.0,False,True,0.2660373976867192,0.2660373976867192,0.20887094435778808,
primary_discovery,schelling,trajectory_vote,macro_outcome_macro_global_unhappy_fraction,mean_destination_similarity_movers,mean_destination_similarity_movers,meso_district_boundary_fraction_std,mean_destination_similarity_movers,meso_district_boundary_fraction_std,destination_preference,plus,micro,False,False,False,False,manipulation_failure,manipulation_failure,direct_root,-1,-1,-1,,2,-0.02479980815603216,,False,,-0.03843998552837691,-0.03843998552837691,-0.06888294387427304,
primary_discovery,schelling,trajectory_vote,macro_outcome_macro_global_spatial_neighbor_similarity,mean_destination_similarity_movers,mean_destination_similarity_movers,meso_district_destination_similarity_std,mean_destination_similarity_movers,meso_district_destination_similarity_std,destination_preference,minus,micro,True,True,True,True,supported,supported,direct_root,0,0,37,37.0,1,0.20964510459382818,36.0,True,False,0.2660373976867192,0.2660373976867192,0.3948835471921246,
primary_discovery,schelling,trajectory_vote,macro_outcome_macro_global_spatial_neighbor_similarity,mean_destination_similarity_movers,mean_destination_similarity_movers,meso_district_destination_similarity_std,mean_destination_similarity_movers,meso_district_destination_similarity_std,destination_preference,plus,micro,False,False,False,False,manipulation_failure,manipulation_failure,direct_root,-1,-1,-1,,1,0.20964510459382818,,True,,-0.03843998552837691,-0.03843998552837691,-0.063951601480493,
primary_discovery,schelling,trajectory_vote,macro_outcome_macro_global_unhappy_fraction,mean_destination_similarity_movers,mean_destination_similarity_movers,meso_district_destination_similarity_std,mean_destination_similarity_movers,meso_district_destination_similarity_std,destination_preference,minus,micro,True,True,True,True,supported,supported,direct_root,0,0,37,37.0,1,0.20964510459382818,36.0,True,False,0.2660373976867192,0.2660373976867192,0.3948835471921246,
primary_discovery,schelling,trajectory_vote,macro_outcome_macro_global_unhappy_fraction,mean_destination_similarity_movers,mean_destination_similarity_movers,meso_district_destination_similarity_std,mean_destination_similarity_movers,meso_district_destination_similarity_std,destination_preference,plus,micro,False,False,False,False,manipulation_failure,manipulation_failure,direct_root,-1,-1,-1,,1,0.20964510459382818,,True,,-0.03843998552837691,-0.03843998552837691,-0.063951601480493,
primary_discovery,schelling,trajectory_vote,macro_outcome_macro_global_connected_components,mean_destination_similarity_movers,mean_destination_similarity_movers,meso_district_group_entropy_mean,mean_destination_similarity_movers,meso_district_group_entropy_mean,destination_preference,minus,micro,True,True,False,True,no_stable_downstream_effect,no_stable_downstream_effect,direct_root,0,0,7,7.0,1,-0.020413056310727852,6.0,False,False,0.2660373976867192,0.2660373976867192,0.24861572300981738,
primary_discovery,schelling,trajectory_vote,macro_outcome_macro_global_connected_components,mean_destination_similarity_movers,mean_destination_similarity_movers,meso_district_group_entropy_mean,mean_destination_similarity_movers,meso_district_group_entropy_mean,destination_preference,plus,micro,False,False,False,False,manipulation_failure,manipulation_failure,direct_root,-1,-1,-1,,1,-0.020413056310727852,,True,,-0.03843998552837691,-0.03843998552837691,0.08546036005427086,
primary_discovery,schelling,trajectory_vote,macro_outcome_macro_global_connected_components,moved_fraction,meso_district_boundary_fraction_std,macro_global_connected_components,meso_district_boundary_fraction_std,macro_global_connected_components,move_probability,minus,micro,True,False,True,True,no_stable_downstream_effect,no_stable_downstream_effect,upstream_mediated,0,1,1,0.0,3,-0.01926941607080467,-3.0,True,False,0.30842417212350776,-0.044960343039515245,1.1998703053374757,
primary_discovery,schelling,trajectory_vote,macro_outcome_macro_global_connected_components,moved_fraction,meso_district_boundary_fraction_std,macro_global_connected_components,meso_district_boundary_fraction_std,macro_global_connected_components,move_probability,plus,micro,True,False,True,True,no_stable_downstream_effect,no_stable_downstream_effect,upstream_mediated,0,1,1,0.0,3,-0.01926941607080467,-3.0,True,False,-0.2787196878892839,0.03111264770005352,-0.33427194334221255,
primary_discovery,schelling,trajectory_vote,macro_outcome_macro_global_spatial_neighbor_similarity,unhappy_fraction,meso_district_boundary_fraction_std,macro_global_spatial_neighbor_similarity,meso_district_boundary_fraction_std,macro_global_spatial_neighbor_similarity,tolerance,minus,micro,True,False,True,False,no_stable_downstream_effect,no_stable_downstream_effect,upstream_mediated,0,3,1,-2.0,2,-0.01161742608628979,-4.0,True,False,-0.23785181381504725,0.4089136124012554,-3.340027328067182,
primary_discovery,schelling,trajectory_vote,macro_outcome_macro_global_spatial_neighbor_similarity,unhappy_fraction,meso_district_boundary_fraction_std,macro_global_spatial_neighbor_similarity,meso_district_boundary_fraction_std,macro_global_spatial_neighbor_similarity,tolerance,plus,micro,True,True,True,False,inconclusive,inconclusive,upstream_mediated,0,35,2,-33.0,2,-0.01161742608628979,-35.0,True,False,0.6810788178937784,-1.2240413481341144,1.1557030527038552,
primary_discovery,schelling,trajectory_vote,macro_outcome_macro_global_unhappy_fraction,mean_destination_similarity_movers,meso_district_boundary_fraction_std,macro_global_unhappy_fraction,meso_district_boundary_fraction_std,macro_global_unhappy_fraction,destination_preference,minus,micro,True,False,True,True,no_stable_downstream_effect,no_stable_downstream_effect,upstream_mediated,0,1,1,0.0,2,-0.0038594618886250136,-2.0,False,True,0.2660373976867192,0.20887094435778808,0.7223266216165585,
primary_discovery,schelling,trajectory_vote,macro_outcome_macro_global_unhappy_fraction,mean_destination_similarity_movers,meso_district_boundary_fraction_std,macro_global_unhappy_fraction,meso_district_boundary_fraction_std,macro_global_unhappy_fraction,destination_preference,plus,micro,False,False,False,False,manipulation_failure,manipulation_failure,upstream_mediated,-1,-1,1,,2,-0.0038594618886250136,,False,,-0.03843998552837691,-0.06888294387427304,-0.1114504692614298,
primary_discovery,schelling,trajectory_vote,macro_outcome_macro_global_connected_components,unhappy_fraction,meso_district_destination_similarity_std,macro_global_connected_components,meso_district_destination_similarity_std,macro_global_connected_components,tolerance,minus,micro,True,True,True,True,supported,supported,upstream_mediated,0,0,2,2.0,1,-0.06762340524336247,1.0,True,True,-0.23785181381504725,-0.18671166881800882,1.7000771125404406,
primary_discovery,schelling,trajectory_vote,macro_outcome_macro_global_connected_components,unhappy_fraction,meso_district_destination_similarity_std,macro_global_connected_components,meso_district_destination_similarity_std,macro_global_connected_components,tolerance,plus,micro,True,True,False,True,no_stable_downstream_effect,no_stable_downstream_effect,upstream_mediated,0,0,76,76.0,1,-0.06762340524336247,75.0,True,False,0.6810788178937784,0.46773650610488465,-0.14391455400425834,
primary_discovery,schelling,trajectory_vote,macro_outcome_macro_global_spatial_neighbor_similarity,mean_destination_similarity_movers,meso_district_destination_similarity_std,macro_global_spatial_neighbor_similarity,meso_district_destination_similarity_std,macro_global_spatial_neighbor_similarity,destination_preference,minus,micro,True,True,True,False,inconclusive,inconclusive,upstream_mediated,0,37,1,-36.0,1,0.06317988942169042,-37.0,False,False,0.2660373976867192,0.3948835471921246,-0.7595975906009652,
primary_discovery,schelling,trajectory_vote,macro_outcome_macro_global_spatial_neighbor_similarity,mean_destination_similarity_movers,meso_district_destination_similarity_std,macro_global_spatial_neighbor_similarity,meso_district_destination_similarity_std,macro_global_spatial_neighbor_similarity,destination_preference,plus,micro,False,False,False,False,manipulation_failure,manipulation_failure,upstream_mediated,-1,-1,1,,1,0.06317988942169042,,False,,-0.03843998552837691,-0.063951601480493,0.11253615540440924,
primary_discovery,schelling,trajectory_vote,macro_outcome_macro_global_spatial_neighbor_similarity,moved_fraction,meso_district_destination_similarity_std,macro_global_spatial_neighbor_similarity,meso_district_destination_similarity_std,macro_global_spatial_neighbor_similarity,move_probability,minus,micro,True,True,True,True,supported,supported,upstream_mediated,0,0,1,1.0,1,0.06317988942169042,0.0,False,True,0.30842417212350776,0.4006009736523353,-1.1559107811903222,
primary_discovery,schelling,trajectory_vote,macro_outcome_macro_global_spatial_neighbor_similarity,moved_fraction,meso_district_destination_similarity_std,macro_global_spatial_neighbor_similarity,meso_district_destination_similarity_std,macro_global_spatial_neighbor_similarity,move_probability,plus,micro,True,True,True,True,supported,supported,upstream_mediated,0,0,1,1.0,1,0.06317988942169042,0.0,False,True,-0.2787196878892839,-0.31427913799125545,0.4482393507792006,
primary_discovery,schelling,trajectory_vote,macro_outcome_macro_global_unhappy_fraction,mean_destination_similarity_movers,meso_district_destination_similarity_std,macro_global_unhappy_fraction,meso_district_destination_similarity_std,macro_global_unhappy_fraction,destination_preference,minus,micro,True,True,True,False,inconclusive,inconclusive,upstream_mediated,0,37,1,-36.0,1,-0.03423694719158619,-37.0,False,False,0.2660373976867192,0.3948835471921246,0.7223266216165585,
primary_discovery,schelling,trajectory_vote,macro_outcome_macro_global_unhappy_fraction,mean_destination_similarity_movers,meso_district_destination_similarity_std,macro_global_unhappy_fraction,meso_district_destination_similarity_std,macro_global_unhappy_fraction,destination_preference,plus,micro,False,False,False,False,manipulation_failure,manipulation_failure,upstream_mediated,-1,-1,1,,1,-0.03423694719158619,,False,,-0.03843998552837691,-0.063951601480493,-0.1114504692614298,
primary_discovery,schelling,trajectory_vote,macro_outcome_macro_global_connected_components,mean_destination_similarity_movers,meso_district_group_entropy_mean,macro_global_connected_components,meso_district_group_entropy_mean,macro_global_connected_components,destination_preference,minus,micro,True,False,True,False,no_stable_downstream_effect,no_stable_downstream_effect,upstream_mediated,0,7,1,-6.0,5,0.1386624169449755,-11.0,True,False,0.2660373976867192,0.24861572300981738,0.684777040727394,
primary_discovery,schelling,trajectory_vote,macro_outcome_macro_global_connected_components,mean_destination_similarity_movers,meso_district_group_entropy_mean,macro_global_connected_components,meso_district_group_entropy_mean,macro_global_connected_components,destination_preference,plus,micro,False,False,False,False,manipulation_failure,manipulation_failure,upstream_mediated,-1,-1,4,,5,0.1386624169449755,,False,,-0.03843998552837691,0.08546036005427086,-0.047935120795045076,
primary_discovery,schelling,trajectory_vote,macro_outcome_macro_global_connected_components,unhappy_fraction,meso_district_group_entropy_mean,macro_global_connected_components,meso_district_group_entropy_mean,macro_global_connected_components,tolerance,minus,micro,True,True,True,False,inconclusive,inconclusive,upstream_mediated,0,6,2,-4.0,5,0.1386624169449755,-9.0,True,False,-0.23785181381504725,0.9600569805696164,1.7000771125404406,
primary_discovery,schelling,trajectory_vote,macro_outcome_macro_global_connected_components,unhappy_fraction,meso_district_group_entropy_mean,macro_global_connected_components,meso_district_group_entropy_mean,macro_global_connected_components,tolerance,plus,micro,True,False,False,False,no_stable_downstream_effect,no_stable_downstream_effect,upstream_mediated,0,-1,76,,5,0.1386624169449755,,True,,0.6810788178937784,-0.257047013783002,-0.14391455400425834,
primary_discovery,schelling,trajectory_vote,macro_outcome_macro_global_connected_components,mean_destination_similarity_movers,meso_district_move_distance_std,macro_global_connected_components,meso_district_move_distance_std,macro_global_connected_components,destination_preference,minus,micro,True,True,True,False,inconclusive,inconclusive,upstream_mediated,0,11,1,-10.0,2,0.01694679848304308,-12.0,True,False,0.2660373976867192,0.5645883599485648,0.684777040727394,
primary_discovery,schelling,trajectory_vote,macro_outcome_macro_global_connected_components,mean_destination_similarity_movers,meso_district_move_distance_std,macro_global_connected_components,meso_district_move_distance_std,macro_global_connected_components,destination_preference,plus,micro,False,False,False,False,manipulation_failure,manipulation_failure,upstream_mediated,-1,-1,4,,2,0.01694679848304308,,True,,-0.03843998552837691,-0.09032910133874371,-0.047935120795045076,
primary_discovery,schelling,trajectory_vote,macro_outcome_macro_global_moved_fraction,relocation_response_fraction,meso_district_move_fraction_std,macro_global_moved_fraction,meso_district_move_fraction_std,macro_global_moved_fraction,move_probability,minus,micro,False,True,True,True,manipulation_failure,manipulation_failure,upstream_mediated,0,0,0,0.0,2,0.14423810464253622,-2.0,True,True,-0.05465641994604637,0.4231921988102642,0.30842417212350776,
primary_discovery,schelling,trajectory_vote,macro_outcome_macro_global_moved_fraction,relocation_response_fraction,meso_district_move_fraction_std,macro_global_moved_fraction,meso_district_move_fraction_std,macro_global_moved_fraction,move_probability,plus,micro,False,True,True,True,manipulation_failure,manipulation_failure,upstream_mediated,0,0,0,0.0,2,0.14423810464253622,-2.0,True,True,-0.055605059281195156,-0.3189939138418262,-0.2787196878892839,
primary_discovery,schelling,trajectory_vote,macro_outcome_macro_global_moved_fraction,unhappy_fraction,meso_district_move_fraction_std,macro_global_moved_fraction,meso_district_move_fraction_std,macro_global_moved_fraction,tolerance,minus,micro,True,True,True,True,supported,supported,upstream_mediated,0,0,0,0.0,2,0.14423810464253622,-2.0,True,True,-0.23785181381504725,-0.20940930647534917,-0.2113304102235822,
primary_discovery,schelling,trajectory_vote,macro_outcome_macro_global_moved_fraction,unhappy_fraction,meso_district_move_fraction_std,macro_global_moved_fraction,meso_district_move_fraction_std,macro_global_moved_fraction,tolerance,plus,micro,True,True,True,True,supported,supported,upstream_mediated,0,0,0,0.0,2,0.14423810464253622,-2.0,True,True,0.6810788178937784,0.5241375378923637,0.5992621073123257,
primary_discovery,schelling,trajectory_vote,macro_outcome_macro_global_spatial_neighbor_similarity,unhappy_fraction,meso_district_move_fraction_std,macro_global_spatial_neighbor_similarity,meso_district_move_fraction_std,macro_global_spatial_neighbor_similarity,tolerance,minus,micro,True,True,True,True,supported,supported,upstream_mediated,0,0,1,1.0,1,-0.06293409068885765,0.0,False,True,-0.23785181381504725,-0.20940930647534917,-3.340027328067182,
primary_discovery,schelling,trajectory_vote,macro_outcome_macro_global_spatial_neighbor_similarity,unhappy_fraction,meso_district_move_fraction_std,macro_global_spatial_neighbor_similarity,meso_district_move_fraction_std,macro_global_spatial_neighbor_similarity,tolerance,plus,micro,True,True,True,True,supported,supported,upstream_mediated,0,0,2,2.0,1,-0.06293409068885765,1.0,False,True,0.6810788178937784,0.5241375378923637,1.1557030527038552,
primary_discovery,schelling,trajectory_vote,macro_outcome_macro_global_unhappy_fraction,moved_fraction,meso_district_neighbour_count_std,macro_global_unhappy_fraction,meso_district_neighbour_count_std,macro_global_unhappy_fraction,move_probability,minus,micro,True,False,True,False,no_stable_downstream_effect,no_stable_downstream_effect,upstream_mediated,0,-1,1,,2,-0.0008539713325231437,,True,,0.30842417212350776,-0.1922588241183484,1.1792087584621544,
primary_discovery,schelling,trajectory_vote,macro_outcome_macro_global_unhappy_fraction,moved_fraction,meso_district_neighbour_count_std,macro_global_unhappy_fraction,meso_district_neighbour_count_std,macro_global_unhappy_fraction,move_probability,plus,micro,True,False,True,False,no_stable_downstream_effect,no_stable_downstream_effect,upstream_mediated,0,-1,1,,2,-0.0008539713325231437,,True,,-0.2787196878892839,0.016940554406914873,-0.4198371902882867,
primary_discovery,schelling,trajectory_vote,macro_outcome_macro_global_connected_components,unhappy_fraction,meso_district_unhappy_fraction_std,macro_global_connected_components,meso_district_unhappy_fraction_std,macro_global_connected_components,tolerance,minus,micro,True,True,True,True,supported,supported,upstream_mediated,0,0,2,2.0,5,-0.03957343206164837,-3.0,True,False,-0.23785181381504725,-0.27014684098114866,1.7000771125404406,
primary_discovery,schelling,trajectory_vote,macro_outcome_macro_global_connected_components,unhappy_fraction,meso_district_unhappy_fraction_std,macro_global_connected_components,meso_district_unhappy_fraction_std,macro_global_connected_components,tolerance,plus,micro,True,True,False,True,no_stable_downstream_effect,no_stable_downstream_effect,upstream_mediated,0,2,76,74.0,5,-0.03957343206164837,69.0,True,False,0.6810788178937784,0.820703867837433,-0.14391455400425834,
primary_discovery,schelling,trajectory_vote,macro_outcome_macro_global_unhappy_fraction,relocation_response_fraction,meso_district_unhappy_fraction_std,macro_global_unhappy_fraction,meso_district_unhappy_fraction_std,macro_global_unhappy_fraction,move_probability,minus,micro,False,True,True,False,manipulation_failure,manipulation_failure,upstream_mediated,0,15,1,-14.0,3,0.018505140842815418,-17.0,True,False,-0.05465641994604637,1.0294166904980138,1.1792087584621544,
primary_discovery,schelling,trajectory_vote,macro_outcome_macro_global_unhappy_fraction,relocation_response_fraction,meso_district_unhappy_fraction_std,macro_global_unhappy_fraction,meso_district_unhappy_fraction_std,macro_global_unhappy_fraction,move_probability,plus,micro,False,True,True,False,manipulation_failure,manipulation_failure,upstream_mediated,0,3,1,-2.0,3,0.018505140842815418,-5.0,True,False,-0.055605059281195156,-0.5426825555518751,-0.4198371902882867,
primary_discovery,schelling,trajectory_vote,macro_outcome_macro_global_connected_components,moved_fraction,moved_fraction,meso_district_boundary_fraction_std,moved_fraction,meso_district_boundary_fraction_std,move_probability,minus,micro,True,True,False,True,no_stable_downstream_effect,no_stable_downstream_effect,direct_root,0,0,1,1.0,3,0.15973204252130113,-2.0,False,True,0.30842417212350776,0.30842417212350776,-0.044960343039515245,
primary_discovery,schelling,trajectory_vote,macro_outcome_macro_global_connected_components,moved_fraction,moved_fraction,meso_district_boundary_fraction_std,moved_fraction,meso_district_boundary_fraction_std,move_probability,plus,micro,True,True,False,True,no_stable_downstream_effect,no_stable_downstream_effect,direct_root,0,0,1,1.0,3,0.15973204252130113,-2.0,False,True,-0.2787196878892839,-0.2787196878892839,0.03111264770005352,
primary_discovery,schelling,trajectory_vote,macro_outcome_macro_global_spatial_neighbor_similarity,moved_fraction,moved_fraction,meso_district_destination_similarity_std,moved_fraction,meso_district_destination_similarity_std,move_probability,minus,micro,True,True,True,True,supported,supported,direct_root,0,0,0,0.0,4,-0.42701472316837774,-4.0,False,False,0.30842417212350776,0.30842417212350776,0.4006009736523353,
primary_discovery,schelling,trajectory_vote,macro_outcome_macro_global_spatial_neighbor_similarity,moved_fraction,moved_fraction,meso_district_destination_similarity_std,moved_fraction,meso_district_destination_similarity_std,move_probability,plus,micro,True,True,True,True,supported,supported,direct_root,0,0,0,0.0,4,-0.42701472316837774,-4.0,False,False,-0.2787196878892839,-0.2787196878892839,-0.31427913799125545,
primary_discovery,schelling,trajectory_vote,macro_outcome_macro_global_unhappy_fraction,moved_fraction,moved_fraction,meso_district_neighbour_count_std,moved_fraction,meso_district_neighbour_count_std,move_probability,minus,micro,True,True,False,False,no_stable_downstream_effect,no_stable_downstream_effect,direct_root,0,0,-1,,4,-0.17970008745567734,,True,,0.30842417212350776,0.30842417212350776,-0.1922588241183484,
primary_discovery,schelling,trajectory_vote,macro_outcome_macro_global_unhappy_fraction,moved_fraction,moved_fraction,meso_district_neighbour_count_std,moved_fraction,meso_district_neighbour_count_std,move_probability,plus,micro,True,True,False,False,no_stable_downstream_effect,no_stable_downstream_effect,direct_root,0,0,-1,,4,-0.17970008745567734,,True,,-0.2787196878892839,-0.2787196878892839,0.016940554406914873,
primary_discovery,schelling,trajectory_vote,macro_outcome_macro_global_spatial_neighbor_similarity,unhappy_fraction,unhappy_fraction,meso_district_boundary_fraction_std,unhappy_fraction,meso_district_boundary_fraction_std,tolerance,minus,micro,True,True,False,True,no_stable_downstream_effect,no_stable_downstream_effect,direct_root,0,0,3,3.0,1,-0.006320518752332927,2.0,True,True,-0.23785181381504725,-0.23785181381504725,0.4089136124012554,
primary_discovery,schelling,trajectory_vote,macro_outcome_macro_global_spatial_neighbor_similarity,unhappy_fraction,unhappy_fraction,meso_district_boundary_fraction_std,unhappy_fraction,meso_district_boundary_fraction_std,tolerance,plus,micro,True,True,True,True,supported,supported,direct_root,0,0,35,35.0,1,-0.006320518752332927,34.0,True,False,0.6810788178937784,0.6810788178937784,-1.2240413481341144,
primary_discovery,schelling,trajectory_vote,macro_outcome_macro_global_connected_components,unhappy_fraction,unhappy_fraction,meso_district_destination_similarity_std,unhappy_fraction,meso_district_destination_similarity_std,tolerance,minus,micro,True,True,True,True,supported,supported,direct_root,0,0,0,0.0,1,3.2020657268508517,-1.0,True,True,-0.23785181381504725,-0.23785181381504725,-0.18671166881800882,
primary_discovery,schelling,trajectory_vote,macro_outcome_macro_global_connected_components,unhappy_fraction,unhappy_fraction,meso_district_destination_similarity_std,unhappy_fraction,meso_district_destination_similarity_std,tolerance,plus,micro,True,True,True,True,supported,supported,direct_root,0,0,0,0.0,1,3.2020657268508517,-1.0,True,True,0.6810788178937784,0.6810788178937784,0.46773650610488465,
primary_discovery,schelling,trajectory_vote,macro_outcome_macro_global_connected_components,unhappy_fraction,unhappy_fraction,meso_district_group_entropy_mean,unhappy_fraction,meso_district_group_entropy_mean,tolerance,minus,micro,True,True,True,True,supported,supported,direct_root,0,0,6,6.0,1,0.05390417727565171,5.0,False,False,-0.23785181381504725,-0.23785181381504725,0.9600569805696164,
primary_discovery,schelling,trajectory_vote,macro_outcome_macro_global_connected_components,unhappy_fraction,unhappy_fraction,meso_district_group_entropy_mean,unhappy_fraction,meso_district_group_entropy_mean,tolerance,plus,micro,True,True,False,False,no_stable_downstream_effect,no_stable_downstream_effect,direct_root,0,0,-1,,1,0.05390417727565171,,False,,0.6810788178937784,0.6810788178937784,-0.257047013783002,
primary_discovery,schelling,trajectory_vote,macro_outcome_macro_global_moved_fraction,unhappy_fraction,unhappy_fraction,meso_district_move_fraction_std,unhappy_fraction,meso_district_move_fraction_std,tolerance,minus,micro,True,True,True,True,supported,supported,direct_root,0,0,0,0.0,1,3.88235227205074,-1.0,True,True,-0.23785181381504725,-0.23785181381504725,-0.20940930647534917,
primary_discovery,schelling,trajectory_vote,macro_outcome_macro_global_moved_fraction,unhappy_fraction,unhappy_fraction,meso_district_move_fraction_std,unhappy_fraction,meso_district_move_fraction_std,tolerance,plus,micro,True,True,True,True,supported,supported,direct_root,0,0,0,0.0,1,3.88235227205074,-1.0,True,True,0.6810788178937784,0.6810788178937784,0.5241375378923637,
primary_discovery,schelling,trajectory_vote,macro_outcome_macro_global_spatial_neighbor_similarity,unhappy_fraction,unhappy_fraction,meso_district_move_fraction_std,unhappy_fraction,meso_district_move_fraction_std,tolerance,minus,micro,True,True,True,True,supported,supported,direct_root,0,0,0,0.0,1,3.88235227205074,-1.0,True,True,-0.23785181381504725,-0.23785181381504725,-0.20940930647534917,
primary_discovery,schelling,trajectory_vote,macro_outcome_macro_global_spatial_neighbor_similarity,unhappy_fraction,unhappy_fraction,meso_district_move_fraction_std,unhappy_fraction,meso_district_move_fraction_std,tolerance,plus,micro,True,True,True,True,supported,supported,direct_root,0,0,0,0.0,1,3.88235227205074,-1.0,True,True,0.6810788178937784,0.6810788178937784,0.5241375378923637,
primary_discovery,schelling,trajectory_vote,macro_outcome_macro_global_connected_components,unhappy_fraction,unhappy_fraction,meso_district_unhappy_fraction_std,unhappy_fraction,meso_district_unhappy_fraction_std,tolerance,minus,micro,True,True,True,True,supported,supported,direct_root,0,0,0,0.0,1,0.6842846373397189,-1.0,True,True,-0.23785181381504725,-0.23785181381504725,-0.27014684098114866,
primary_discovery,schelling,trajectory_vote,macro_outcome_macro_global_connected_components,unhappy_fraction,unhappy_fraction,meso_district_unhappy_fraction_std,unhappy_fraction,meso_district_unhappy_fraction_std,tolerance,plus,micro,True,True,True,True,supported,supported,direct_root,0,0,2,2.0,1,0.6842846373397189,1.0,True,True,0.6810788178937784,0.6810788178937784,0.820703867837433,
primary_discovery,schelling,full_method,macro_outcome_macro_global_connected_components,mean_destination_similarity_movers,mean_destination_similarity_movers,meso_district_group_entropy_mean,mean_destination_similarity_movers,meso_district_group_entropy_mean,destination_preference,minus,micro,True,True,False,True,no_stable_downstream_effect,no_stable_downstream_effect,direct_root,0,0,7,7.0,1,-0.0076726675416978465,6.0,False,False,0.2660373976867192,0.2660373976867192,0.24861572300981738,
primary_discovery,schelling,full_method,macro_outcome_macro_global_connected_components,mean_destination_similarity_movers,mean_destination_similarity_movers,meso_district_group_entropy_mean,mean_destination_similarity_movers,meso_district_group_entropy_mean,destination_preference,plus,micro,False,False,False,False,manipulation_failure,manipulation_failure,direct_root,-1,-1,-1,,1,-0.0076726675416978465,,True,,-0.03843998552837691,-0.03843998552837691,0.08546036005427086,
primary_discovery,schelling,full_method,macro_outcome_macro_global_connected_components,mean_destination_similarity_movers,mean_destination_similarity_movers,meso_district_move_distance_std,mean_destination_similarity_movers,meso_district_move_distance_std,destination_preference,minus,micro,True,True,True,True,supported,supported,direct_root,0,0,11,11.0,4,0.039100340236638095,7.0,True,False,0.2660373976867192,0.2660373976867192,0.5645883599485648,
primary_discovery,schelling,full_method,macro_outcome_macro_global_connected_components,mean_destination_similarity_movers,mean_destination_similarity_movers,meso_district_move_distance_std,mean_destination_similarity_movers,meso_district_move_distance_std,destination_preference,plus,micro,False,False,False,False,manipulation_failure,manipulation_failure,direct_root,-1,-1,-1,,4,0.039100340236638095,,True,,-0.03843998552837691,-0.03843998552837691,-0.09032910133874371,
primary_discovery,schelling,full_method,macro_outcome_macro_global_connected_components,moved_fraction,meso_district_boundary_fraction_std,macro_global_connected_components,meso_district_boundary_fraction_std,macro_global_connected_components,move_probability,minus,micro,True,False,True,True,no_stable_downstream_effect,no_stable_downstream_effect,upstream_mediated,0,1,1,0.0,2,0.010014994680480682,-2.0,False,True,0.30842417212350776,-0.044960343039515245,1.1998703053374757,
primary_discovery,schelling,full_method,macro_outcome_macro_global_connected_components,moved_fraction,meso_district_boundary_fraction_std,macro_global_connected_components,meso_district_boundary_fraction_std,macro_global_connected_components,move_probability,plus,micro,True,False,True,True,no_stable_downstream_effect,no_stable_downstream_effect,upstream_mediated,0,1,1,0.0,2,0.010014994680480682,-2.0,False,True,-0.2787196878892839,0.03111264770005352,-0.33427194334221255,
primary_discovery,schelling,full_method,macro_outcome_macro_global_connected_components,unhappy_fraction,meso_district_destination_similarity_std,macro_global_connected_components,meso_district_destination_similarity_std,macro_global_connected_components,tolerance,minus,micro,True,True,True,True,supported,supported,upstream_mediated,0,0,2,2.0,1,-0.017153179989439334,1.0,True,True,-0.23785181381504725,-0.18671166881800882,1.7000771125404406,
primary_discovery,schelling,full_method,macro_outcome_macro_global_connected_components,unhappy_fraction,meso_district_destination_similarity_std,macro_global_connected_components,meso_district_destination_similarity_std,macro_global_connected_components,tolerance,plus,micro,True,True,False,True,no_stable_downstream_effect,no_stable_downstream_effect,upstream_mediated,0,0,76,76.0,1,-0.017153179989439334,75.0,True,False,0.6810788178937784,0.46773650610488465,-0.14391455400425834,
primary_discovery,schelling,full_method,macro_outcome_macro_global_connected_components,mean_destination_similarity_movers,meso_district_group_entropy_mean,macro_global_connected_components,meso_district_group_entropy_mean,macro_global_connected_components,destination_preference,minus,micro,True,False,True,False,no_stable_downstream_effect,no_stable_downstream_effect,upstream_mediated,0,7,1,-6.0,1,-0.1199195353682889,-7.0,False,False,0.2660373976867192,0.24861572300981738,0.684777040727394,
primary_discovery,schelling,full_method,macro_outcome_macro_global_connected_components,mean_destination_similarity_movers,meso_district_group_entropy_mean,macro_global_connected_components,meso_district_group_entropy_mean,macro_global_connected_components,destination_preference,plus,micro,False,False,False,False,manipulation_failure,manipulation_failure,upstream_mediated,-1,-1,4,,1,-0.1199195353682889,,True,,-0.03843998552837691,0.08546036005427086,-0.047935120795045076,
primary_discovery,schelling,full_method,macro_outcome_macro_global_connected_components,unhappy_fraction,meso_district_group_entropy_mean,macro_global_connected_components,meso_district_group_entropy_mean,macro_global_connected_components,tolerance,minus,micro,True,True,True,False,inconclusive,inconclusive,upstream_mediated,0,6,2,-4.0,1,-0.1199195353682889,-5.0,False,False,-0.23785181381504725,0.9600569805696164,1.7000771125404406,
primary_discovery,schelling,full_method,macro_outcome_macro_global_connected_components,unhappy_fraction,meso_district_group_entropy_mean,macro_global_connected_components,meso_district_group_entropy_mean,macro_global_connected_components,tolerance,plus,micro,True,False,False,False,no_stable_downstream_effect,no_stable_downstream_effect,upstream_mediated,0,-1,76,,1,-0.1199195353682889,,False,,0.6810788178937784,-0.257047013783002,-0.14391455400425834,
primary_discovery,schelling,full_method,macro_outcome_macro_global_connected_components,mean_destination_similarity_movers,meso_district_move_distance_std,macro_global_connected_components,meso_district_move_distance_std,macro_global_connected_components,destination_preference,minus,micro,True,True,True,False,inconclusive,inconclusive,upstream_mediated,0,11,1,-10.0,1,-0.0123496361658094,-11.0,False,False,0.2660373976867192,0.5645883599485648,0.684777040727394,
primary_discovery,schelling,full_method,macro_outcome_macro_global_connected_components,mean_destination_similarity_movers,meso_district_move_distance_std,macro_global_connected_components,meso_district_move_distance_std,macro_global_connected_components,destination_preference,plus,micro,False,False,False,False,manipulation_failure,manipulation_failure,upstream_mediated,-1,-1,4,,1,-0.0123496361658094,,False,,-0.03843998552837691,-0.09032910133874371,-0.047935120795045076,
primary_discovery,schelling,full_method,macro_outcome_macro_global_connected_components,unhappy_fraction,meso_district_unhappy_fraction_std,macro_global_connected_components,meso_district_unhappy_fraction_std,macro_global_connected_components,tolerance,minus,micro,True,True,True,True,supported,supported,upstream_mediated,0,0,2,2.0,1,0.037070749079935704,1.0,False,True,-0.23785181381504725,-0.27014684098114866,1.7000771125404406,
primary_discovery,schelling,full_method,macro_outcome_macro_global_connected_components,unhappy_fraction,meso_district_unhappy_fraction_std,macro_global_connected_components,meso_district_unhappy_fraction_std,macro_global_connected_components,tolerance,plus,micro,True,True,False,True,no_stable_downstream_effect,no_stable_downstream_effect,upstream_mediated,0,2,76,74.0,1,0.037070749079935704,73.0,False,False,0.6810788178937784,0.820703867837433,-0.14391455400425834,
primary_discovery,schelling,full_method,macro_outcome_macro_global_connected_components,moved_fraction,moved_fraction,meso_district_boundary_fraction_std,moved_fraction,meso_district_boundary_fraction_std,move_probability,minus,micro,True,True,False,True,no_stable_downstream_effect,no_stable_downstream_effect,direct_root,0,0,1,1.0,5,-0.048166570970394916,-4.0,True,False,0.30842417212350776,0.30842417212350776,-0.044960343039515245,
primary_discovery,schelling,full_method,macro_outcome_macro_global_connected_components,moved_fraction,moved_fraction,meso_district_boundary_fraction_std,moved_fraction,meso_district_boundary_fraction_std,move_probability,plus,micro,True,True,False,True,no_stable_downstream_effect,no_stable_downstream_effect,direct_root,0,0,1,1.0,5,-0.048166570970394916,-4.0,True,False,-0.2787196878892839,-0.2787196878892839,0.03111264770005352,
primary_discovery,schelling,full_method,macro_outcome_macro_global_connected_components,unhappy_fraction,unhappy_fraction,meso_district_destination_similarity_std,unhappy_fraction,meso_district_destination_similarity_std,tolerance,minus,micro,True,True,True,True,supported,supported,direct_root,0,0,0,0.0,5,-0.741309365855749,-5.0,False,False,-0.23785181381504725,-0.23785181381504725,-0.18671166881800882,
primary_discovery,schelling,full_method,macro_outcome_macro_global_connected_components,unhappy_fraction,unhappy_fraction,meso_district_destination_similarity_std,unhappy_fraction,meso_district_destination_similarity_std,tolerance,plus,micro,True,True,True,True,supported,supported,direct_root,0,0,0,0.0,5,-0.741309365855749,-5.0,False,False,0.6810788178937784,0.6810788178937784,0.46773650610488465,
primary_discovery,schelling,full_method,macro_outcome_macro_global_connected_components,unhappy_fraction,unhappy_fraction,meso_district_group_entropy_mean,unhappy_fraction,meso_district_group_entropy_mean,tolerance,minus,micro,True,True,True,True,supported,supported,direct_root,0,0,6,6.0,1,-0.040344290304215,5.0,True,False,-0.23785181381504725,-0.23785181381504725,0.9600569805696164,
primary_discovery,schelling,full_method,macro_outcome_macro_global_connected_components,unhappy_fraction,unhappy_fraction,meso_district_group_entropy_mean,unhappy_fraction,meso_district_group_entropy_mean,tolerance,plus,micro,True,True,False,False,no_stable_downstream_effect,no_stable_downstream_effect,direct_root,0,0,-1,,1,-0.040344290304215,,True,,0.6810788178937784,0.6810788178937784,-0.257047013783002,
primary_discovery,schelling,full_method,macro_outcome_macro_global_connected_components,unhappy_fraction,unhappy_fraction,meso_district_unhappy_fraction_std,unhappy_fraction,meso_district_unhappy_fraction_std,tolerance,minus,micro,True,True,True,True,supported,supported,direct_root,0,0,0,0.0,1,0.21471592049038463,-1.0,True,True,-0.23785181381504725,-0.23785181381504725,-0.27014684098114866,
primary_discovery,schelling,full_method,macro_outcome_macro_global_connected_components,unhappy_fraction,unhappy_fraction,meso_district_unhappy_fraction_std,unhappy_fraction,meso_district_unhappy_fraction_std,tolerance,plus,micro,True,True,True,True,supported,supported,direct_root,0,0,2,2.0,1,0.21471592049038463,1.0,True,True,0.6810788178937784,0.6810788178937784,0.820703867837433,
primary_discovery,schelling,full_method,macro_outcome_macro_global_moved_fraction,relocation_response_fraction,meso_district_move_fraction_std,macro_global_moved_fraction,meso_district_move_fraction_std,macro_global_moved_fraction,move_probability,minus,micro,False,True,True,True,manipulation_failure,manipulation_failure,upstream_mediated,0,0,0,0.0,4,0.07719990193953283,-4.0,True,False,-0.05465641994604637,0.4231921988102642,0.30842417212350776,
primary_discovery,schelling,full_method,macro_outcome_macro_global_moved_fraction,relocation_response_fraction,meso_district_move_fraction_std,macro_global_moved_fraction,meso_district_move_fraction_std,macro_global_moved_fraction,move_probability,plus,micro,False,True,True,True,manipulation_failure,manipulation_failure,upstream_mediated,0,0,0,0.0,4,0.07719990193953283,-4.0,True,False,-0.055605059281195156,-0.3189939138418262,-0.2787196878892839,
primary_discovery,schelling,full_method,macro_outcome_macro_global_moved_fraction,unhappy_fraction,meso_district_move_fraction_std,macro_global_moved_fraction,meso_district_move_fraction_std,macro_global_moved_fraction,tolerance,minus,micro,True,True,True,True,supported,supported,upstream_mediated,0,0,0,0.0,4,0.07719990193953283,-4.0,True,False,-0.23785181381504725,-0.20940930647534917,-0.2113304102235822,
primary_discovery,schelling,full_method,macro_outcome_macro_global_moved_fraction,unhappy_fraction,meso_district_move_fraction_std,macro_global_moved_fraction,meso_district_move_fraction_std,macro_global_moved_fraction,tolerance,plus,micro,True,True,True,True,supported,supported,upstream_mediated,0,0,0,0.0,4,0.07719990193953283,-4.0,True,False,0.6810788178937784,0.5241375378923637,0.5992621073123257,
primary_discovery,schelling,full_method,macro_outcome_macro_global_moved_fraction,relocation_response_fraction,relocation_response_fraction,meso_district_move_fraction_std,relocation_response_fraction,meso_district_move_fraction_std,move_probability,minus,micro,False,False,True,True,manipulation_failure,manipulation_failure,direct_root,0,0,0,0.0,2,-0.028570209898177365,-2.0,True,True,-0.05465641994604637,-0.05465641994604637,0.4231921988102642,
primary_discovery,schelling,full_method,macro_outcome_macro_global_moved_fraction,relocation_response_fraction,relocation_response_fraction,meso_district_move_fraction_std,relocation_response_fraction,meso_district_move_fraction_std,move_probability,plus,micro,False,False,True,True,manipulation_failure,manipulation_failure,direct_root,0,0,0,0.0,2,-0.028570209898177365,-2.0,False,True,-0.055605059281195156,-0.055605059281195156,-0.3189939138418262,
primary_discovery,schelling,full_method,macro_outcome_macro_global_moved_fraction,unhappy_fraction,unhappy_fraction,meso_district_move_fraction_std,unhappy_fraction,meso_district_move_fraction_std,tolerance,minus,micro,True,True,True,True,supported,supported,direct_root,0,0,0,0.0,5,-1.021119994928868,-5.0,False,False,-0.23785181381504725,-0.23785181381504725,-0.20940930647534917,
primary_discovery,schelling,full_method,macro_outcome_macro_global_moved_fraction,unhappy_fraction,unhappy_fraction,meso_district_move_fraction_std,unhappy_fraction,meso_district_move_fraction_std,tolerance,plus,micro,True,True,True,True,supported,supported,direct_root,0,0,0,0.0,5,-1.021119994928868,-5.0,False,False,0.6810788178937784,0.6810788178937784,0.5241375378923637,
primary_discovery,schelling,full_method,macro_outcome_macro_global_spatial_neighbor_similarity,mean_destination_similarity_movers,mean_destination_similarity_movers,meso_district_destination_similarity_std,mean_destination_similarity_movers,meso_district_destination_similarity_std,destination_preference,minus,micro,True,True,True,True,supported,supported,direct_root,0,0,37,37.0,4,0.06752602823936753,33.0,True,False,0.2660373976867192,0.2660373976867192,0.3948835471921246,
primary_discovery,schelling,full_method,macro_outcome_macro_global_spatial_neighbor_similarity,mean_destination_similarity_movers,mean_destination_similarity_movers,meso_district_destination_similarity_std,mean_destination_similarity_movers,meso_district_destination_similarity_std,destination_preference,plus,micro,False,False,False,False,manipulation_failure,manipulation_failure,direct_root,-1,-1,-1,,4,0.06752602823936753,,True,,-0.03843998552837691,-0.03843998552837691,-0.063951601480493,
primary_discovery,schelling,full_method,macro_outcome_macro_global_spatial_neighbor_similarity,mean_destination_similarity_movers,meso_district_destination_similarity_std,macro_global_spatial_neighbor_similarity,meso_district_destination_similarity_std,macro_global_spatial_neighbor_similarity,destination_preference,minus,micro,True,True,True,False,inconclusive,inconclusive,upstream_mediated,0,37,1,-36.0,1,0.05769395039596003,-37.0,False,False,0.2660373976867192,0.3948835471921246,-0.7595975906009652,
primary_discovery,schelling,full_method,macro_outcome_macro_global_spatial_neighbor_similarity,mean_destination_similarity_movers,meso_district_destination_similarity_std,macro_global_spatial_neighbor_similarity,meso_district_destination_similarity_std,macro_global_spatial_neighbor_similarity,destination_preference,plus,micro,False,False,False,False,manipulation_failure,manipulation_failure,upstream_mediated,-1,-1,1,,1,0.05769395039596003,,False,,-0.03843998552837691,-0.063951601480493,0.11253615540440924,
primary_discovery,schelling,full_method,macro_outcome_macro_global_spatial_neighbor_similarity,moved_fraction,meso_district_destination_similarity_std,macro_global_spatial_neighbor_similarity,meso_district_destination_similarity_std,macro_global_spatial_neighbor_similarity,move_probability,minus,micro,True,True,True,True,supported,supported,upstream_mediated,0,0,1,1.0,1,0.05769395039596003,0.0,False,True,0.30842417212350776,0.4006009736523353,-1.1559107811903222,
primary_discovery,schelling,full_method,macro_outcome_macro_global_spatial_neighbor_similarity,moved_fraction,meso_district_destination_similarity_std,macro_global_spatial_neighbor_similarity,meso_district_destination_similarity_std,macro_global_spatial_neighbor_similarity,move_probability,plus,micro,True,True,True,True,supported,supported,upstream_mediated,0,0,1,1.0,1,0.05769395039596003,0.0,False,True,-0.2787196878892839,-0.31427913799125545,0.4482393507792006,
primary_discovery,schelling,full_method,macro_outcome_macro_global_spatial_neighbor_similarity,unhappy_fraction,meso_district_move_fraction_std,macro_global_spatial_neighbor_similarity,meso_district_move_fraction_std,macro_global_spatial_neighbor_similarity,tolerance,minus,micro,True,True,True,True,supported,supported,upstream_mediated,0,0,1,1.0,1,-0.028313719057688497,0.0,False,True,-0.23785181381504725,-0.20940930647534917,-3.340027328067182,
primary_discovery,schelling,full_method,macro_outcome_macro_global_spatial_neighbor_similarity,unhappy_fraction,meso_district_move_fraction_std,macro_global_spatial_neighbor_similarity,meso_district_move_fraction_std,macro_global_spatial_neighbor_similarity,tolerance,plus,micro,True,True,True,True,supported,supported,upstream_mediated,0,0,2,2.0,1,-0.028313719057688497,1.0,False,True,0.6810788178937784,0.5241375378923637,1.1557030527038552,
primary_discovery,schelling,full_method,macro_outcome_macro_global_spatial_neighbor_similarity,moved_fraction,moved_fraction,meso_district_destination_similarity_std,moved_fraction,meso_district_destination_similarity_std,move_probability,minus,micro,True,True,True,True,supported,supported,direct_root,0,0,0,0.0,1,-0.13813763828356754,-1.0,False,True,0.30842417212350776,0.30842417212350776,0.4006009736523353,
primary_discovery,schelling,full_method,macro_outcome_macro_global_spatial_neighbor_similarity,moved_fraction,moved_fraction,meso_district_destination_similarity_std,moved_fraction,meso_district_destination_similarity_std,move_probability,plus,micro,True,True,True,True,supported,supported,direct_root,0,0,0,0.0,1,-0.13813763828356754,-1.0,False,True,-0.2787196878892839,-0.2787196878892839,-0.31427913799125545,
primary_discovery,schelling,full_method,macro_outcome_macro_global_spatial_neighbor_similarity,unhappy_fraction,unhappy_fraction,meso_district_boundary_fraction_std,unhappy_fraction,meso_district_boundary_fraction_std,tolerance,minus,micro,True,True,False,True,no_stable_downstream_effect,no_stable_downstream_effect,direct_root,0,0,3,3.0,5,0.3186059555748813,-2.0,False,True,-0.23785181381504725,-0.23785181381504725,0.4089136124012554,
primary_discovery,schelling,full_method,macro_outcome_macro_global_spatial_neighbor_similarity,unhappy_fraction,unhappy_fraction,meso_district_boundary_fraction_std,unhappy_fraction,meso_district_boundary_fraction_std,tolerance,plus,micro,True,True,True,True,supported,supported,direct_root,0,0,35,35.0,5,0.3186059555748813,30.0,False,False,0.6810788178937784,0.6810788178937784,-1.2240413481341144,
primary_discovery,schelling,full_method,macro_outcome_macro_global_spatial_neighbor_similarity,unhappy_fraction,unhappy_fraction,meso_district_move_fraction_std,unhappy_fraction,meso_district_move_fraction_std,tolerance,minus,micro,True,True,True,True,supported,supported,direct_root,0,0,0,0.0,5,-1.021119994928868,-5.0,False,False,-0.23785181381504725,-0.23785181381504725,-0.20940930647534917,
primary_discovery,schelling,full_method,macro_outcome_macro_global_spatial_neighbor_similarity,unhappy_fraction,unhappy_fraction,meso_district_move_fraction_std,unhappy_fraction,meso_district_move_fraction_std,tolerance,plus,micro,True,True,True,True,supported,supported,direct_root,0,0,0,0.0,5,-1.021119994928868,-5.0,False,False,0.6810788178937784,0.6810788178937784,0.5241375378923637,
primary_discovery,schelling,full_method,macro_outcome_macro_global_unhappy_fraction,mean_destination_similarity_movers,mean_destination_similarity_movers,meso_district_boundary_fraction_std,mean_destination_similarity_movers,meso_district_boundary_fraction_std,destination_preference,minus,micro,True,True,False,True,no_stable_downstream_effect,no_stable_downstream_effect,direct_root,0,0,1,1.0,1,-0.013960269784072934,0.0,False,True,0.2660373976867192,0.2660373976867192,0.20887094435778808,
primary_discovery,schelling,full_method,macro_outcome_macro_global_unhappy_fraction,mean_destination_similarity_movers,mean_destination_similarity_movers,meso_district_boundary_fraction_std,mean_destination_similarity_movers,meso_district_boundary_fraction_std,destination_preference,plus,micro,False,False,False,False,manipulation_failure,manipulation_failure,direct_root,-1,-1,-1,,1,-0.013960269784072934,,False,,-0.03843998552837691,-0.03843998552837691,-0.06888294387427304,
primary_discovery,schelling,full_method,macro_outcome_macro_global_unhappy_fraction,mean_destination_similarity_movers,mean_destination_similarity_movers,meso_district_destination_similarity_std,mean_destination_similarity_movers,meso_district_destination_similarity_std,destination_preference,minus,micro,True,True,True,True,supported,supported,direct_root,0,0,37,37.0,4,0.06752602823936753,33.0,True,False,0.2660373976867192,0.2660373976867192,0.3948835471921246,
primary_discovery,schelling,full_method,macro_outcome_macro_global_unhappy_fraction,mean_destination_similarity_movers,mean_destination_similarity_movers,meso_district_destination_similarity_std,mean_destination_similarity_movers,meso_district_destination_similarity_std,destination_preference,plus,micro,False,False,False,False,manipulation_failure,manipulation_failure,direct_root,-1,-1,-1,,4,0.06752602823936753,,True,,-0.03843998552837691,-0.03843998552837691,-0.063951601480493,
primary_discovery,schelling,full_method,macro_outcome_macro_global_unhappy_fraction,mean_destination_similarity_movers,meso_district_boundary_fraction_std,macro_global_unhappy_fraction,meso_district_boundary_fraction_std,macro_global_unhappy_fraction,destination_preference,minus,micro,True,False,True,True,no_stable_downstream_effect,no_stable_downstream_effect,upstream_mediated,0,1,1,0.0,1,0.00762818373982641,-1.0,True,True,0.2660373976867192,0.20887094435778808,0.7223266216165585,
primary_discovery,schelling,full_method,macro_outcome_macro_global_unhappy_fraction,mean_destination_similarity_movers,meso_district_boundary_fraction_std,macro_global_unhappy_fraction,meso_district_boundary_fraction_std,macro_global_unhappy_fraction,destination_preference,plus,micro,False,False,False,False,manipulation_failure,manipulation_failure,upstream_mediated,-1,-1,1,,1,0.00762818373982641,,True,,-0.03843998552837691,-0.06888294387427304,-0.1114504692614298,
primary_discovery,schelling,full_method,macro_outcome_macro_global_unhappy_fraction,mean_destination_similarity_movers,meso_district_destination_similarity_std,macro_global_unhappy_fraction,meso_district_destination_similarity_std,macro_global_unhappy_fraction,destination_preference,minus,micro,True,True,True,False,inconclusive,inconclusive,upstream_mediated,0,37,1,-36.0,1,-0.0333856367945291,-37.0,False,False,0.2660373976867192,0.3948835471921246,0.7223266216165585,
primary_discovery,schelling,full_method,macro_outcome_macro_global_unhappy_fraction,mean_destination_similarity_movers,meso_district_destination_similarity_std,macro_global_unhappy_fraction,meso_district_destination_similarity_std,macro_global_unhappy_fraction,destination_preference,plus,micro,False,False,False,False,manipulation_failure,manipulation_failure,upstream_mediated,-1,-1,1,,1,-0.0333856367945291,,False,,-0.03843998552837691,-0.063951601480493,-0.1114504692614298,
primary_discovery,schelling,full_method,macro_outcome_macro_global_unhappy_fraction,moved_fraction,meso_district_neighbour_count_std,macro_global_unhappy_fraction,meso_district_neighbour_count_std,macro_global_unhappy_fraction,move_probability,minus,micro,True,False,True,False,no_stable_downstream_effect,no_stable_downstream_effect,upstream_mediated,0,-1,1,,2,-0.014825198702628328,,True,,0.30842417212350776,-0.1922588241183484,1.1792087584621544,
primary_discovery,schelling,full_method,macro_outcome_macro_global_unhappy_fraction,moved_fraction,meso_district_neighbour_count_std,macro_global_unhappy_fraction,meso_district_neighbour_count_std,macro_global_unhappy_fraction,move_probability,plus,micro,True,False,True,False,no_stable_downstream_effect,no_stable_downstream_effect,upstream_mediated,0,-1,1,,2,-0.014825198702628328,,True,,-0.2787196878892839,0.016940554406914873,-0.4198371902882867,
primary_discovery,schelling,full_method,macro_outcome_macro_global_unhappy_fraction,relocation_response_fraction,meso_district_unhappy_fraction_std,macro_global_unhappy_fraction,meso_district_unhappy_fraction_std,macro_global_unhappy_fraction,move_probability,minus,micro,False,True,True,False,manipulation_failure,manipulation_failure,upstream_mediated,0,15,1,-14.0,5,0.004610231626037615,-19.0,True,False,-0.05465641994604637,1.0294166904980138,1.1792087584621544,
primary_discovery,schelling,full_method,macro_outcome_macro_global_unhappy_fraction,relocation_response_fraction,meso_district_unhappy_fraction_std,macro_global_unhappy_fraction,meso_district_unhappy_fraction_std,macro_global_unhappy_fraction,move_probability,plus,micro,False,True,True,False,manipulation_failure,manipulation_failure,upstream_mediated,0,3,1,-2.0,5,0.004610231626037615,-7.0,True,False,-0.055605059281195156,-0.5426825555518751,-0.4198371902882867,
primary_discovery,schelling,full_method,macro_outcome_macro_global_unhappy_fraction,moved_fraction,moved_fraction,meso_district_neighbour_count_std,moved_fraction,meso_district_neighbour_count_std,move_probability,minus,micro,True,True,False,False,no_stable_downstream_effect,no_stable_downstream_effect,direct_root,0,0,-1,,2,-0.05995158139714362,,True,,0.30842417212350776,0.30842417212350776,-0.1922588241183484,
primary_discovery,schelling,full_method,macro_outcome_macro_global_unhappy_fraction,moved_fraction,moved_fraction,meso_district_neighbour_count_std,moved_fraction,meso_district_neighbour_count_std,move_probability,plus,micro,True,True,False,False,no_stable_downstream_effect,no_stable_downstream_effect,direct_root,0,0,-1,,2,-0.05995158139714362,,True,,-0.2787196878892839,-0.2787196878892839,0.016940554406914873,
primary_discovery,schelling,full_method,macro_outcome_macro_global_unhappy_fraction,relocation_response_fraction,relocation_response_fraction,meso_district_unhappy_fraction_std,relocation_response_fraction,meso_district_unhappy_fraction_std,move_probability,minus,micro,False,False,True,True,manipulation_failure,manipulation_failure,direct_root,0,0,15,15.0,1,-0.015307166344495002,14.0,True,False,-0.05465641994604637,-0.05465641994604637,1.0294166904980138,
primary_discovery,schelling,full_method,macro_outcome_macro_global_unhappy_fraction,relocation_response_fraction,relocation_response_fraction,meso_district_unhappy_fraction_std,relocation_response_fraction,meso_district_unhappy_fraction_std,move_probability,plus,micro,False,False,True,True,manipulation_failure,manipulation_failure,direct_root,0,0,3,3.0,1,-0.015307166344495002,2.0,False,True,-0.055605059281195156,-0.055605059281195156,-0.5426825555518751,
