scenario,operator,error_ratio,repetition,candidate_set_sha256,evaluation_track,candidate_edge_count,retained_edge_count,temporal_qualification_rate,stability,lag_support,lag_std,edge_f1,shd,lag_mae,direction_accuracy,reference_metric_reason
deffuant,cross_hypothesis_group_relation,0.0,0,e2a3872dc5639db1dd15decef31a67a3b8f5fe0b251b3d038962e5ca24eca24a,full_discovery,28,16,0.5714285714285714,0.9541666666666667,0.7666666666666667,0.7301228634839492,,,,,not_applicable_without_generated_to_hidden_alignment
deffuant,cross_hypothesis_group_relation,0.0,1,e2a3872dc5639db1dd15decef31a67a3b8f5fe0b251b3d038962e5ca24eca24a,full_discovery,28,16,0.5714285714285714,0.9520833333333334,0.7520833333333333,0.6547941359110732,,,,,not_applicable_without_generated_to_hidden_alignment
deffuant,cross_hypothesis_group_relation,0.0,2,e2a3872dc5639db1dd15decef31a67a3b8f5fe0b251b3d038962e5ca24eca24a,full_discovery,28,16,0.5714285714285714,0.9416666666666667,0.7520833333333333,0.7110675152984207,,,,,not_applicable_without_generated_to_hidden_alignment
deffuant,cross_hypothesis_group_relation,0.0,3,e2a3872dc5639db1dd15decef31a67a3b8f5fe0b251b3d038962e5ca24eca24a,full_discovery,28,16,0.5714285714285714,0.9458333333333333,0.7104166666666667,0.7631132365582463,,,,,not_applicable_without_generated_to_hidden_alignment
deffuant,cross_hypothesis_group_relation,0.0,4,e2a3872dc5639db1dd15decef31a67a3b8f5fe0b251b3d038962e5ca24eca24a,full_discovery,28,16,0.5714285714285714,0.9479166666666666,0.7541666666666667,0.7420578289235982,,,,,not_applicable_without_generated_to_hidden_alignment
deffuant,cross_hypothesis_group_relation,0.0,5,e2a3872dc5639db1dd15decef31a67a3b8f5fe0b251b3d038962e5ca24eca24a,full_discovery,28,16,0.5714285714285714,0.9541666666666666,0.7375,0.6843381354035991,,,,,not_applicable_without_generated_to_hidden_alignment
deffuant,cross_hypothesis_group_relation,0.0,6,e2a3872dc5639db1dd15decef31a67a3b8f5fe0b251b3d038962e5ca24eca24a,full_discovery,28,16,0.5714285714285714,0.9458333333333333,0.7479166666666667,0.7659658237251212,,,,,not_applicable_without_generated_to_hidden_alignment
deffuant,cross_hypothesis_group_relation,0.0,7,e2a3872dc5639db1dd15decef31a67a3b8f5fe0b251b3d038962e5ca24eca24a,full_discovery,28,15,0.5357142857142857,0.9355555555555556,0.771111111111111,0.7427644968673807,,,,,not_applicable_without_generated_to_hidden_alignment
deffuant,cross_hypothesis_group_relation,0.0,8,e2a3872dc5639db1dd15decef31a67a3b8f5fe0b251b3d038962e5ca24eca24a,full_discovery,28,16,0.5714285714285714,0.9479166666666667,0.75,0.7160926234539987,,,,,not_applicable_without_generated_to_hidden_alignment
deffuant,cross_hypothesis_group_relation,0.0,9,e2a3872dc5639db1dd15decef31a67a3b8f5fe0b251b3d038962e5ca24eca24a,full_discovery,28,16,0.5714285714285714,0.9520833333333334,0.7645833333333334,0.6987272192423748,,,,,not_applicable_without_generated_to_hidden_alignment
deffuant,cross_hypothesis_group_relation,0.0,10,e2a3872dc5639db1dd15decef31a67a3b8f5fe0b251b3d038962e5ca24eca24a,full_discovery,28,16,0.5714285714285714,0.9458333333333333,0.7729166666666667,0.631358953800879,,,,,not_applicable_without_generated_to_hidden_alignment
deffuant,cross_hypothesis_group_relation,0.0,11,e2a3872dc5639db1dd15decef31a67a3b8f5fe0b251b3d038962e5ca24eca24a,full_discovery,28,16,0.5714285714285714,0.9520833333333334,0.7520833333333333,0.6227061998116656,,,,,not_applicable_without_generated_to_hidden_alignment
deffuant,cross_hypothesis_group_relation,0.1,0,f52a4cde50a30ceb80fe5b8fdee1464dd09fe2d46003bbe214997df146d47314,full_discovery,31,16,0.5161290322580645,0.9604166666666667,0.8,0.7771984472459115,,,,,not_applicable_without_generated_to_hidden_alignment
deffuant,cross_hypothesis_group_relation,0.1,1,159a728bc6a89582499359aa1958e45ba365aea9f90e2095852dfa78fe403fa0,full_discovery,31,17,0.5483870967741935,0.9549019607843138,0.7450980392156863,0.7357104881492916,,,,,not_applicable_without_generated_to_hidden_alignment
deffuant,cross_hypothesis_group_relation,0.1,2,97bdde1453f3ee85e29b8e09e6581ae387312f7393ed919dd42ef6f23b539a56,full_discovery,31,18,0.5806451612903226,0.9370370370370371,0.7388888888888889,0.8075387117066378,,,,,not_applicable_without_generated_to_hidden_alignment
deffuant,cross_hypothesis_group_relation,0.1,3,189554ff27b36b6a145d543f319df5ba080fb4cc345bbd58eae00d0c73b1935e,full_discovery,31,19,0.6129032258064516,0.9315789473684211,0.7666666666666666,0.6297841538517615,,,,,not_applicable_without_generated_to_hidden_alignment
deffuant,cross_hypothesis_group_relation,0.1,4,c324e020440f1d47e914a91bd5d9cd02da2a69674b21f093e38aab97a249fc61,full_discovery,31,17,0.5483870967741935,0.9509803921568628,0.7647058823529411,0.6651748126678868,,,,,not_applicable_without_generated_to_hidden_alignment
deffuant,cross_hypothesis_group_relation,0.1,5,cd5bb2d797baa3e6b1db48404ed926d5f8388e515563de18445c676fa3c9f23c,full_discovery,31,16,0.5161290322580645,0.95,0.7770833333333333,0.6584703952018354,,,,,not_applicable_without_generated_to_hidden_alignment
deffuant,cross_hypothesis_group_relation,0.1,6,196b1df1521a975009417428cf028d2e98f4cf68628ea1adc8e4b1d43b1c3ebb,full_discovery,31,16,0.5161290322580645,0.9583333333333334,0.80625,0.6027868149827338,,,,,not_applicable_without_generated_to_hidden_alignment
deffuant,cross_hypothesis_group_relation,0.1,7,6bcefb7f27e8c30be1e9732151cf38c916fa55e71b26e3774992e9e1c746363f,full_discovery,31,18,0.5806451612903226,0.9407407407407408,0.7444444444444445,0.7948600704164243,,,,,not_applicable_without_generated_to_hidden_alignment
deffuant,cross_hypothesis_group_relation,0.1,8,75ac9f0ba2659299433c82688674da2c17c373436d1ddfaa856c4bae1948824b,full_discovery,31,20,0.6451612903225806,0.9316666666666666,0.73,0.8332389095647625,,,,,not_applicable_without_generated_to_hidden_alignment
deffuant,cross_hypothesis_group_relation,0.1,9,87c7d1899bc9cd4d0a54c63b0eb6bebaa5a70f1a3433bb77388d9b90064c284c,full_discovery,31,14,0.45161290322580644,0.9547619047619048,0.719047619047619,0.8117214053384626,,,,,not_applicable_without_generated_to_hidden_alignment
deffuant,cross_hypothesis_group_relation,0.1,10,f026a4236ad59880748fe78a62780e5cb89aa34f5485f5086856c5a8fb36eb43,full_discovery,31,19,0.6129032258064516,0.9438596491228071,0.7192982456140351,0.7729534207554094,,,,,not_applicable_without_generated_to_hidden_alignment
deffuant,cross_hypothesis_group_relation,0.1,11,008d6c46162b71daa96095efeb631102125a12ec5733f430952741c0bd30202f,full_discovery,31,20,0.6451612903225806,0.925,0.72,0.7294275156255264,,,,,not_applicable_without_generated_to_hidden_alignment
deffuant,cross_hypothesis_group_relation,0.2,0,fc054533f7de1b0dfcf8783fa8ca11a19852a0c59a5c8e08d74760066277791a,full_discovery,34,18,0.5294117647058824,0.9500000000000001,0.7944444444444444,0.7176316167027186,,,,,not_applicable_without_generated_to_hidden_alignment
deffuant,cross_hypothesis_group_relation,0.2,1,5f041dfd43c9d3699990c1508b5e09e37af36a5c459b1a29e079e0a0706d4abe,full_discovery,34,20,0.5882352941176471,0.9533333333333334,0.7466666666666666,0.7407730431375746,,,,,not_applicable_without_generated_to_hidden_alignment
deffuant,cross_hypothesis_group_relation,0.2,2,6428771df3bccfbd762aa0a2281fe3d7797696a7a6ef9ff3705e9202472bc386,full_discovery,34,18,0.5294117647058824,0.9481481481481482,0.7703703703703704,0.6351487022283244,,,,,not_applicable_without_generated_to_hidden_alignment
deffuant,cross_hypothesis_group_relation,0.2,3,cb50678edcc71b8b36e27a437447cce09698a3b5a08c425bfc8dc1fb1070d10e,full_discovery,34,22,0.6470588235294118,0.9409090909090907,0.7030303030303031,0.7664150894584995,,,,,not_applicable_without_generated_to_hidden_alignment
deffuant,cross_hypothesis_group_relation,0.2,4,b0f9de8f3f970040ccc21a3957ace15c4ef5cbe57a34a522ff0700d48c1612f5,full_discovery,34,20,0.5882352941176471,0.9349999999999999,0.7216666666666667,0.7939189801615971,,,,,not_applicable_without_generated_to_hidden_alignment
deffuant,cross_hypothesis_group_relation,0.2,5,4eb97b8c780767338fbf267e16860e834722bab51b8fb4362a627912530af04a,full_discovery,34,20,0.5882352941176471,0.9433333333333334,0.7966666666666666,0.6470442422196144,,,,,not_applicable_without_generated_to_hidden_alignment
deffuant,cross_hypothesis_group_relation,0.2,6,03d2605157df2c82942fbb9852d22f3b53713b9a47716c964e44f6e3dbba874e,full_discovery,34,16,0.47058823529411764,0.9479166666666667,0.7479166666666667,0.7017308244826768,,,,,not_applicable_without_generated_to_hidden_alignment
deffuant,cross_hypothesis_group_relation,0.2,7,d5126df2917fd20caf236a28e11a14bcc406fecdd8bdbb3352cee0a6f5f642b6,full_discovery,34,18,0.5294117647058824,0.9777777777777776,0.7240740740740741,0.7805996970718607,,,,,not_applicable_without_generated_to_hidden_alignment
deffuant,cross_hypothesis_group_relation,0.2,8,b6c23fe58ccd63a99b420a6cec0d5798f47bee50b0fa3ef7d253ef9d6d5cc941,full_discovery,34,18,0.5294117647058824,0.9592592592592593,0.7444444444444444,0.6638218841578323,,,,,not_applicable_without_generated_to_hidden_alignment
deffuant,cross_hypothesis_group_relation,0.2,9,f0f339d91d217ebebceba94bde96d8b3f2bb9468fd78d7f95c03a02e789ac208,full_discovery,34,18,0.5294117647058824,0.9574074074074075,0.7629629629629631,0.6855238581465094,,,,,not_applicable_without_generated_to_hidden_alignment
deffuant,cross_hypothesis_group_relation,0.2,10,9481d027a5cbc7f29f3bfcb460e70c6567f6bf78a065c82131ed99f4bb3eb145,full_discovery,34,18,0.5294117647058824,0.9444444444444444,0.7759259259259258,0.5358935903275901,,,,,not_applicable_without_generated_to_hidden_alignment
deffuant,cross_hypothesis_group_relation,0.2,11,a4547e1d2e64452c9257194cca2f82b213ca0ec0fe95dc21fcf3336bdadc6124,full_discovery,34,20,0.5882352941176471,0.945,0.7049999999999998,0.8587366855341392,,,,,not_applicable_without_generated_to_hidden_alignment
deffuant,cross_hypothesis_group_relation,0.4,0,57bfaf03e9229cbe0c6118ae4417d8ad3e9dbbfa71cf9b5b08b96abe741fdaad,full_discovery,39,22,0.5641025641025641,0.9333333333333332,0.743939393939394,0.6300282838590434,,,,,not_applicable_without_generated_to_hidden_alignment
deffuant,cross_hypothesis_group_relation,0.4,1,6fbfd11550514f9e9d42fbedb0c6cb9a1950794bc21efbd6dac641b450aea10c,full_discovery,39,24,0.6153846153846154,0.9569444444444445,0.8000000000000002,0.6447138610897195,,,,,not_applicable_without_generated_to_hidden_alignment
deffuant,cross_hypothesis_group_relation,0.4,2,04f66c55e91464b5265bb482a8cc5eb3db33e43a489f2e73e8337a1a70380daa,full_discovery,39,25,0.6410256410256411,0.9506666666666667,0.7453333333333333,0.6575302738495193,,,,,not_applicable_without_generated_to_hidden_alignment
deffuant,cross_hypothesis_group_relation,0.4,3,f9ec1240cc55c27959fd9e8fa2c10c23d10379cf4e217a03da56c571f754d82b,full_discovery,39,23,0.5897435897435898,0.9579710144927532,0.7521739130434782,0.7578329273765813,,,,,not_applicable_without_generated_to_hidden_alignment
deffuant,cross_hypothesis_group_relation,0.4,4,2e3d70685ff74e3073ca31118acdbd649847359e7990888615b3a986caec000e,full_discovery,39,19,0.48717948717948717,0.9438596491228071,0.6561403508771929,0.8606211430813063,,,,,not_applicable_without_generated_to_hidden_alignment
deffuant,cross_hypothesis_group_relation,0.4,5,b32686553fac9124cb59f5f3598aa2179f1c950730b5273e8fb2bf613d36672e,full_discovery,39,21,0.5384615384615384,0.9460317460317462,0.7047619047619047,0.8733437080145896,,,,,not_applicable_without_generated_to_hidden_alignment
deffuant,cross_hypothesis_group_relation,0.4,6,f476143fb03c2701f63fbfce6cf15227cc6662e9e45b9150637384d9264fcbab,full_discovery,39,20,0.5128205128205128,0.9549999999999998,0.8549999999999999,0.5561973011575004,,,,,not_applicable_without_generated_to_hidden_alignment
deffuant,cross_hypothesis_group_relation,0.4,7,58ed73c7a1dae558065388aa609c6d8a01d47b427893e0d072239c7be6f7c92e,full_discovery,39,19,0.48717948717948717,0.9456140350877192,0.6894736842105262,0.8264243541656482,,,,,not_applicable_without_generated_to_hidden_alignment
deffuant,cross_hypothesis_group_relation,0.4,8,650e0e77cc4774d740555b7b83b84449a9455e95e371d47c8e67ddce4a58105d,full_discovery,39,23,0.5897435897435898,0.9318840579710145,0.6797101449275362,0.8294471819735287,,,,,not_applicable_without_generated_to_hidden_alignment
deffuant,cross_hypothesis_group_relation,0.4,9,3f6265a387ad6a050f6f002e1854706978c0f9da6d1aeb15aa8a7accee7fdda7,full_discovery,39,21,0.5384615384615384,0.9206349206349206,0.6936507936507935,0.8855734532902788,,,,,not_applicable_without_generated_to_hidden_alignment
deffuant,cross_hypothesis_group_relation,0.4,10,d4894a25d290455b086deefaca404e38969dfa20aa5926667e9eea44d5d98db9,full_discovery,39,21,0.5384615384615384,0.9619047619047617,0.7666666666666667,0.7317592435919307,,,,,not_applicable_without_generated_to_hidden_alignment
deffuant,cross_hypothesis_group_relation,0.4,11,bb6462dca16359bebf619bc017c071c4dbc3def40f0b6b1990df0d4176ad6719,full_discovery,39,23,0.5897435897435898,0.9391304347826086,0.6971014492753626,0.7396132197563463,,,,,not_applicable_without_generated_to_hidden_alignment
deffuant,delete_candidate_relation,0.0,0,e2a3872dc5639db1dd15decef31a67a3b8f5fe0b251b3d038962e5ca24eca24a,full_discovery,28,16,0.5714285714285714,0.94375,0.7583333333333333,0.6714644168312556,,,,,not_applicable_without_generated_to_hidden_alignment
deffuant,delete_candidate_relation,0.0,1,e2a3872dc5639db1dd15decef31a67a3b8f5fe0b251b3d038962e5ca24eca24a,full_discovery,28,16,0.5714285714285714,0.9333333333333333,0.7458333333333333,0.7017190959141307,,,,,not_applicable_without_generated_to_hidden_alignment
deffuant,delete_candidate_relation,0.0,2,e2a3872dc5639db1dd15decef31a67a3b8f5fe0b251b3d038962e5ca24eca24a,full_discovery,28,16,0.5714285714285714,0.9437500000000001,0.7833333333333333,0.6613263004145165,,,,,not_applicable_without_generated_to_hidden_alignment
deffuant,delete_candidate_relation,0.0,3,e2a3872dc5639db1dd15decef31a67a3b8f5fe0b251b3d038962e5ca24eca24a,full_discovery,28,16,0.5714285714285714,0.95,0.7541666666666667,0.7803717346058408,,,,,not_applicable_without_generated_to_hidden_alignment
deffuant,delete_candidate_relation,0.0,4,e2a3872dc5639db1dd15decef31a67a3b8f5fe0b251b3d038962e5ca24eca24a,full_discovery,28,16,0.5714285714285714,0.96875,0.7625,0.7102546498301204,,,,,not_applicable_without_generated_to_hidden_alignment
deffuant,delete_candidate_relation,0.0,5,e2a3872dc5639db1dd15decef31a67a3b8f5fe0b251b3d038962e5ca24eca24a,full_discovery,28,16,0.5714285714285714,0.9437500000000001,0.7541666666666667,0.7413873462279024,,,,,not_applicable_without_generated_to_hidden_alignment
deffuant,delete_candidate_relation,0.0,6,e2a3872dc5639db1dd15decef31a67a3b8f5fe0b251b3d038962e5ca24eca24a,full_discovery,28,16,0.5714285714285714,0.9375,0.74375,0.7001020220941747,,,,,not_applicable_without_generated_to_hidden_alignment
deffuant,delete_candidate_relation,0.0,7,e2a3872dc5639db1dd15decef31a67a3b8f5fe0b251b3d038962e5ca24eca24a,full_discovery,28,16,0.5714285714285714,0.9270833333333334,0.7375,0.751278198188816,,,,,not_applicable_without_generated_to_hidden_alignment
deffuant,delete_candidate_relation,0.0,8,e2a3872dc5639db1dd15decef31a67a3b8f5fe0b251b3d038962e5ca24eca24a,full_discovery,28,16,0.5714285714285714,0.9333333333333333,0.75625,0.6480671045869714,,,,,not_applicable_without_generated_to_hidden_alignment
deffuant,delete_candidate_relation,0.0,9,e2a3872dc5639db1dd15decef31a67a3b8f5fe0b251b3d038962e5ca24eca24a,full_discovery,28,16,0.5714285714285714,0.9375,0.7625,0.7407431450567383,,,,,not_applicable_without_generated_to_hidden_alignment
deffuant,delete_candidate_relation,0.0,10,e2a3872dc5639db1dd15decef31a67a3b8f5fe0b251b3d038962e5ca24eca24a,full_discovery,28,16,0.5714285714285714,0.9395833333333333,0.7583333333333333,0.7802116845618863,,,,,not_applicable_without_generated_to_hidden_alignment
deffuant,delete_candidate_relation,0.0,11,e2a3872dc5639db1dd15decef31a67a3b8f5fe0b251b3d038962e5ca24eca24a,full_discovery,28,16,0.5714285714285714,0.9479166666666667,0.7625,0.6020590065487738,,,,,not_applicable_without_generated_to_hidden_alignment
deffuant,delete_candidate_relation,0.1,0,bd8de49fea6cce4524eac861652dc499d72dcfa3f47f5c4a0065544ebaabe494,full_discovery,25,16,0.64,0.9333333333333333,0.75,0.6936491388163144,,,,,not_applicable_without_generated_to_hidden_alignment
deffuant,delete_candidate_relation,0.1,1,f639a3c898fc4a4a53d9eb0743c977dc2c9945d537a07dc160be90e61682026e,full_discovery,25,14,0.56,0.9404761904761906,0.6904761904761905,0.6658530409962996,,,,,not_applicable_without_generated_to_hidden_alignment
deffuant,delete_candidate_relation,0.1,2,5e24703a5bec4950067e9731e9e547945006ee2b4e9a0e3496cbc0fbdec8ead7,full_discovery,25,14,0.56,0.9452380952380953,0.819047619047619,0.5076143303933665,,,,,not_applicable_without_generated_to_hidden_alignment
deffuant,delete_candidate_relation,0.1,3,451892ec4abe5a8c23cf0681fe190fc250c4229cffe4f45c723c0017e1fe31c0,full_discovery,25,15,0.6,0.9511111111111111,0.8044444444444444,0.530000080604358,,,,,not_applicable_without_generated_to_hidden_alignment
deffuant,delete_candidate_relation,0.1,4,3685b2b4524f2a13ef84ed4cf184a456efd08c5b05be0d7c8fc6278a765309f1,full_discovery,25,15,0.6,0.9511111111111111,0.7133333333333333,0.8004641738713734,,,,,not_applicable_without_generated_to_hidden_alignment
deffuant,delete_candidate_relation,0.1,5,c70842c704dc90fe170cbba05d23a94f980acbc6cfee609e1b0f7a5907818ea6,full_discovery,25,14,0.56,0.9523809523809526,0.7595238095238095,0.6999507617175479,,,,,not_applicable_without_generated_to_hidden_alignment
deffuant,delete_candidate_relation,0.1,6,05ab807b76d731d50123164df4863efd62ebd14490ab886bc2d7228596794102,full_discovery,25,16,0.64,0.9583333333333333,0.7520833333333333,0.5905825336015432,,,,,not_applicable_without_generated_to_hidden_alignment
deffuant,delete_candidate_relation,0.1,7,10e87da63a0e0d9a38cc691fee98f63ac578fd0012da9dcb16dca43919e8a2c7,full_discovery,25,16,0.64,0.9479166666666667,0.7333333333333334,0.6633904262310917,,,,,not_applicable_without_generated_to_hidden_alignment
deffuant,delete_candidate_relation,0.1,8,a730fd43406236c5ed6e30a2b172d03f77120497175ec4acf41e0dcf18334048,full_discovery,25,16,0.64,0.9479166666666667,0.7229166666666667,0.6932978219460253,,,,,not_applicable_without_generated_to_hidden_alignment
deffuant,delete_candidate_relation,0.1,9,b155fbf6f0b01563566cd6ec027cd58235a24a91d392da79f87799bdd4e68b2e,full_discovery,25,15,0.6,0.9377777777777779,0.6933333333333334,0.8604548756069791,,,,,not_applicable_without_generated_to_hidden_alignment
deffuant,delete_candidate_relation,0.1,10,d4a24ac63584857a7f5580d292acd8f37dae6c1eb0acdb167dc32bac464d1832,full_discovery,25,12,0.48,0.952777777777778,0.7416666666666667,0.5705815733118009,,,,,not_applicable_without_generated_to_hidden_alignment
deffuant,delete_candidate_relation,0.1,11,173a2c89af402e805b97a11cd68ac0c574989deabc3efce0e1ffd222b34b7fc4,full_discovery,25,14,0.56,0.9690476190476192,0.7761904761904761,0.691082492579639,,,,,not_applicable_without_generated_to_hidden_alignment
deffuant,delete_candidate_relation,0.2,0,61564baf76b39586b5ec0410041551c04053858047363f6e33981517b2b9521e,full_discovery,22,12,0.5454545454545454,0.9250000000000002,0.6277777777777779,0.7443253221903618,,,,,not_applicable_without_generated_to_hidden_alignment
deffuant,delete_candidate_relation,0.2,1,190bf6684d6c48bfcadd1fe52b7200414a8c183d8c7b7d8076c46d08854a3add,full_discovery,22,11,0.5,0.9303030303030304,0.6757575757575758,0.8074767359708868,,,,,not_applicable_without_generated_to_hidden_alignment
deffuant,delete_candidate_relation,0.2,2,4e063c7de8a01637a28aa9b81ed9ff07ef3e434673a07ea4b016a045a692ae12,full_discovery,22,13,0.5909090909090909,0.9461538461538463,0.7999999999999999,0.6766678940304371,,,,,not_applicable_without_generated_to_hidden_alignment
deffuant,delete_candidate_relation,0.2,3,28920601bda357eb30bd281827513b6eb6743a078884973afa69a847ccebd3be,full_discovery,22,14,0.6363636363636364,0.9190476190476192,0.619047619047619,1.017985577292489,,,,,not_applicable_without_generated_to_hidden_alignment
deffuant,delete_candidate_relation,0.2,4,6ea46ac133c2e5b3c6cf3eae401b7c4308ef2cd8919c5c7519a029ed263eba05,full_discovery,22,16,0.7272727272727273,0.9145833333333333,0.6958333333333333,0.7925541169548086,,,,,not_applicable_without_generated_to_hidden_alignment
deffuant,delete_candidate_relation,0.2,5,d7c8acf5838cf9d7a1d67b6c3bfed856ed98ee90dc10af891b7c65be76670f49,full_discovery,22,13,0.5909090909090909,0.9410256410256411,0.7461538461538461,0.5136269148671964,,,,,not_applicable_without_generated_to_hidden_alignment
deffuant,delete_candidate_relation,0.2,6,99f315a856feae396462044fb7be39f80dddfe6ee743f0456d9d40bafc8c720d,full_discovery,22,13,0.5909090909090909,0.9384615384615386,0.7153846153846154,0.7711928251815802,,,,,not_applicable_without_generated_to_hidden_alignment
deffuant,delete_candidate_relation,0.2,7,78b41e2900211e97a3ee01d30b5164ceda804125ec15e98598295492d9c17348,full_discovery,22,13,0.5909090909090909,0.9410256410256411,0.758974358974359,0.598358833696664,,,,,not_applicable_without_generated_to_hidden_alignment
deffuant,delete_candidate_relation,0.2,8,be0f13b4a0221750e0e73380c1099049e06876ebfe24dbcb929ed5e3afb2959d,full_discovery,22,12,0.5454545454545454,0.9083333333333335,0.7472222222222222,0.691099659329332,,,,,not_applicable_without_generated_to_hidden_alignment
deffuant,delete_candidate_relation,0.2,9,3525110071c37743cc773b008277ee8cb704ddfe4c802e8ae20b11297fc941be,full_discovery,22,13,0.5909090909090909,0.9410256410256411,0.7128205128205127,0.7815785150274538,,,,,not_applicable_without_generated_to_hidden_alignment
deffuant,delete_candidate_relation,0.2,10,64fa8933e390eff1e4d738a7cb34f06c4da34600cedf77a288395b51381ba18e,full_discovery,22,14,0.6363636363636364,0.9761904761904763,0.8619047619047621,0.46552221814623757,,,,,not_applicable_without_generated_to_hidden_alignment
deffuant,delete_candidate_relation,0.2,11,b1f43f09316113d02ab982c076ee65ad5a804914a746bb945e9029d8c93fa897,full_discovery,22,13,0.5909090909090909,0.9666666666666667,0.758974358974359,0.7282118815367569,,,,,not_applicable_without_generated_to_hidden_alignment
deffuant,delete_candidate_relation,0.4,0,95c13b3f015b329b5de8d0ec6c5350be515d1dc4298bab5c6f2985060fa7fcd1,full_discovery,17,12,0.7058823529411765,0.9472222222222223,0.75,0.7465726888716118,,,,,not_applicable_without_generated_to_hidden_alignment
deffuant,delete_candidate_relation,0.4,1,05f82251329e25fd8938e838a9abe9cf3838c631f478609a519c94234618f838,full_discovery,17,10,0.5882352941176471,0.9633333333333333,0.72,0.6571017461781306,,,,,not_applicable_without_generated_to_hidden_alignment
deffuant,delete_candidate_relation,0.4,2,858cdcd55756b15873b146ceea411e37d817fc2d56ed7b853cae47e1a3c0a609,full_discovery,17,12,0.7058823529411765,0.9333333333333335,0.7416666666666667,0.5147816315742243,,,,,not_applicable_without_generated_to_hidden_alignment
deffuant,delete_candidate_relation,0.4,3,4dfee56537801b4068b9458964769e8cd147dbb087147e7321b2c2dfeff01002,full_discovery,17,13,0.7647058823529411,0.9743589743589743,0.782051282051282,0.48644691157952136,,,,,not_applicable_without_generated_to_hidden_alignment
deffuant,delete_candidate_relation,0.4,4,6f49752281ee6b189d2c1a41d791561171fc19da5f66f876bd4f5e5e54651f78,full_discovery,17,13,0.7647058823529411,0.9666666666666668,0.7333333333333335,0.6969726861470467,,,,,not_applicable_without_generated_to_hidden_alignment
deffuant,delete_candidate_relation,0.4,5,0ca5398819505edcdcaed9009139133fbbf72cb81d528da21855ace843b01797,full_discovery,17,10,0.5882352941176471,0.9466666666666667,0.8666666666666666,0.4045262644602993,,,,,not_applicable_without_generated_to_hidden_alignment
deffuant,delete_candidate_relation,0.4,6,ca516680f7bc1acccf0ba1bdb199deabbfe499adf80f85d0fceb69cc5e74078e,full_discovery,17,9,0.5294117647058824,0.9777777777777779,0.8407407407407407,0.3802972299013554,,,,,not_applicable_without_generated_to_hidden_alignment
deffuant,delete_candidate_relation,0.4,7,255b144e0898178885dfa418d6558cf8b88cbeda060881248d6cad6c8c7a1f66,full_discovery,17,11,0.6470588235294118,0.9818181818181819,0.9121212121212121,0.29597861607502585,,,,,not_applicable_without_generated_to_hidden_alignment
deffuant,delete_candidate_relation,0.4,8,9192be6af2410602bb0550dd8032c9122a6b334d63f2ab11040b78e0b2e9b924,full_discovery,17,12,0.7058823529411765,0.9611111111111111,0.8083333333333332,0.5494689441076502,,,,,not_applicable_without_generated_to_hidden_alignment
deffuant,delete_candidate_relation,0.4,9,4eab5a09d47f11eb225fda06f0fd2bf04d05251738f162198b0a985c0b1ef528,full_discovery,17,13,0.7647058823529411,0.9128205128205129,0.7307692307692307,0.6909080353833577,,,,,not_applicable_without_generated_to_hidden_alignment
deffuant,delete_candidate_relation,0.4,10,4611879fb5eb90fc1ea51f5a38b9d5fe39fe50d4e0a106675987328e825c2217,full_discovery,17,10,0.5882352941176471,0.9666666666666666,0.77,0.7777389543054604,,,,,not_applicable_without_generated_to_hidden_alignment
deffuant,delete_candidate_relation,0.4,11,f9a00fd5f42179714f67de965322f6a3938bee09f08f94a2226f5d4fb7c82e64,full_discovery,17,12,0.7058823529411765,0.9777777777777779,0.8777777777777778,0.3381205880073422,,,,,not_applicable_without_generated_to_hidden_alignment
deffuant,irrelevant_indicator,0.0,0,e2a3872dc5639db1dd15decef31a67a3b8f5fe0b251b3d038962e5ca24eca24a,full_discovery,28,16,0.5714285714285714,0.9500000000000001,0.75,0.685627115489341,,,,,not_applicable_without_generated_to_hidden_alignment
deffuant,irrelevant_indicator,0.0,1,e2a3872dc5639db1dd15decef31a67a3b8f5fe0b251b3d038962e5ca24eca24a,full_discovery,28,16,0.5714285714285714,0.9479166666666667,0.7291666666666666,0.8487303741976908,,,,,not_applicable_without_generated_to_hidden_alignment
deffuant,irrelevant_indicator,0.0,2,e2a3872dc5639db1dd15decef31a67a3b8f5fe0b251b3d038962e5ca24eca24a,full_discovery,28,16,0.5714285714285714,0.9333333333333333,0.7520833333333333,0.7538437283369267,,,,,not_applicable_without_generated_to_hidden_alignment
deffuant,irrelevant_indicator,0.0,3,e2a3872dc5639db1dd15decef31a67a3b8f5fe0b251b3d038962e5ca24eca24a,full_discovery,28,16,0.5714285714285714,0.9375,0.7416666666666667,0.7391620748815255,,,,,not_applicable_without_generated_to_hidden_alignment
deffuant,irrelevant_indicator,0.0,4,e2a3872dc5639db1dd15decef31a67a3b8f5fe0b251b3d038962e5ca24eca24a,full_discovery,28,15,0.5357142857142857,0.9600000000000001,0.74,0.7737876955767107,,,,,not_applicable_without_generated_to_hidden_alignment
deffuant,irrelevant_indicator,0.0,5,e2a3872dc5639db1dd15decef31a67a3b8f5fe0b251b3d038962e5ca24eca24a,full_discovery,28,16,0.5714285714285714,0.9291666666666667,0.7687499999999999,0.6524936739092537,,,,,not_applicable_without_generated_to_hidden_alignment
deffuant,irrelevant_indicator,0.0,6,e2a3872dc5639db1dd15decef31a67a3b8f5fe0b251b3d038962e5ca24eca24a,full_discovery,28,16,0.5714285714285714,0.9375,0.7666666666666666,0.6467415832301056,,,,,not_applicable_without_generated_to_hidden_alignment
deffuant,irrelevant_indicator,0.0,7,e2a3872dc5639db1dd15decef31a67a3b8f5fe0b251b3d038962e5ca24eca24a,full_discovery,28,16,0.5714285714285714,0.9354166666666667,0.76875,0.7159738964579234,,,,,not_applicable_without_generated_to_hidden_alignment
deffuant,irrelevant_indicator,0.0,8,e2a3872dc5639db1dd15decef31a67a3b8f5fe0b251b3d038962e5ca24eca24a,full_discovery,28,16,0.5714285714285714,0.9520833333333334,0.7604166666666667,0.6619828587335996,,,,,not_applicable_without_generated_to_hidden_alignment
deffuant,irrelevant_indicator,0.0,9,e2a3872dc5639db1dd15decef31a67a3b8f5fe0b251b3d038962e5ca24eca24a,full_discovery,28,16,0.5714285714285714,0.9208333333333334,0.7333333333333333,0.6662556212429535,,,,,not_applicable_without_generated_to_hidden_alignment
deffuant,irrelevant_indicator,0.0,10,e2a3872dc5639db1dd15decef31a67a3b8f5fe0b251b3d038962e5ca24eca24a,full_discovery,28,15,0.5357142857142857,0.9555555555555556,0.7511111111111112,0.7240657719390311,,,,,not_applicable_without_generated_to_hidden_alignment
deffuant,irrelevant_indicator,0.0,11,e2a3872dc5639db1dd15decef31a67a3b8f5fe0b251b3d038962e5ca24eca24a,full_discovery,28,16,0.5714285714285714,0.9437500000000001,0.75,0.7343316680328085,,,,,not_applicable_without_generated_to_hidden_alignment
deffuant,irrelevant_indicator,0.1,0,78ba2b9e2465e745ed84762d9d4133b0f2d035e0ee543141e9a2179ac759061d,full_discovery,31,17,0.5483870967741935,0.9470588235294118,0.7411764705882353,0.7555907236502084,,,,,not_applicable_without_generated_to_hidden_alignment
deffuant,irrelevant_indicator,0.1,1,f0cc7c3dce07cd4637dda469702dbb97123c120cd817a25774029fec3e8e692a,full_discovery,31,16,0.5161290322580645,0.9645833333333333,0.7625,0.6746628057634585,,,,,not_applicable_without_generated_to_hidden_alignment
deffuant,irrelevant_indicator,0.1,2,6a66f309e5bea7be8fb91bee0ddabff8bf05ad286b818ab5f71bc140a2688408,full_discovery,31,18,0.5806451612903226,0.9092592592592593,0.7462962962962962,0.7019818348760122,,,,,not_applicable_without_generated_to_hidden_alignment
deffuant,irrelevant_indicator,0.1,3,18ea35eb5d764da44ede95cf735e0d54f24dcba085a81f628c1a16437f482fd3,full_discovery,31,16,0.5161290322580645,0.93125,0.7291666666666667,0.6805734587147254,,,,,not_applicable_without_generated_to_hidden_alignment
deffuant,irrelevant_indicator,0.1,4,56d14e6d2516e6800670b1c4fde0108fd9ed6558a082b22dead312165ea11300,full_discovery,31,17,0.5483870967741935,0.9235294117647059,0.7470588235294118,0.7468839315377053,,,,,not_applicable_without_generated_to_hidden_alignment
deffuant,irrelevant_indicator,0.1,5,90ee3b0b4b0a4b898ad9933fb264508c13af44cc16e898d723a9ed2062dfd475,full_discovery,31,17,0.5483870967741935,0.9470588235294118,0.7607843137254902,0.7087994934603783,,,,,not_applicable_without_generated_to_hidden_alignment
deffuant,irrelevant_indicator,0.1,6,07bacd0bb48efff757b2dc1e0a9fd8ac95d505608ec1652b6685daebc1f964fe,full_discovery,31,17,0.5483870967741935,0.9372549019607843,0.7352941176470589,0.7505876769506853,,,,,not_applicable_without_generated_to_hidden_alignment
deffuant,irrelevant_indicator,0.1,7,09d5b90f810a53665493fee4782dd97c298ddf9cc8c4f36fe72dc6a498bbfdc1,full_discovery,31,18,0.5806451612903226,0.924074074074074,0.7555555555555555,0.6173771201137237,,,,,not_applicable_without_generated_to_hidden_alignment
deffuant,irrelevant_indicator,0.1,8,ab3a0bfc7d816c24899228c192a196e9fe59e991e1cee88bc62a94c5ddad5494,full_discovery,31,17,0.5483870967741935,0.9568627450980391,0.7686274509803921,0.6617435397481899,,,,,not_applicable_without_generated_to_hidden_alignment
deffuant,irrelevant_indicator,0.1,9,6849f616889a861dd16820556779427efff649d71fac39402d7191b4f9a2acc7,full_discovery,31,16,0.5161290322580645,0.9416666666666667,0.78125,0.6684551557920544,,,,,not_applicable_without_generated_to_hidden_alignment
deffuant,irrelevant_indicator,0.1,10,e67a38394d629b5d77e3a28b759493de6f3548c6af920d360ec2794484cc74c1,full_discovery,31,16,0.5161290322580645,0.9458333333333333,0.7354166666666666,0.7699423332148287,,,,,not_applicable_without_generated_to_hidden_alignment
deffuant,irrelevant_indicator,0.1,11,0b73ab60235fbc0c01a961e582f6ec3cf958b0b28021e4769b13f4218c3b3969,full_discovery,31,16,0.5161290322580645,0.9354166666666667,0.7354166666666666,0.7905086941247172,,,,,not_applicable_without_generated_to_hidden_alignment
deffuant,irrelevant_indicator,0.2,0,29a6d4ca3bac66c603e1e63518597d6b373cc59c7fe2fe0e7f6f093430633984,full_discovery,34,18,0.5294117647058824,0.9296296296296297,0.7277777777777777,0.8340557916820287,,,,,not_applicable_without_generated_to_hidden_alignment
deffuant,irrelevant_indicator,0.2,1,dcdafd7ed09728e094d1a4d99956acd4e355c31fe8dd5cdb41fda22efa98820e,full_discovery,34,18,0.5294117647058824,0.9351851851851853,0.7444444444444445,0.6880097787465909,,,,,not_applicable_without_generated_to_hidden_alignment
deffuant,irrelevant_indicator,0.2,2,30aec9cf3dac03e6fc84d55fd98da74b1d263f8e116734277904059c556d101a,full_discovery,34,15,0.4411764705882353,0.9666666666666668,0.7977777777777778,0.6368244396773253,,,,,not_applicable_without_generated_to_hidden_alignment
deffuant,irrelevant_indicator,0.2,3,e9f6622551bb0b1cd54374ef0655f7c5677366121f641b4bfb223d8f8493ea09,full_discovery,34,15,0.4411764705882353,0.9466666666666668,0.7711111111111111,0.7078700595135453,,,,,not_applicable_without_generated_to_hidden_alignment
deffuant,irrelevant_indicator,0.2,4,fc0d593bce910f1314a813401eb7bf8d351aad9f531b845bb3a4ac72496bfca0,full_discovery,34,17,0.5,0.9411764705882353,0.7627450980392156,0.6219769545345909,,,,,not_applicable_without_generated_to_hidden_alignment
deffuant,irrelevant_indicator,0.2,5,4cc94fbd099cc46e9f28c01fc56f7ed1dda7bacaf794f80931cb7a25df622c6b,full_discovery,34,16,0.47058823529411764,0.95,0.7958333333333334,0.7279362813678256,,,,,not_applicable_without_generated_to_hidden_alignment
deffuant,irrelevant_indicator,0.2,6,0d8a25f49d2ce1e425e742969ac86a8f592c1aee8871f8ee260dbdc0ad928e2b,full_discovery,34,18,0.5294117647058824,0.9314814814814815,0.7370370370370369,0.7129503793970028,,,,,not_applicable_without_generated_to_hidden_alignment
deffuant,irrelevant_indicator,0.2,7,a670887c371cde97d71271e5fe4f997a0f81290a8ca8c73c6cbd7ef127dbecb4,full_discovery,34,16,0.47058823529411764,0.925,0.7250000000000001,0.7751365603329498,,,,,not_applicable_without_generated_to_hidden_alignment
deffuant,irrelevant_indicator,0.2,8,778caea7f1df2baa92e5962acacdf2d79083c246999c636a9f29e98a2062a854,full_discovery,34,16,0.47058823529411764,0.93125,0.7458333333333333,0.6802497431079676,,,,,not_applicable_without_generated_to_hidden_alignment
deffuant,irrelevant_indicator,0.2,9,3ec8f7858c10b619e2b7feec99b44f025444e88f364a8889bffc6fdcda7b7c61,full_discovery,34,17,0.5,0.9372549019607843,0.7509803921568627,0.7826031585898363,,,,,not_applicable_without_generated_to_hidden_alignment
deffuant,irrelevant_indicator,0.2,10,cd7b80931d27d3342ea4478b50157a49d054b20c24bfb44d64bd2449ee72c084,full_discovery,34,17,0.5,0.9470588235294118,0.7529411764705882,0.6949545507504411,,,,,not_applicable_without_generated_to_hidden_alignment
deffuant,irrelevant_indicator,0.2,11,8063412c62715a7af9c458894c87103db713576d62d8b3e28ffeb5194cac24be,full_discovery,34,15,0.4411764705882353,0.9311111111111113,0.7911111111111111,0.5895795153262796,,,,,not_applicable_without_generated_to_hidden_alignment
deffuant,irrelevant_indicator,0.4,0,41c8c957109f3ed07141430d2ab0f1de9db39ddb6d99a350bf27e4521f730c93,full_discovery,39,18,0.46153846153846156,0.9351851851851853,0.7425925925925926,0.7361810524322694,,,,,not_applicable_without_generated_to_hidden_alignment
deffuant,irrelevant_indicator,0.4,1,ed17ed82c872b0588c249bf722f2d3aedd3895d9ff74ea419873f4bd40833fa2,full_discovery,39,17,0.4358974358974359,0.9254901960784313,0.7450980392156863,0.7665206642697241,,,,,not_applicable_without_generated_to_hidden_alignment
deffuant,irrelevant_indicator,0.4,2,ee8d67596559097e60cd10a6dab98db4bddb06bb91b1a6357d255b8e9326de68,full_discovery,39,17,0.4358974358974359,0.9254901960784314,0.7176470588235294,0.7297955013101045,,,,,not_applicable_without_generated_to_hidden_alignment
deffuant,irrelevant_indicator,0.4,3,51f9ed036402fb5b66f886925feaa870579c10f229f109fb70bce052a5de2774,full_discovery,39,16,0.41025641025641024,0.9416666666666667,0.7208333333333333,0.7648344283223412,,,,,not_applicable_without_generated_to_hidden_alignment
deffuant,irrelevant_indicator,0.4,4,bca6888bb096f3256961595cc2188912347b57e303b5a37ac1056da402fd1ccf,full_discovery,39,18,0.46153846153846156,0.9462962962962964,0.7407407407407408,0.8216982267525048,,,,,not_applicable_without_generated_to_hidden_alignment
deffuant,irrelevant_indicator,0.4,5,08532e795e0f39bd58a6d6e1fbc75cba8ce54aea503b9f601888b7e654c37bfa,full_discovery,39,19,0.48717948717948717,0.9245614035087719,0.6877192982456141,0.7507934099804958,,,,,not_applicable_without_generated_to_hidden_alignment
deffuant,irrelevant_indicator,0.4,6,f577c05ba4b040a4e5234d168099a8305c219e62620a78e00b731298c477dc26,full_discovery,39,18,0.46153846153846156,0.9259259259259258,0.7222222222222222,0.7566982842004895,,,,,not_applicable_without_generated_to_hidden_alignment
deffuant,irrelevant_indicator,0.4,7,0e9ef73bcbd44a3313b9fb4737966b199ca02fc727a77c91a67ed5620b7ff17c,full_discovery,39,19,0.48717948717948717,0.9456140350877192,0.7719298245614034,0.7476577962828038,,,,,not_applicable_without_generated_to_hidden_alignment
deffuant,irrelevant_indicator,0.4,8,ba29b8baf12f582eac6ca7607d68a36f63928f66b5fa57cbe15f8d818e94c697,full_discovery,39,19,0.48717948717948717,0.9210526315789473,0.6666666666666669,0.7971007461015875,,,,,not_applicable_without_generated_to_hidden_alignment
deffuant,irrelevant_indicator,0.4,9,59aeff089d6ac059d42974fb2163c492f26cb466554201ad8baffef299ca8c23,full_discovery,39,18,0.46153846153846156,0.9203703703703704,0.7481481481481481,0.7054130127449458,,,,,not_applicable_without_generated_to_hidden_alignment
deffuant,irrelevant_indicator,0.4,10,e07612f410adade22b3c961fdd615cb899bf64acd1996ae5c848badabf0f975f,full_discovery,39,19,0.48717948717948717,0.9087719298245613,0.7157894736842105,0.7417147212823434,,,,,not_applicable_without_generated_to_hidden_alignment
deffuant,irrelevant_indicator,0.4,11,ddfb1362d8fd46ea31c6b04b2d2059de8b0b2f1d946ff56f488d26af19b4c935,full_discovery,39,21,0.5384615384615384,0.9079365079365077,0.707936507936508,0.8341575272856555,,,,,not_applicable_without_generated_to_hidden_alignment
deffuant,redundant_semantic_indicator,0.0,0,e2a3872dc5639db1dd15decef31a67a3b8f5fe0b251b3d038962e5ca24eca24a,full_discovery,28,16,0.5714285714285714,0.9354166666666667,0.7354166666666666,0.6823843360965058,,,,,not_applicable_without_generated_to_hidden_alignment
deffuant,redundant_semantic_indicator,0.0,1,e2a3872dc5639db1dd15decef31a67a3b8f5fe0b251b3d038962e5ca24eca24a,full_discovery,28,16,0.5714285714285714,0.9354166666666667,0.7687499999999999,0.6370237498013187,,,,,not_applicable_without_generated_to_hidden_alignment
deffuant,redundant_semantic_indicator,0.0,2,e2a3872dc5639db1dd15decef31a67a3b8f5fe0b251b3d038962e5ca24eca24a,full_discovery,28,16,0.5714285714285714,0.9541666666666667,0.7916666666666667,0.6298866481824781,,,,,not_applicable_without_generated_to_hidden_alignment
deffuant,redundant_semantic_indicator,0.0,3,e2a3872dc5639db1dd15decef31a67a3b8f5fe0b251b3d038962e5ca24eca24a,full_discovery,28,16,0.5714285714285714,0.9333333333333333,0.7458333333333333,0.7263259369056135,,,,,not_applicable_without_generated_to_hidden_alignment
deffuant,redundant_semantic_indicator,0.0,4,e2a3872dc5639db1dd15decef31a67a3b8f5fe0b251b3d038962e5ca24eca24a,full_discovery,28,16,0.5714285714285714,0.9375,0.74375,0.730240177396275,,,,,not_applicable_without_generated_to_hidden_alignment
deffuant,redundant_semantic_indicator,0.0,5,e2a3872dc5639db1dd15decef31a67a3b8f5fe0b251b3d038962e5ca24eca24a,full_discovery,28,16,0.5714285714285714,0.9375,0.7541666666666667,0.6931807384594997,,,,,not_applicable_without_generated_to_hidden_alignment
deffuant,redundant_semantic_indicator,0.0,6,e2a3872dc5639db1dd15decef31a67a3b8f5fe0b251b3d038962e5ca24eca24a,full_discovery,28,16,0.5714285714285714,0.9375000000000001,0.7208333333333333,0.839410858776021,,,,,not_applicable_without_generated_to_hidden_alignment
deffuant,redundant_semantic_indicator,0.0,7,e2a3872dc5639db1dd15decef31a67a3b8f5fe0b251b3d038962e5ca24eca24a,full_discovery,28,16,0.5714285714285714,0.9375,0.7604166666666667,0.7713787807249839,,,,,not_applicable_without_generated_to_hidden_alignment
deffuant,redundant_semantic_indicator,0.0,8,e2a3872dc5639db1dd15decef31a67a3b8f5fe0b251b3d038962e5ca24eca24a,full_discovery,28,16,0.5714285714285714,0.9541666666666667,0.7770833333333333,0.7336626218395091,,,,,not_applicable_without_generated_to_hidden_alignment
deffuant,redundant_semantic_indicator,0.0,9,e2a3872dc5639db1dd15decef31a67a3b8f5fe0b251b3d038962e5ca24eca24a,full_discovery,28,16,0.5714285714285714,0.9458333333333333,0.7854166666666667,0.6856633685728678,,,,,not_applicable_without_generated_to_hidden_alignment
deffuant,redundant_semantic_indicator,0.0,10,e2a3872dc5639db1dd15decef31a67a3b8f5fe0b251b3d038962e5ca24eca24a,full_discovery,28,16,0.5714285714285714,0.9125000000000001,0.7333333333333333,0.7984474653924543,,,,,not_applicable_without_generated_to_hidden_alignment
deffuant,redundant_semantic_indicator,0.0,11,e2a3872dc5639db1dd15decef31a67a3b8f5fe0b251b3d038962e5ca24eca24a,full_discovery,28,16,0.5714285714285714,0.9583333333333334,0.7729166666666667,0.6685250180921445,,,,,not_applicable_without_generated_to_hidden_alignment
deffuant,redundant_semantic_indicator,0.1,0,90529c8f7e83020941d37fbf92c3bcb783eb7df01fe65f9ce95235ff260cfd18,full_discovery,31,18,0.5806451612903226,0.9537037037037037,0.787037037037037,0.7117163720818194,,,,,not_applicable_without_generated_to_hidden_alignment
deffuant,redundant_semantic_indicator,0.1,1,e925f29a5f64a0e0c014f14c33bcf8c4d1e7ff8470b4aef90e767b0b6fc03e64,full_discovery,31,16,0.5161290322580645,0.9541666666666667,0.8145833333333333,0.6303559330627393,,,,,not_applicable_without_generated_to_hidden_alignment
deffuant,redundant_semantic_indicator,0.1,2,6b638384097900a60dbc1b1a1ac2b0ba8662c50987c26810a340e11fffa14134,full_discovery,31,18,0.5806451612903226,0.9370370370370371,0.7574074074074074,0.651525528832837,,,,,not_applicable_without_generated_to_hidden_alignment
deffuant,redundant_semantic_indicator,0.1,3,6e34ba102cf34036935293af13e98cbbc6d8428d043cefc613e0a8d9aa3e1f47,full_discovery,31,18,0.5806451612903226,0.9388888888888888,0.7629629629629631,0.6912063738416117,,,,,not_applicable_without_generated_to_hidden_alignment
deffuant,redundant_semantic_indicator,0.1,4,3a8a746a67edd99622e633090e3ad1e09c36f798f4f25b2b1670a60053b51cbb,full_discovery,31,18,0.5806451612903226,0.9481481481481482,0.7462962962962962,0.745240203391604,,,,,not_applicable_without_generated_to_hidden_alignment
deffuant,redundant_semantic_indicator,0.1,5,94f3213e9a14d40bc0f527d641de357188d445e20fbef5c5c9874b1a43cc84dd,full_discovery,31,16,0.5161290322580645,0.9291666666666667,0.7375,0.7828769524448094,,,,,not_applicable_without_generated_to_hidden_alignment
deffuant,redundant_semantic_indicator,0.1,6,1c030dd0607017eaa9a2bcc16988d59b755960afba4fd1f0f3cc691125efe21d,full_discovery,31,17,0.5483870967741935,0.9313725490196079,0.7490196078431373,0.6510956125978846,,,,,not_applicable_without_generated_to_hidden_alignment
deffuant,redundant_semantic_indicator,0.1,7,6c5749076ff66f513fb8336a0b9bcb662183f643953ec58c40769c07ce647662,full_discovery,31,19,0.6129032258064516,0.9298245614035087,0.7736842105263159,0.5947823845934421,,,,,not_applicable_without_generated_to_hidden_alignment
deffuant,redundant_semantic_indicator,0.1,8,2bfcdee844b810fbbbfc738007c0bde2e668586e99c6c920812cc80ff81172ba,full_discovery,31,19,0.6129032258064516,0.970175438596491,0.8210526315789473,0.5667892598697988,,,,,not_applicable_without_generated_to_hidden_alignment
deffuant,redundant_semantic_indicator,0.1,9,53552a9cfee52ee951b572e4e7ff688a3952fbb5580a1406ce97508e49650681,full_discovery,31,19,0.6129032258064516,0.9210526315789473,0.7315789473684212,0.7301227903896601,,,,,not_applicable_without_generated_to_hidden_alignment
deffuant,redundant_semantic_indicator,0.1,10,ae18d4a5a875e11c389ce8786958829043a59990e9f4b0ddc016e046d965bd77,full_discovery,31,18,0.5806451612903226,0.9166666666666666,0.7499999999999999,0.6768806185115666,,,,,not_applicable_without_generated_to_hidden_alignment
deffuant,redundant_semantic_indicator,0.1,11,d391318618de85316004eb97f01be2631b50f8795847b9501450146be6315c70,full_discovery,31,19,0.6129032258064516,0.9421052631578944,0.7614035087719299,0.7549786115094461,,,,,not_applicable_without_generated_to_hidden_alignment
deffuant,redundant_semantic_indicator,0.2,0,f78e9bcb1f905ac283844a9b146fcd2f0e0e3e85c23286005e6bbb7f5f3635d7,full_discovery,34,20,0.5882352941176471,0.9133333333333331,0.7133333333333333,0.6494585350270573,,,,,not_applicable_without_generated_to_hidden_alignment
deffuant,redundant_semantic_indicator,0.2,1,60e0b6898aefab24116f38614b1783b98e398883d576def4f885c7c80479e767,full_discovery,34,20,0.5882352941176471,0.9299999999999999,0.7683333333333333,0.6751188077162615,,,,,not_applicable_without_generated_to_hidden_alignment
deffuant,redundant_semantic_indicator,0.2,2,edfaf136cd87181b608f3f5632c6a056e5e09a3de68c03642fea10c5ec48d219,full_discovery,34,19,0.5588235294117647,0.9315789473684208,0.7421052631578947,0.6594513497960581,,,,,not_applicable_without_generated_to_hidden_alignment
deffuant,redundant_semantic_indicator,0.2,3,7a6e0dbf8dd33b302045d4fed30a6adca97b8fe95e74dcac309014731120c7c3,full_discovery,34,20,0.5882352941176471,0.9566666666666667,0.7666666666666666,0.7240003567923069,,,,,not_applicable_without_generated_to_hidden_alignment
deffuant,redundant_semantic_indicator,0.2,4,a03547f912d44b295d9ec119c404e68fbd28c6a0ec03ca0b950a6653ab02ddbb,full_discovery,34,19,0.5588235294117647,0.9456140350877194,0.7666666666666666,0.6995009994923738,,,,,not_applicable_without_generated_to_hidden_alignment
deffuant,redundant_semantic_indicator,0.2,5,e631c720290cf28da0a1e6edc1393f0dea954306757df4282964b99e882cde58,full_discovery,34,19,0.5588235294117647,0.9561403508771931,0.7649122807017543,0.6578037947825622,,,,,not_applicable_without_generated_to_hidden_alignment
deffuant,redundant_semantic_indicator,0.2,6,aace2196f54ccfd86f906b7d7ad1124c01b2d7928c9ebd585ce4fb56ca68b741,full_discovery,34,19,0.5588235294117647,0.9508771929824561,0.7719298245614036,0.7055531442375376,,,,,not_applicable_without_generated_to_hidden_alignment
deffuant,redundant_semantic_indicator,0.2,7,bc50e2b536c129989515343e4a7909eebdcd2b21c905f1af049bd3db28136705,full_discovery,34,19,0.5588235294117647,0.9192982456140352,0.7614035087719299,0.6771389690984306,,,,,not_applicable_without_generated_to_hidden_alignment
deffuant,redundant_semantic_indicator,0.2,8,a47aeb02e0f7dbcaf57e4449669951f810c5b52cf979e9171f5cc89c1443741c,full_discovery,34,18,0.5294117647058824,0.9462962962962962,0.6925925925925926,0.8419799803182584,,,,,not_applicable_without_generated_to_hidden_alignment
deffuant,redundant_semantic_indicator,0.2,9,43927e041acb888ce7dd8166827eb899fbe05aba450a2629a643c9035f751d4a,full_discovery,34,17,0.5,0.9529411764705882,0.7529411764705882,0.7252386630247942,,,,,not_applicable_without_generated_to_hidden_alignment
deffuant,redundant_semantic_indicator,0.2,10,c97a00d311181e42720d14a7ecf1c8a7f3695bbfa8423456b7399bb7881c09c7,full_discovery,34,18,0.5294117647058824,0.938888888888889,0.7759259259259258,0.5352240671360834,,,,,not_applicable_without_generated_to_hidden_alignment
deffuant,redundant_semantic_indicator,0.2,11,4d5bde7e2a1522615150cbb7255f96b266a5e5b894b919a43361814983456a76,full_discovery,34,18,0.5294117647058824,0.9499999999999998,0.788888888888889,0.6573765412237982,,,,,not_applicable_without_generated_to_hidden_alignment
deffuant,redundant_semantic_indicator,0.4,0,ec7ba1cca6589d190c6769f378155dbed39a0f600c6c18bdff8f369e5104b8ea,full_discovery,39,24,0.6153846153846154,0.9583333333333334,0.7680555555555556,0.7427397661431807,,,,,not_applicable_without_generated_to_hidden_alignment
deffuant,redundant_semantic_indicator,0.4,1,03758bcad5e19480985f6ff96fba639bcb569264959aa344ea6ba58948e06726,full_discovery,39,24,0.6153846153846154,0.9277777777777777,0.7624999999999998,0.7321006488831365,,,,,not_applicable_without_generated_to_hidden_alignment
deffuant,redundant_semantic_indicator,0.4,2,8ad35e03cda803c617c78d92dc6e606dad60e25e4f04090a462e23e49c70093f,full_discovery,39,21,0.5384615384615384,0.9365079365079364,0.7285714285714286,0.589112622527515,,,,,not_applicable_without_generated_to_hidden_alignment
deffuant,redundant_semantic_indicator,0.4,3,19e5f315f0498e53612fae4cb6671a3f7b6c15372c35c2dcea40b35461a68019,full_discovery,39,23,0.5897435897435898,0.9492753623188407,0.8115942028985508,0.5551908875502429,,,,,not_applicable_without_generated_to_hidden_alignment
deffuant,redundant_semantic_indicator,0.4,4,ad09172a46d4b1c04658919a8541662d59a0beb2bcce946f6dabb8f63b1dd3a8,full_discovery,39,23,0.5897435897435898,0.9434782608695652,0.7652173913043477,0.7520700408663742,,,,,not_applicable_without_generated_to_hidden_alignment
deffuant,redundant_semantic_indicator,0.4,5,f9bd4f18d2a376ec38a96a4e7ec163d6ac9879f3a076afb3c4d9d01b43467789,full_discovery,39,21,0.5384615384615384,0.9365079365079362,0.7777777777777777,0.656202073284955,,,,,not_applicable_without_generated_to_hidden_alignment
deffuant,redundant_semantic_indicator,0.4,6,c3b406dabf26f0f7dc9273d4c53a5fe04e0177283bf2aa51ac01e246cc66e200,full_discovery,39,22,0.5641025641025641,0.9136363636363637,0.6924242424242424,0.7560200021453775,,,,,not_applicable_without_generated_to_hidden_alignment
deffuant,redundant_semantic_indicator,0.4,7,e76091077543950379462a1750260bdd4b1fe677481437db89d20e66bbe09404,full_discovery,39,23,0.5897435897435898,0.9391304347826087,0.7260869565217389,0.7612244326242229,,,,,not_applicable_without_generated_to_hidden_alignment
deffuant,redundant_semantic_indicator,0.4,8,55f1c19affa37ef4eb38a6a51d26dce6325614dbf60092696476549c0d3f4649,full_discovery,39,22,0.5641025641025641,0.9469696969696969,0.7696969696969695,0.6335745548805226,,,,,not_applicable_without_generated_to_hidden_alignment
deffuant,redundant_semantic_indicator,0.4,9,8635d2649ebc430d4a408c5c830cc5d5e08367a6732e392ff6ee6c3ad465c1fc,full_discovery,39,22,0.5641025641025641,0.9393939393939394,0.75,0.6648431215124527,,,,,not_applicable_without_generated_to_hidden_alignment
deffuant,redundant_semantic_indicator,0.4,10,f5bb63213b7b514593b20735ea4ac2b5e87761d3b3f88348f4cf0e3dc7ecfd45,full_discovery,39,23,0.5897435897435898,0.9333333333333331,0.7608695652173914,0.6577278005595789,,,,,not_applicable_without_generated_to_hidden_alignment
deffuant,redundant_semantic_indicator,0.4,11,ead6577f03c7adb12e7524950cb29a9cc209f2a8599e7bc3365af66ce1e7fbb5,full_discovery,39,20,0.5128205128205128,0.9399999999999998,0.7633333333333332,0.6410477143719799,,,,,not_applicable_without_generated_to_hidden_alignment
deffuant,wrong_hypothesis_group_assignment,0.0,0,e2a3872dc5639db1dd15decef31a67a3b8f5fe0b251b3d038962e5ca24eca24a,full_discovery,28,16,0.5714285714285714,0.9583333333333334,0.7875000000000001,0.6656360700427136,,,,,not_applicable_without_generated_to_hidden_alignment
deffuant,wrong_hypothesis_group_assignment,0.0,1,e2a3872dc5639db1dd15decef31a67a3b8f5fe0b251b3d038962e5ca24eca24a,full_discovery,28,16,0.5714285714285714,0.9333333333333333,0.7687499999999999,0.7359079727920038,,,,,not_applicable_without_generated_to_hidden_alignment
deffuant,wrong_hypothesis_group_assignment,0.0,2,e2a3872dc5639db1dd15decef31a67a3b8f5fe0b251b3d038962e5ca24eca24a,full_discovery,28,16,0.5714285714285714,0.9395833333333334,0.7604166666666666,0.6928526347011164,,,,,not_applicable_without_generated_to_hidden_alignment
deffuant,wrong_hypothesis_group_assignment,0.0,3,e2a3872dc5639db1dd15decef31a67a3b8f5fe0b251b3d038962e5ca24eca24a,full_discovery,28,16,0.5714285714285714,0.9416666666666667,0.7666666666666666,0.6406234333691162,,,,,not_applicable_without_generated_to_hidden_alignment
deffuant,wrong_hypothesis_group_assignment,0.0,4,e2a3872dc5639db1dd15decef31a67a3b8f5fe0b251b3d038962e5ca24eca24a,full_discovery,28,16,0.5714285714285714,0.9416666666666667,0.7437500000000001,0.6805546416145121,,,,,not_applicable_without_generated_to_hidden_alignment
deffuant,wrong_hypothesis_group_assignment,0.0,5,e2a3872dc5639db1dd15decef31a67a3b8f5fe0b251b3d038962e5ca24eca24a,full_discovery,28,16,0.5714285714285714,0.9354166666666668,0.7354166666666666,0.7318104046913706,,,,,not_applicable_without_generated_to_hidden_alignment
deffuant,wrong_hypothesis_group_assignment,0.0,6,e2a3872dc5639db1dd15decef31a67a3b8f5fe0b251b3d038962e5ca24eca24a,full_discovery,28,15,0.5357142857142857,0.9555555555555557,0.7644444444444444,0.7265880542499178,,,,,not_applicable_without_generated_to_hidden_alignment
deffuant,wrong_hypothesis_group_assignment,0.0,7,e2a3872dc5639db1dd15decef31a67a3b8f5fe0b251b3d038962e5ca24eca24a,full_discovery,28,16,0.5714285714285714,0.9437500000000001,0.7770833333333333,0.604498609158971,,,,,not_applicable_without_generated_to_hidden_alignment
deffuant,wrong_hypothesis_group_assignment,0.0,8,e2a3872dc5639db1dd15decef31a67a3b8f5fe0b251b3d038962e5ca24eca24a,full_discovery,28,16,0.5714285714285714,0.95625,0.7999999999999999,0.6190809246095057,,,,,not_applicable_without_generated_to_hidden_alignment
deffuant,wrong_hypothesis_group_assignment,0.0,9,e2a3872dc5639db1dd15decef31a67a3b8f5fe0b251b3d038962e5ca24eca24a,full_discovery,28,16,0.5714285714285714,0.94375,0.7479166666666667,0.7774392814455553,,,,,not_applicable_without_generated_to_hidden_alignment
deffuant,wrong_hypothesis_group_assignment,0.0,10,e2a3872dc5639db1dd15decef31a67a3b8f5fe0b251b3d038962e5ca24eca24a,full_discovery,28,16,0.5714285714285714,0.9270833333333334,0.7416666666666667,0.709180695158631,,,,,not_applicable_without_generated_to_hidden_alignment
deffuant,wrong_hypothesis_group_assignment,0.0,11,e2a3872dc5639db1dd15decef31a67a3b8f5fe0b251b3d038962e5ca24eca24a,full_discovery,28,16,0.5714285714285714,0.9375,0.7374999999999999,0.7292603171042633,,,,,not_applicable_without_generated_to_hidden_alignment
deffuant,wrong_hypothesis_group_assignment,0.1,0,84f4cbc2db59decad8fd9dfa498349710a729d3f2db5f391fa2118320325ac8d,full_discovery,28,16,0.5714285714285714,0.9479166666666667,0.7479166666666667,0.7229136654802839,,,,,not_applicable_without_generated_to_hidden_alignment
deffuant,wrong_hypothesis_group_assignment,0.1,1,d3e72a47114f98bc0fe2884ba8cfb079bbb1057c0c9e42f7da75326b8dfac42f,full_discovery,28,15,0.5357142857142857,0.9288888888888889,0.7177777777777778,0.7211467000174534,,,,,not_applicable_without_generated_to_hidden_alignment
deffuant,wrong_hypothesis_group_assignment,0.1,2,13b23cb0e0bb9444545aefaaebb03fa04e44741b2608e1ab3cc068795f158283,full_discovery,28,14,0.5,0.9738095238095239,0.8238095238095238,0.669825762212069,,,,,not_applicable_without_generated_to_hidden_alignment
deffuant,wrong_hypothesis_group_assignment,0.1,3,5f229585bbf49274a0401cd85ed7360dcccdb41928f9ca4aefb1e2ea17f1655a,full_discovery,28,15,0.5357142857142857,0.9666666666666668,0.8066666666666666,0.7418046245480174,,,,,not_applicable_without_generated_to_hidden_alignment
deffuant,wrong_hypothesis_group_assignment,0.1,4,d10888e67b4bc0f8367a2b5a329bc8257657dac5ff3e05cd0f9bff0334ab5c65,full_discovery,28,16,0.5714285714285714,0.9437500000000001,0.7458333333333333,0.767565964048929,,,,,not_applicable_without_generated_to_hidden_alignment
deffuant,wrong_hypothesis_group_assignment,0.1,5,a3e1534aa928c8c15d8b486d9a4845be1d6d70543dd03d291d40f951e8b95a22,full_discovery,28,15,0.5357142857142857,0.9377777777777779,0.7977777777777778,0.6302956716438154,,,,,not_applicable_without_generated_to_hidden_alignment
deffuant,wrong_hypothesis_group_assignment,0.1,6,e574d60498b9662adcec9545572d6cb6da2c3b8f7ec310ddb1738f5065dba9dd,full_discovery,28,16,0.5714285714285714,0.9291666666666667,0.7645833333333334,0.6099079598732426,,,,,not_applicable_without_generated_to_hidden_alignment
deffuant,wrong_hypothesis_group_assignment,0.1,7,59ae0cbe62228978f746d6c004c34536f5e63e8cb09aba934f40db9cd474c6df,full_discovery,28,16,0.5714285714285714,0.9520833333333334,0.7604166666666667,0.7362401531013592,,,,,not_applicable_without_generated_to_hidden_alignment
deffuant,wrong_hypothesis_group_assignment,0.1,8,570212d2df7d635aae981ccbc98d90d44ca85645d87bd43d67960c641bfbf1d7,full_discovery,28,16,0.5714285714285714,0.94375,0.7520833333333333,0.7359090145489591,,,,,not_applicable_without_generated_to_hidden_alignment
deffuant,wrong_hypothesis_group_assignment,0.1,9,0cf469967cc98f8c2075b97246122f541df502158004067b852b68221c38b8d2,full_discovery,28,16,0.5714285714285714,0.9375,0.7479166666666667,0.6993410813112643,,,,,not_applicable_without_generated_to_hidden_alignment
deffuant,wrong_hypothesis_group_assignment,0.1,10,f08f48d9045e6cd7edd7ed27e0aac4b86a2e1d1e8773a3ac8cd5413df3ab2d52,full_discovery,28,16,0.5714285714285714,0.9375,0.7708333333333333,0.6970369314590978,,,,,not_applicable_without_generated_to_hidden_alignment
deffuant,wrong_hypothesis_group_assignment,0.1,11,effab0995e90c38b9009f4df81fcaf8cfd54c4b08a00ad0664b1bf7d9817b5f4,full_discovery,28,16,0.5714285714285714,0.93125,0.7374999999999999,0.8121755324111285,,,,,not_applicable_without_generated_to_hidden_alignment
deffuant,wrong_hypothesis_group_assignment,0.2,0,e0ed2ed0ca61aac8abedeaefdace6307560256aa6eddc1e0351a73847423953c,full_discovery,28,15,0.5357142857142857,0.9533333333333335,0.8022222222222221,0.5975103727780707,,,,,not_applicable_without_generated_to_hidden_alignment
deffuant,wrong_hypothesis_group_assignment,0.2,1,941f6a6fda120bf66c816a99b10a72ee3603e6895fd1085a332cc7a781737f22,full_discovery,28,16,0.5714285714285714,0.9354166666666667,0.7625000000000001,0.6293579173916762,,,,,not_applicable_without_generated_to_hidden_alignment
deffuant,wrong_hypothesis_group_assignment,0.2,2,720188cfa6bce6734281eb448887a97f5f6ae59b861ba9e843ae2acb0e6ee275,full_discovery,28,16,0.5714285714285714,0.95,0.7833333333333334,0.6845573530562548,,,,,not_applicable_without_generated_to_hidden_alignment
deffuant,wrong_hypothesis_group_assignment,0.2,3,c6ebdeaf7280842391eb94d13628868633f020003af1b70cbaea1357abe0bda6,full_discovery,28,16,0.5714285714285714,0.9437500000000001,0.7583333333333333,0.7014078106730336,,,,,not_applicable_without_generated_to_hidden_alignment
deffuant,wrong_hypothesis_group_assignment,0.2,4,48b8132ba9fdc530fa0844bde7a070d6864d0d566d7a31ff3a83c9197fb73d00,full_discovery,28,16,0.5714285714285714,0.9291666666666667,0.7562500000000001,0.6930052619821235,,,,,not_applicable_without_generated_to_hidden_alignment
deffuant,wrong_hypothesis_group_assignment,0.2,5,bdb90279ab7d4769d1b4f323ead71c3e4ec939a4d287ad944f40f85444de3496,full_discovery,28,16,0.5714285714285714,0.9416666666666667,0.7854166666666667,0.6159841962000887,,,,,not_applicable_without_generated_to_hidden_alignment
deffuant,wrong_hypothesis_group_assignment,0.2,6,aea19207cbefa9cbd06c81c36fc8e9323b4b56a17e2e50e54fb749d9dac6d5cf,full_discovery,28,16,0.5714285714285714,0.95,0.7791666666666666,0.6521009145555292,,,,,not_applicable_without_generated_to_hidden_alignment
deffuant,wrong_hypothesis_group_assignment,0.2,7,fd59b2115582d2d74ac97285afec19f66cba5a43c6d3b91a9b75d71e34e2d589,full_discovery,28,16,0.5714285714285714,0.9520833333333334,0.7729166666666667,0.7004371710319375,,,,,not_applicable_without_generated_to_hidden_alignment
deffuant,wrong_hypothesis_group_assignment,0.2,8,3e2581342613647da35a1239f6f2b5af9b535a5d16244f73412999148f22cb1b,full_discovery,28,16,0.5714285714285714,0.9541666666666667,0.7604166666666667,0.6317578533585939,,,,,not_applicable_without_generated_to_hidden_alignment
deffuant,wrong_hypothesis_group_assignment,0.2,9,9a9a0294611277d2e6f7ca83467059645de4eeea696155df7f71b685fbe4842a,full_discovery,28,16,0.5714285714285714,0.9395833333333333,0.7645833333333334,0.7113329379268867,,,,,not_applicable_without_generated_to_hidden_alignment
deffuant,wrong_hypothesis_group_assignment,0.2,10,5856a14d59c1921118b7bc0ba289c5f6e9a59a7cd9aac19f72ee93d0f8668ff8,full_discovery,28,16,0.5714285714285714,0.9395833333333334,0.76875,0.6206188846669067,,,,,not_applicable_without_generated_to_hidden_alignment
deffuant,wrong_hypothesis_group_assignment,0.2,11,1f8a6583a4155498a69855e96c78bcde23aeed151ff5e10c77c6b7e76d83170d,full_discovery,28,16,0.5714285714285714,0.9375,0.7208333333333333,0.7815837939926487,,,,,not_applicable_without_generated_to_hidden_alignment
deffuant,wrong_hypothesis_group_assignment,0.4,0,1288347652ca89c084544dcfab317ca245f56126793c8878e21d1550ef2d0924,full_discovery,28,16,0.5714285714285714,0.9416666666666667,0.7520833333333333,0.7267357984856075,,,,,not_applicable_without_generated_to_hidden_alignment
deffuant,wrong_hypothesis_group_assignment,0.4,1,25f354c24dabb9bb1490ae501b6492e12360f1a764ca9bd5f1aa8f7ff2bcb820,full_discovery,28,16,0.5714285714285714,0.9395833333333334,0.7604166666666666,0.6636766660386584,,,,,not_applicable_without_generated_to_hidden_alignment
deffuant,wrong_hypothesis_group_assignment,0.4,2,099b471671979442187bb91dc30841d24dcad7e0dbfb90cae231300fbeaf8aa0,full_discovery,28,16,0.5714285714285714,0.9208333333333334,0.7479166666666667,0.6951531418800422,,,,,not_applicable_without_generated_to_hidden_alignment
deffuant,wrong_hypothesis_group_assignment,0.4,3,ace62cd3085b32e5fc2405797f687ed2f015340b9e426e6263c11e24041a5828,full_discovery,28,16,0.5714285714285714,0.9312499999999999,0.7541666666666667,0.673865819108393,,,,,not_applicable_without_generated_to_hidden_alignment
deffuant,wrong_hypothesis_group_assignment,0.4,4,f63adb1b1c47917918803697eaaed84b1309474ad0d2182ca38050852474398f,full_discovery,28,16,0.5714285714285714,0.9479166666666666,0.76875,0.6792352066703338,,,,,not_applicable_without_generated_to_hidden_alignment
deffuant,wrong_hypothesis_group_assignment,0.4,5,b00e7e89e5d9140ec2cda071ae5e4bb14a006ff81bbd7e92d3e0ef3622f98be1,full_discovery,28,16,0.5714285714285714,0.9395833333333333,0.7729166666666666,0.6759382559586932,,,,,not_applicable_without_generated_to_hidden_alignment
deffuant,wrong_hypothesis_group_assignment,0.4,6,e03566c77f2c6db642f17f732a07efc5aa0dc498c2476090dafc1289fc647b52,full_discovery,28,16,0.5714285714285714,0.9437500000000001,0.7520833333333333,0.7731094676552781,,,,,not_applicable_without_generated_to_hidden_alignment
deffuant,wrong_hypothesis_group_assignment,0.4,7,988ea9d7fbfea4854de71a87153cf95508358ef4b012e4cf8e4ae7c056415a6b,full_discovery,28,16,0.5714285714285714,0.95,0.7729166666666667,0.8694434790190971,,,,,not_applicable_without_generated_to_hidden_alignment
deffuant,wrong_hypothesis_group_assignment,0.4,8,a645e59d0893a1c3fc1eccef401b6632bb49236cd5492d25d817c8c36af8d9ca,full_discovery,28,15,0.5357142857142857,0.9533333333333335,0.7777777777777778,0.5491736218405214,,,,,not_applicable_without_generated_to_hidden_alignment
deffuant,wrong_hypothesis_group_assignment,0.4,9,6d2c415ad46a993e615b188b2c7aab163e252590001544681f6056511c2aefb3,full_discovery,28,16,0.5714285714285714,0.9333333333333333,0.7625,0.5756701249357878,,,,,not_applicable_without_generated_to_hidden_alignment
deffuant,wrong_hypothesis_group_assignment,0.4,10,9dc62a27e28028288f2271cae21572b46fdc9ac803a32618185ca2be6c193c06,full_discovery,28,16,0.5714285714285714,0.9416666666666667,0.7708333333333333,0.6204652086808584,,,,,not_applicable_without_generated_to_hidden_alignment
deffuant,wrong_hypothesis_group_assignment,0.4,11,dfb5bc48d5e39a41e0c1fc42dd4a812230a0b6a260886bebea8c3efd0ff673f7,full_discovery,28,15,0.5357142857142857,0.9444444444444445,0.7666666666666667,0.7304401900038329,,,,,not_applicable_without_generated_to_hidden_alignment
schelling,cross_hypothesis_group_relation,0.0,0,3eeb97f21978ba2c816e7bca7535045e60743d08072a73d9bc7c2984bca66906,full_discovery,29,28,0.9655172413793104,0.9738095238095238,0.5809523809523809,1.0712562174731937,,,,,not_applicable_without_generated_to_hidden_alignment
schelling,cross_hypothesis_group_relation,0.0,1,3eeb97f21978ba2c816e7bca7535045e60743d08072a73d9bc7c2984bca66906,full_discovery,29,28,0.9655172413793104,0.9761904761904762,0.5357142857142857,1.1335178117105749,,,,,not_applicable_without_generated_to_hidden_alignment
schelling,cross_hypothesis_group_relation,0.0,2,3eeb97f21978ba2c816e7bca7535045e60743d08072a73d9bc7c2984bca66906,full_discovery,29,28,0.9655172413793104,0.9726190476190475,0.5809523809523809,1.0878255044720369,,,,,not_applicable_without_generated_to_hidden_alignment
schelling,cross_hypothesis_group_relation,0.0,3,3eeb97f21978ba2c816e7bca7535045e60743d08072a73d9bc7c2984bca66906,full_discovery,29,28,0.9655172413793104,0.9738095238095239,0.6107142857142857,1.076375397170199,,,,,not_applicable_without_generated_to_hidden_alignment
schelling,cross_hypothesis_group_relation,0.0,4,3eeb97f21978ba2c816e7bca7535045e60743d08072a73d9bc7c2984bca66906,full_discovery,29,28,0.9655172413793104,0.9726190476190476,0.5488095238095237,1.1017595610850706,,,,,not_applicable_without_generated_to_hidden_alignment
schelling,cross_hypothesis_group_relation,0.0,5,3eeb97f21978ba2c816e7bca7535045e60743d08072a73d9bc7c2984bca66906,full_discovery,29,28,0.9655172413793104,0.9797619047619047,0.588095238095238,1.1001637393500778,,,,,not_applicable_without_generated_to_hidden_alignment
schelling,cross_hypothesis_group_relation,0.0,6,3eeb97f21978ba2c816e7bca7535045e60743d08072a73d9bc7c2984bca66906,full_discovery,29,28,0.9655172413793104,0.9619047619047619,0.5607142857142857,1.0977553447656636,,,,,not_applicable_without_generated_to_hidden_alignment
schelling,cross_hypothesis_group_relation,0.0,7,3eeb97f21978ba2c816e7bca7535045e60743d08072a73d9bc7c2984bca66906,full_discovery,29,28,0.9655172413793104,0.9726190476190475,0.6047619047619046,1.1261250500826177,,,,,not_applicable_without_generated_to_hidden_alignment
schelling,cross_hypothesis_group_relation,0.0,8,3eeb97f21978ba2c816e7bca7535045e60743d08072a73d9bc7c2984bca66906,full_discovery,29,28,0.9655172413793104,0.9607142857142856,0.6023809523809522,1.062380324812354,,,,,not_applicable_without_generated_to_hidden_alignment
schelling,cross_hypothesis_group_relation,0.0,9,3eeb97f21978ba2c816e7bca7535045e60743d08072a73d9bc7c2984bca66906,full_discovery,29,28,0.9655172413793104,0.9738095238095238,0.5797619047619048,1.0884767714708958,,,,,not_applicable_without_generated_to_hidden_alignment
schelling,cross_hypothesis_group_relation,0.0,10,3eeb97f21978ba2c816e7bca7535045e60743d08072a73d9bc7c2984bca66906,full_discovery,29,28,0.9655172413793104,0.9726190476190476,0.5642857142857143,1.090649423851484,,,,,not_applicable_without_generated_to_hidden_alignment
schelling,cross_hypothesis_group_relation,0.0,11,3eeb97f21978ba2c816e7bca7535045e60743d08072a73d9bc7c2984bca66906,full_discovery,29,28,0.9655172413793104,0.9654761904761905,0.594047619047619,1.0365824629201559,,,,,not_applicable_without_generated_to_hidden_alignment
schelling,cross_hypothesis_group_relation,0.1,0,552017e1b01b236d940fb1b38217170fe5f5323d972a1696fe2655282cafc73e,full_discovery,32,31,0.96875,0.9623655913978494,0.5645161290322579,1.1285366915129413,,,,,not_applicable_without_generated_to_hidden_alignment
schelling,cross_hypothesis_group_relation,0.1,1,9292e75861d4e32daa38111f4079464323f61d24c1c915bf0a9612832a482d0c,full_discovery,32,30,0.9375,0.9788888888888889,0.5477777777777779,1.1103336530279768,,,,,not_applicable_without_generated_to_hidden_alignment
schelling,cross_hypothesis_group_relation,0.1,2,02ef6454263ccc939456597ab798c5ed1336c8cca74c9d52c3bf5ad587dec890,full_discovery,32,31,0.96875,0.9720430107526881,0.5064516129032258,1.0907947891994403,,,,,not_applicable_without_generated_to_hidden_alignment
schelling,cross_hypothesis_group_relation,0.1,3,762571a9b6292fa429eedaa7eda7c2b6cf7c8c28eb83d923facfe9c92e2a4725,full_discovery,32,30,0.9375,0.97,0.5811111111111111,1.0661868748882153,,,,,not_applicable_without_generated_to_hidden_alignment
schelling,cross_hypothesis_group_relation,0.1,4,5aa3c3246433fc884be458bbd63d92ebac0c3bc067fcc29b0a557161dd2535c3,full_discovery,32,31,0.96875,0.964516129032258,0.5516129032258064,1.14128411847975,,,,,not_applicable_without_generated_to_hidden_alignment
schelling,cross_hypothesis_group_relation,0.1,5,fbc1b605cd94c7f9710f5dec3cacc0811ca5f11baf267b33aec504faec38091e,full_discovery,32,29,0.90625,0.9678160919540229,0.6022988505747126,1.1518291409103942,,,,,not_applicable_without_generated_to_hidden_alignment
schelling,cross_hypothesis_group_relation,0.1,6,027d7a7a5d4d52ea9e7608d9282c63d751c30f939b827d199fc16429dc2e4404,full_discovery,32,30,0.9375,0.9744444444444444,0.6099999999999999,1.0660252763516567,,,,,not_applicable_without_generated_to_hidden_alignment
schelling,cross_hypothesis_group_relation,0.1,7,7cd3a0687eb1e57f1a094e8f1a158c85eb1177325e01a09076db053fdc0dd072,full_discovery,32,31,0.96875,0.9655913978494622,0.5817204301075269,1.0942249307412426,,,,,not_applicable_without_generated_to_hidden_alignment
schelling,cross_hypothesis_group_relation,0.1,8,7cce3fcf52eadfe3eb3497076a091e659b5a1afb74c00f155db63b4c4088bd3d,full_discovery,32,29,0.90625,0.9712643678160918,0.6218390804597702,1.0159386270619042,,,,,not_applicable_without_generated_to_hidden_alignment
schelling,cross_hypothesis_group_relation,0.1,9,d94f4dc1b163b4ef21744f632a01a4179a69162011a21ea4a74c5fb927ba1fb7,full_discovery,32,31,0.96875,0.964516129032258,0.535483870967742,1.055027972160525,,,,,not_applicable_without_generated_to_hidden_alignment
schelling,cross_hypothesis_group_relation,0.1,10,1cd8c7bbd712eb3b32470ed2404dbe24e8c2a313e7f93f7c8c1beea60e7ef6eb,full_discovery,32,31,0.96875,0.9591397849462366,0.5655913978494623,1.1223736515029237,,,,,not_applicable_without_generated_to_hidden_alignment
schelling,cross_hypothesis_group_relation,0.1,11,79677c7f3865bc59949bba5ef73e4fced4486d7c4e77aed4a052cf611c13a8fa,full_discovery,32,30,0.9375,0.9711111111111111,0.5877777777777777,1.0438605398940632,,,,,not_applicable_without_generated_to_hidden_alignment
schelling,cross_hypothesis_group_relation,0.2,0,e72324de2c34453c030d55fd756dddeca689ccecbd2f170273daf4d074db7604,full_discovery,35,31,0.8857142857142857,0.9784946236559139,0.5849462365591397,1.076071017221705,,,,,not_applicable_without_generated_to_hidden_alignment
schelling,cross_hypothesis_group_relation,0.2,1,0bbfc5b1acb61389a4a271bb3701eb937c26e8c958f7016b3518f4cbe5c789f8,full_discovery,35,32,0.9142857142857143,0.9802083333333333,0.5572916666666666,1.0530241002475444,,,,,not_applicable_without_generated_to_hidden_alignment
schelling,cross_hypothesis_group_relation,0.2,2,7d62ecf7fd63074ef6587fda5ec99e8c8dc4d6a2e4de3e828774d679deb606fe,full_discovery,35,31,0.8857142857142857,0.9677419354838709,0.5935483870967742,1.0533267122139771,,,,,not_applicable_without_generated_to_hidden_alignment
schelling,cross_hypothesis_group_relation,0.2,3,1311982bb94d4aa69c97cc41aada1c1b2b41f514dde47d4d4300638219fef3c7,full_discovery,35,34,0.9714285714285714,0.9862745098039215,0.5607843137254902,1.0593081234296673,,,,,not_applicable_without_generated_to_hidden_alignment
schelling,cross_hypothesis_group_relation,0.2,4,78dda4ef6fdf7cf8b6b965069c816a109c0e2fba31618d9da1dd9543a76251fe,full_discovery,35,33,0.9428571428571428,0.9696969696969697,0.5777777777777777,1.0427121837714872,,,,,not_applicable_without_generated_to_hidden_alignment
schelling,cross_hypothesis_group_relation,0.2,5,77edf14145b0f131e8a567dad30c93dfdf993725903090bc22c2f225b080190f,full_discovery,35,32,0.9142857142857143,0.9677083333333334,0.6052083333333333,1.0364082835821609,,,,,not_applicable_without_generated_to_hidden_alignment
schelling,cross_hypothesis_group_relation,0.2,6,39a92fc5c809307aec422c72fd333d6aadb07f185cbc698dc18d03d816867ea1,full_discovery,35,32,0.9142857142857143,0.9729166666666667,0.5739583333333333,1.0462976156999286,,,,,not_applicable_without_generated_to_hidden_alignment
schelling,cross_hypothesis_group_relation,0.2,7,f9349b9346fee5fdbb40d117db5b7505199c4651486e3aaff86c92be5031ecc2,full_discovery,35,30,0.8571428571428571,0.9666666666666666,0.5566666666666665,1.0700553214620991,,,,,not_applicable_without_generated_to_hidden_alignment
schelling,cross_hypothesis_group_relation,0.2,8,69bf42fb5056ceb37d5b2678fc4b49316eaa7dd3c47dc97617cd4eb1ae417a49,full_discovery,35,34,0.9714285714285714,0.9676470588235294,0.5607843137254901,1.1373764505436958,,,,,not_applicable_without_generated_to_hidden_alignment
schelling,cross_hypothesis_group_relation,0.2,9,1583dc3f650d547c938e45687ed4e3bf7989d1bd94b26e24d21c5ea941c860e4,full_discovery,35,32,0.9142857142857143,0.9666666666666667,0.525,1.038569416853091,,,,,not_applicable_without_generated_to_hidden_alignment
schelling,cross_hypothesis_group_relation,0.2,10,f2e1bb01fdfa74d397b716652bf8b1512121e41af01bcc4199d3400784aeeff1,full_discovery,35,33,0.9428571428571428,0.9616161616161616,0.5454545454545454,1.1105500844976757,,,,,not_applicable_without_generated_to_hidden_alignment
schelling,cross_hypothesis_group_relation,0.2,11,7149fc4249f66b1b44262c12f38b8888ea76f72982edbcda26cf829d80836b8b,full_discovery,35,33,0.9428571428571428,0.9636363636363636,0.5373737373737374,1.01911238567753,,,,,not_applicable_without_generated_to_hidden_alignment
schelling,cross_hypothesis_group_relation,0.4,0,b5bdda34d6333dd66c0f11431b1946d4424b3fa34d09e67251ab0d2c03226681,full_discovery,41,35,0.8536585365853658,0.9638095238095238,0.5342857142857144,1.073284281815908,,,,,not_applicable_without_generated_to_hidden_alignment
schelling,cross_hypothesis_group_relation,0.4,1,cc61c5d49ce63589179e11613d325ad3199bff3232808aeb70d767a14cae9dec,full_discovery,41,39,0.9512195121951219,0.9717948717948718,0.5504273504273505,1.1451623358462195,,,,,not_applicable_without_generated_to_hidden_alignment
schelling,cross_hypothesis_group_relation,0.4,2,29ecf520be6b637e3c74a9796c5c6fab90387806ce13062306b9915ddb1dd6e4,full_discovery,41,34,0.8292682926829268,0.973529411764706,0.5352941176470589,1.0767978109834109,,,,,not_applicable_without_generated_to_hidden_alignment
schelling,cross_hypothesis_group_relation,0.4,3,693afc4b0e2761bab2f105bd3ce69a852dd517c65d9e61e7bb90e61b910fed07,full_discovery,41,38,0.926829268292683,0.9771929824561404,0.5456140350877193,1.2057075320278567,,,,,not_applicable_without_generated_to_hidden_alignment
schelling,cross_hypothesis_group_relation,0.4,4,6e10d89bba54e074f61d87c4cee8e0bce75befd7532a04211b90b1e930eb1b88,full_discovery,41,34,0.8292682926829268,0.9558823529411765,0.5627450980392157,1.0679293338544908,,,,,not_applicable_without_generated_to_hidden_alignment
schelling,cross_hypothesis_group_relation,0.4,5,ebae8dc9fa7b0a447728c294c706d238acd4a8ab94ec7f6e68b3da596d55f675,full_discovery,41,35,0.8536585365853658,0.9657142857142856,0.5457142857142857,1.2012763131028532,,,,,not_applicable_without_generated_to_hidden_alignment
schelling,cross_hypothesis_group_relation,0.4,6,1e38cd2e504bf3587da80e7889995e949156b9bb194d681f31a575c912a541ac,full_discovery,41,39,0.9512195121951219,0.9735042735042736,0.5871794871794873,1.03798105304408,,,,,not_applicable_without_generated_to_hidden_alignment
schelling,cross_hypothesis_group_relation,0.4,7,c5a6f4cb3c67768cc763e8923e7b9f6718a363a39a44933938cc2fcb4d826afc,full_discovery,41,36,0.8780487804878049,0.9768518518518517,0.5314814814814813,1.1274573226035371,,,,,not_applicable_without_generated_to_hidden_alignment
schelling,cross_hypothesis_group_relation,0.4,8,77098764f01457d1557d67e5dfc48c86a25c970b3cbef18b239be6064d4dc5f7,full_discovery,41,40,0.975609756097561,0.9733333333333334,0.5566666666666666,1.1142328239945947,,,,,not_applicable_without_generated_to_hidden_alignment
schelling,cross_hypothesis_group_relation,0.4,9,45883390d5f526da9f93aa9cd48eb902146da18f423ce5ac5169274ee9959590,full_discovery,41,38,0.926829268292683,0.9631578947368423,0.5666666666666668,1.0600182953277282,,,,,not_applicable_without_generated_to_hidden_alignment
schelling,cross_hypothesis_group_relation,0.4,10,0f2e318ae409955313c66d521649e199e8281e9effb716431ee1741ff288ae13,full_discovery,41,34,0.8292682926829268,0.9627450980392157,0.5166666666666666,1.161374636550753,,,,,not_applicable_without_generated_to_hidden_alignment
schelling,cross_hypothesis_group_relation,0.4,11,89f78c9622f53f7cebe10c3bce98c51e8fd5693a970fe7661e1588ec129dd754,full_discovery,41,37,0.9024390243902439,0.9702702702702702,0.5387387387387387,1.1743486107187355,,,,,not_applicable_without_generated_to_hidden_alignment
schelling,delete_candidate_relation,0.0,0,3eeb97f21978ba2c816e7bca7535045e60743d08072a73d9bc7c2984bca66906,full_discovery,29,28,0.9655172413793104,0.969047619047619,0.5738095238095239,1.1283920329698,,,,,not_applicable_without_generated_to_hidden_alignment
schelling,delete_candidate_relation,0.0,1,3eeb97f21978ba2c816e7bca7535045e60743d08072a73d9bc7c2984bca66906,full_discovery,29,28,0.9655172413793104,0.9749999999999999,0.5678571428571428,1.1279811554913106,,,,,not_applicable_without_generated_to_hidden_alignment
schelling,delete_candidate_relation,0.0,2,3eeb97f21978ba2c816e7bca7535045e60743d08072a73d9bc7c2984bca66906,full_discovery,29,28,0.9655172413793104,0.9702380952380951,0.5666666666666667,1.0920929030228317,,,,,not_applicable_without_generated_to_hidden_alignment
schelling,delete_candidate_relation,0.0,3,3eeb97f21978ba2c816e7bca7535045e60743d08072a73d9bc7c2984bca66906,full_discovery,29,28,0.9655172413793104,0.9678571428571429,0.5833333333333333,1.0713634825650076,,,,,not_applicable_without_generated_to_hidden_alignment
schelling,delete_candidate_relation,0.0,4,3eeb97f21978ba2c816e7bca7535045e60743d08072a73d9bc7c2984bca66906,full_discovery,29,28,0.9655172413793104,0.9654761904761904,0.5952380952380951,1.0588496374384482,,,,,not_applicable_without_generated_to_hidden_alignment
schelling,delete_candidate_relation,0.0,5,3eeb97f21978ba2c816e7bca7535045e60743d08072a73d9bc7c2984bca66906,full_discovery,29,28,0.9655172413793104,0.9642857142857143,0.5666666666666665,1.0709359833021324,,,,,not_applicable_without_generated_to_hidden_alignment
schelling,delete_candidate_relation,0.0,6,3eeb97f21978ba2c816e7bca7535045e60743d08072a73d9bc7c2984bca66906,full_discovery,29,28,0.9655172413793104,0.9761904761904762,0.5833333333333333,1.1011485917418644,,,,,not_applicable_without_generated_to_hidden_alignment
schelling,delete_candidate_relation,0.0,7,3eeb97f21978ba2c816e7bca7535045e60743d08072a73d9bc7c2984bca66906,full_discovery,29,27,0.9310344827586207,0.9740740740740741,0.6000000000000001,1.0942938273977805,,,,,not_applicable_without_generated_to_hidden_alignment
schelling,delete_candidate_relation,0.0,8,3eeb97f21978ba2c816e7bca7535045e60743d08072a73d9bc7c2984bca66906,full_discovery,29,28,0.9655172413793104,0.9678571428571429,0.5916666666666668,1.0522970858584413,,,,,not_applicable_without_generated_to_hidden_alignment
schelling,delete_candidate_relation,0.0,9,3eeb97f21978ba2c816e7bca7535045e60743d08072a73d9bc7c2984bca66906,full_discovery,29,28,0.9655172413793104,0.9702380952380951,0.5964285714285715,1.0841145067243088,,,,,not_applicable_without_generated_to_hidden_alignment
schelling,delete_candidate_relation,0.0,10,3eeb97f21978ba2c816e7bca7535045e60743d08072a73d9bc7c2984bca66906,full_discovery,29,28,0.9655172413793104,0.9702380952380951,0.5821428571428572,1.0047332346653308,,,,,not_applicable_without_generated_to_hidden_alignment
schelling,delete_candidate_relation,0.0,11,3eeb97f21978ba2c816e7bca7535045e60743d08072a73d9bc7c2984bca66906,full_discovery,29,28,0.9655172413793104,0.9726190476190476,0.5916666666666666,1.0737819958737138,,,,,not_applicable_without_generated_to_hidden_alignment
schelling,delete_candidate_relation,0.1,0,57e3696964bf4119385d44060d15a921af3d860a3af234562b2d7c824df0656c,full_discovery,26,24,0.9230769230769231,0.9750000000000001,0.6069444444444444,1.0905066424834324,,,,,not_applicable_without_generated_to_hidden_alignment
schelling,delete_candidate_relation,0.1,1,11ec3ee9244d826817b712dff8c3184c344143564cdc8219ad96e1321a8c268d,full_discovery,26,24,0.9230769230769231,0.9763888888888891,0.6000000000000001,1.0060264304505637,,,,,not_applicable_without_generated_to_hidden_alignment
schelling,delete_candidate_relation,0.1,2,58c1a200824082e029aa8aa6f3adb5a7d635ca06417ea46c32da5596ec393526,full_discovery,26,25,0.9615384615384616,0.9666666666666667,0.5666666666666668,1.074361576134881,,,,,not_applicable_without_generated_to_hidden_alignment
schelling,delete_candidate_relation,0.1,3,08a984d3b8f2c2eb84ef281887bf61788d740f86b73df812bff44347480f3672,full_discovery,26,25,0.9615384615384616,0.9733333333333333,0.6026666666666667,1.0855096113284097,,,,,not_applicable_without_generated_to_hidden_alignment
schelling,delete_candidate_relation,0.1,4,6a7a3564555edee165e39c8eb2d97b1d032b99cf5c67c0e3be4ddf4105a75f42,full_discovery,26,25,0.9615384615384616,0.9693333333333334,0.5653333333333334,1.1234838869071153,,,,,not_applicable_without_generated_to_hidden_alignment
schelling,delete_candidate_relation,0.1,5,df1a9fce1085d78c376b40061972d725c9828c25deb04e6a0e215878db4c28ac,full_discovery,26,23,0.8846153846153846,0.9739130434782608,0.5855072463768116,1.1893754110545032,,,,,not_applicable_without_generated_to_hidden_alignment
schelling,delete_candidate_relation,0.1,6,8ade2c29ce6b9f93eddb35bcf1ee66a0df517fd1497356489e744b74648bfb5a,full_discovery,26,25,0.9615384615384616,0.9786666666666668,0.5333333333333333,1.2081085122520463,,,,,not_applicable_without_generated_to_hidden_alignment
schelling,delete_candidate_relation,0.1,7,32b817dbf2ab9975ea32167e613c56ce0ce5038d5579e5fb0b263df205f3e913,full_discovery,26,24,0.9230769230769231,0.9847222222222222,0.5916666666666667,0.9871077932390159,,,,,not_applicable_without_generated_to_hidden_alignment
schelling,delete_candidate_relation,0.1,8,ce8c1ba61f06665da89fc7747d1219d7c2dd9525a790c2efed7e7189b1b86edb,full_discovery,26,25,0.9615384615384616,0.9773333333333334,0.588,0.9953633887238399,,,,,not_applicable_without_generated_to_hidden_alignment
schelling,delete_candidate_relation,0.1,9,4f0948cb24a835af520207a21788d7453b4bfca06b1fade0c075b1b381436aea,full_discovery,26,23,0.8846153846153846,0.9869565217391305,0.6391304347826087,1.0830834224204902,,,,,not_applicable_without_generated_to_hidden_alignment
schelling,delete_candidate_relation,0.1,10,bfb447617e26ba60c803c74a73891f956b1dfa8f6e61564249025c54e74d80ac,full_discovery,26,24,0.9230769230769231,0.9777777777777779,0.5638888888888889,1.075340074991206,,,,,not_applicable_without_generated_to_hidden_alignment
schelling,delete_candidate_relation,0.1,11,ab696dd76dce9ed451cced5849b612976f23976f5ac40e108573bb6f84dd4d0b,full_discovery,26,24,0.9230769230769231,0.9750000000000001,0.6,1.0261656901503533,,,,,not_applicable_without_generated_to_hidden_alignment
schelling,delete_candidate_relation,0.2,0,fded8e8306d914a7decfb961301d534eab5b04aa12e3284a55cb133df8ccfcbf,full_discovery,23,22,0.9565217391304348,0.9772727272727273,0.6151515151515151,1.0352928010293887,,,,,not_applicable_without_generated_to_hidden_alignment
schelling,delete_candidate_relation,0.2,1,d3066997d193fa42916cc58f9206bb6aeba5d891b2df9610442f719726d82bcc,full_discovery,23,21,0.9130434782608695,0.9777777777777776,0.5968253968253969,1.1365082112251637,,,,,not_applicable_without_generated_to_hidden_alignment
schelling,delete_candidate_relation,0.2,2,b3bc9cf459c52d408143b7f673780c1a099eba24ad0b803cd72badfe7fd8c455,full_discovery,23,23,1.0,0.9666666666666666,0.5999999999999999,0.9843977083769557,,,,,not_applicable_without_generated_to_hidden_alignment
schelling,delete_candidate_relation,0.2,3,7e604c48270108982794e646a297aeac2d54824117b0c5764ffb8d964998f65c,full_discovery,23,22,0.9565217391304348,0.9681818181818183,0.6393939393939394,1.0020299565374702,,,,,not_applicable_without_generated_to_hidden_alignment
schelling,delete_candidate_relation,0.2,4,74ccbea265b0a0195e95f0ab852fa846516bcbce1a540baf02df1ff9a044cd48,full_discovery,23,21,0.9130434782608695,0.992063492063492,0.634920634920635,1.0799943023475451,,,,,not_applicable_without_generated_to_hidden_alignment
schelling,delete_candidate_relation,0.2,5,283acb10b06a93ac388e9d3d41c1a72c589d35bc8d3c205621e9990b97c04f26,full_discovery,23,22,0.9565217391304348,0.9712121212121211,0.6181818181818183,0.9431724161231752,,,,,not_applicable_without_generated_to_hidden_alignment
schelling,delete_candidate_relation,0.2,6,65c0d27dbb40953c06fdf07b8630ed87539830b5f4eea6ff2d3619c29619656f,full_discovery,23,20,0.8695652173913043,0.9899999999999999,0.6233333333333333,1.0311310984102253,,,,,not_applicable_without_generated_to_hidden_alignment
schelling,delete_candidate_relation,0.2,7,b7dffff17c046cf8aa29c66cfb07b5834b1f40ff780698a1ff55b0ecc28ea1c3,full_discovery,23,22,0.9565217391304348,0.9712121212121211,0.65,0.9517327109053677,,,,,not_applicable_without_generated_to_hidden_alignment
schelling,delete_candidate_relation,0.2,8,6bcbe599372b138a14a50bf15404b28787839363c0d7794fc661a352d571e92f,full_discovery,23,22,0.9565217391304348,0.9848484848484849,0.5696969696969696,1.0824771481950393,,,,,not_applicable_without_generated_to_hidden_alignment
schelling,delete_candidate_relation,0.2,9,8f4991de5c275de46619e1102191c0993ba350c252e2b0dfe5ae4b0dd23cc727,full_discovery,23,21,0.9130434782608695,0.984126984126984,0.6190476190476192,1.0229271893328427,,,,,not_applicable_without_generated_to_hidden_alignment
schelling,delete_candidate_relation,0.2,10,d3b8a923ea5d08288b425e425daf59ad914c3706639356ba6b2a2ce6e5b76d42,full_discovery,23,22,0.9565217391304348,0.9666666666666667,0.603030303030303,1.0591795064718206,,,,,not_applicable_without_generated_to_hidden_alignment
schelling,delete_candidate_relation,0.2,11,55748fb92ccc3240fbaa95d0b1a0f9ef58cac26bffc64ede1888a899a55fc2f8,full_discovery,23,21,0.9130434782608695,0.9682539682539684,0.5746031746031747,0.9766407955614672,,,,,not_applicable_without_generated_to_hidden_alignment
schelling,delete_candidate_relation,0.4,0,4d698b9e1408df6ada0149631e1938917bf91dcadd861537e22edb3002c3ccd2,full_discovery,17,16,0.9411764705882353,0.9895833333333334,0.5875,1.0615033151079953,,,,,not_applicable_without_generated_to_hidden_alignment
schelling,delete_candidate_relation,0.4,1,aee3359caa7edd9bcb81161075655b19a05fee0922cae79ae007c15c50d8ffb6,full_discovery,17,16,0.9411764705882353,0.96875,0.6000000000000001,1.006111785061902,,,,,not_applicable_without_generated_to_hidden_alignment
schelling,delete_candidate_relation,0.4,2,4d05c7ec2dadc10caf16efd09267cc24e80917c6c1fb49511ede2863d11752dc,full_discovery,17,17,1.0,0.972549019607843,0.49411764705882355,1.3704268086776557,,,,,not_applicable_without_generated_to_hidden_alignment
schelling,delete_candidate_relation,0.4,3,dbb6d67b7bfb690151bc1593224ce7279930449b9054187f2ae461b84495a44e,full_discovery,17,16,0.9411764705882353,0.9624999999999999,0.56875,1.0040283760613768,,,,,not_applicable_without_generated_to_hidden_alignment
schelling,delete_candidate_relation,0.4,4,e8b8f96649cc9facae8c7aa3b122a6bb9fe5119038aefb4d699ce46816ce520d,full_discovery,17,16,0.9411764705882353,0.9645833333333333,0.5625,1.1352465609762448,,,,,not_applicable_without_generated_to_hidden_alignment
schelling,delete_candidate_relation,0.4,5,37b25c2184d7006b6bc50917418a769f082e9865cdd76a2f82c7e2defcb894e7,full_discovery,17,14,0.8235294117647058,0.9714285714285715,0.5928571428571427,0.9496250837596728,,,,,not_applicable_without_generated_to_hidden_alignment
schelling,delete_candidate_relation,0.4,6,45e92990207eab3ca1f91a712a76cf18f14cac863939d96675b6bd4ca9a85fc1,full_discovery,17,17,1.0,0.9725490196078432,0.5372549019607844,1.2285611325768253,,,,,not_applicable_without_generated_to_hidden_alignment
schelling,delete_candidate_relation,0.4,7,460fe15a5a61c6572938ca124dbde534e7ffc3fbada2e7f7afe82e88020d85f7,full_discovery,17,17,1.0,0.9764705882352942,0.5529411764705883,1.219373469241669,,,,,not_applicable_without_generated_to_hidden_alignment
schelling,delete_candidate_relation,0.4,8,5fa4718de2dab3d62f6f024b2b6015496fe3db960662f5dd6b390d464ca9d1cf,full_discovery,17,16,0.9411764705882353,0.98125,0.59375,0.9982384024371298,,,,,not_applicable_without_generated_to_hidden_alignment
schelling,delete_candidate_relation,0.4,9,4ed440bea3882360a3e3ce1265a36ce50598b8897c285de9a46e25f5fed18fa5,full_discovery,17,16,0.9411764705882353,0.9729166666666667,0.6,1.0174253650989686,,,,,not_applicable_without_generated_to_hidden_alignment
schelling,delete_candidate_relation,0.4,10,d2d9cdf62573b68126cd10aeb8cc54b605815c578a7e9f82fb0f22edb6b8216a,full_discovery,17,16,0.9411764705882353,0.9833333333333334,0.5708333333333333,0.9962258428872781,,,,,not_applicable_without_generated_to_hidden_alignment
schelling,delete_candidate_relation,0.4,11,fb523de46012bcf528a99748d4702b6fd87eb316a82c6f0d3cee7ea5370a124b,full_discovery,17,15,0.8823529411764706,0.9844444444444445,0.6622222222222222,0.9204131961447579,,,,,not_applicable_without_generated_to_hidden_alignment
schelling,irrelevant_indicator,0.0,0,3eeb97f21978ba2c816e7bca7535045e60743d08072a73d9bc7c2984bca66906,full_discovery,29,28,0.9655172413793104,0.9797619047619046,0.5583333333333333,1.1531658624956194,,,,,not_applicable_without_generated_to_hidden_alignment
schelling,irrelevant_indicator,0.0,1,3eeb97f21978ba2c816e7bca7535045e60743d08072a73d9bc7c2984bca66906,full_discovery,29,28,0.9655172413793104,0.9726190476190476,0.594047619047619,1.1325749965119354,,,,,not_applicable_without_generated_to_hidden_alignment
schelling,irrelevant_indicator,0.0,2,3eeb97f21978ba2c816e7bca7535045e60743d08072a73d9bc7c2984bca66906,full_discovery,29,28,0.9655172413793104,0.9642857142857142,0.5678571428571428,1.0817752643867449,,,,,not_applicable_without_generated_to_hidden_alignment
schelling,irrelevant_indicator,0.0,3,3eeb97f21978ba2c816e7bca7535045e60743d08072a73d9bc7c2984bca66906,full_discovery,29,28,0.9655172413793104,0.9702380952380951,0.5988095238095238,1.1076204904259048,,,,,not_applicable_without_generated_to_hidden_alignment
schelling,irrelevant_indicator,0.0,4,3eeb97f21978ba2c816e7bca7535045e60743d08072a73d9bc7c2984bca66906,full_discovery,29,28,0.9655172413793104,0.9547619047619047,0.5773809523809524,1.0993411480451964,,,,,not_applicable_without_generated_to_hidden_alignment
schelling,irrelevant_indicator,0.0,5,3eeb97f21978ba2c816e7bca7535045e60743d08072a73d9bc7c2984bca66906,full_discovery,29,28,0.9655172413793104,0.9738095238095238,0.5880952380952381,1.1772284102304265,,,,,not_applicable_without_generated_to_hidden_alignment
schelling,irrelevant_indicator,0.0,6,3eeb97f21978ba2c816e7bca7535045e60743d08072a73d9bc7c2984bca66906,full_discovery,29,28,0.9655172413793104,0.9714285714285713,0.5559523809523809,1.101393509831341,,,,,not_applicable_without_generated_to_hidden_alignment
schelling,irrelevant_indicator,0.0,7,3eeb97f21978ba2c816e7bca7535045e60743d08072a73d9bc7c2984bca66906,full_discovery,29,28,0.9655172413793104,0.9738095238095238,0.569047619047619,1.1460646570195065,,,,,not_applicable_without_generated_to_hidden_alignment
schelling,irrelevant_indicator,0.0,8,3eeb97f21978ba2c816e7bca7535045e60743d08072a73d9bc7c2984bca66906,full_discovery,29,28,0.9655172413793104,0.9595238095238097,0.5738095238095237,1.0554939575297375,,,,,not_applicable_without_generated_to_hidden_alignment
schelling,irrelevant_indicator,0.0,9,3eeb97f21978ba2c816e7bca7535045e60743d08072a73d9bc7c2984bca66906,full_discovery,29,28,0.9655172413793104,0.9702380952380952,0.5999999999999999,1.090490228064746,,,,,not_applicable_without_generated_to_hidden_alignment
schelling,irrelevant_indicator,0.0,10,3eeb97f21978ba2c816e7bca7535045e60743d08072a73d9bc7c2984bca66906,full_discovery,29,28,0.9655172413793104,0.9773809523809524,0.5654761904761905,1.0612174514295423,,,,,not_applicable_without_generated_to_hidden_alignment
schelling,irrelevant_indicator,0.0,11,3eeb97f21978ba2c816e7bca7535045e60743d08072a73d9bc7c2984bca66906,full_discovery,29,28,0.9655172413793104,0.9785714285714286,0.5642857142857143,1.051549626405673,,,,,not_applicable_without_generated_to_hidden_alignment
schelling,irrelevant_indicator,0.1,0,5c15988599fdaa835a94c7c78d1875691590dc962d0748f42c25e9b1b192ff93,full_discovery,32,28,0.875,0.9642857142857143,0.5988095238095238,1.0332919777483445,,,,,not_applicable_without_generated_to_hidden_alignment
schelling,irrelevant_indicator,0.1,1,2bbe967ed80b8519f8f756982a2d39e834ee73a21e41ed5ecfac8cb67b49cba4,full_discovery,32,28,0.875,0.9702380952380952,0.6,1.139979156479511,,,,,not_applicable_without_generated_to_hidden_alignment
schelling,irrelevant_indicator,0.1,2,5417b0371896f9ad51989dac1aaf19d612dad0e645723eaf4943359f4f2579b8,full_discovery,32,29,0.90625,0.9494252873563219,0.5517241379310345,1.0951052247077953,,,,,not_applicable_without_generated_to_hidden_alignment
schelling,irrelevant_indicator,0.1,3,67cde89746eb2b54bef4abe12fc52619e651e1845111fc55a6f4d46eeb87a2d1,full_discovery,32,28,0.875,0.9666666666666667,0.5892857142857143,1.074314222312777,,,,,not_applicable_without_generated_to_hidden_alignment
schelling,irrelevant_indicator,0.1,4,fc3cb1d7a7814080e13d7f753b1a7047a9e014d070adfc94dddbb89fa0fde990,full_discovery,32,29,0.90625,0.9620689655172413,0.5954022988505747,1.0675188434849159,,,,,not_applicable_without_generated_to_hidden_alignment
schelling,irrelevant_indicator,0.1,5,f2de9a8782910fef9a154dec25e9b014571d205e59ef51564e673bb47033839e,full_discovery,32,28,0.875,0.9571428571428572,0.5547619047619048,1.0869491682462171,,,,,not_applicable_without_generated_to_hidden_alignment
schelling,irrelevant_indicator,0.1,6,112b54a4c49d550b22549044a014dfbcc57fd391de2cb0dfbcda4e65caaed2ba,full_discovery,32,28,0.875,0.9654761904761904,0.5666666666666667,1.099449425169396,,,,,not_applicable_without_generated_to_hidden_alignment
schelling,irrelevant_indicator,0.1,7,e36d46a455747d6c319d794e9042a50abf2c3e0c88f4cfb187637b63797ae4c3,full_discovery,32,29,0.90625,0.9609195402298851,0.5919540229885057,1.0938807069592604,,,,,not_applicable_without_generated_to_hidden_alignment
schelling,irrelevant_indicator,0.1,8,d8e0571035836b434147bc01998a566ec083df670c83ac7e462c91b9106ef1ef,full_discovery,32,29,0.90625,0.9701149425287356,0.5839080459770115,1.0380967986972633,,,,,not_applicable_without_generated_to_hidden_alignment
schelling,irrelevant_indicator,0.1,9,ddc8c9b121c77a4f0cfac33cc1edb5d59428920dd4405039a8af9bd3d4d7abc1,full_discovery,32,28,0.875,0.9654761904761905,0.5619047619047619,1.1201214061473503,,,,,not_applicable_without_generated_to_hidden_alignment
schelling,irrelevant_indicator,0.1,10,0340deb6bfba3971c9c3c9c65213007f3211eeb88d594ad47da871bae9342929,full_discovery,32,28,0.875,0.9785714285714286,0.6119047619047618,1.105462062564188,,,,,not_applicable_without_generated_to_hidden_alignment
schelling,irrelevant_indicator,0.1,11,d9176c8431ad47c428dffa556ef549325b5924c7c44a3986eb533c6ee900e67c,full_discovery,32,28,0.875,0.9714285714285714,0.5821428571428571,1.0971564415348698,,,,,not_applicable_without_generated_to_hidden_alignment
schelling,irrelevant_indicator,0.2,0,a64bf2fb24ed951e6f46e249681f63f10ce8a05dd85b0ce53fbc58d8d6d54b65,full_discovery,35,28,0.8,0.9619047619047618,0.5726190476190476,1.115615699657638,,,,,not_applicable_without_generated_to_hidden_alignment
schelling,irrelevant_indicator,0.2,1,1595197e0b126d0b91d3927bc33ec71bf59d27d25c09d603ebc8aaa93b80f8e8,full_discovery,35,29,0.8285714285714286,0.9689655172413794,0.5551724137931034,1.0121781741232487,,,,,not_applicable_without_generated_to_hidden_alignment
schelling,irrelevant_indicator,0.2,2,d33459d2f082ece2598e9b40247ac61dcd22f8cb696c24df4b6668aa329c2f02,full_discovery,35,30,0.8571428571428571,0.951111111111111,0.6033333333333333,1.0946519037331575,,,,,not_applicable_without_generated_to_hidden_alignment
schelling,irrelevant_indicator,0.2,3,6440b747ce5ebe1d419e3f6680ce2299917d4247ede08b64646c15e95dd19c14,full_discovery,35,29,0.8285714285714286,0.9689655172413794,0.5758620689655172,1.0828828570979103,,,,,not_applicable_without_generated_to_hidden_alignment
schelling,irrelevant_indicator,0.2,4,adabf1cb7adf3c64d122895c964a77e5632a1a3d56afe05c2c2696ed4a205a4f,full_discovery,35,30,0.8571428571428571,0.9622222222222221,0.5566666666666666,1.084455442952295,,,,,not_applicable_without_generated_to_hidden_alignment
schelling,irrelevant_indicator,0.2,5,caeb94954471feb357265de2393739d79ff9407b10573c20f444a2ecbea3da39,full_discovery,35,28,0.8,0.9654761904761904,0.6047619047619047,1.075794213235785,,,,,not_applicable_without_generated_to_hidden_alignment
schelling,irrelevant_indicator,0.2,6,4f0bbc78a5b8169406a292371c547182ead0b57f935cf72892b6e77ac6b43baa,full_discovery,35,28,0.8,0.9749999999999999,0.5785714285714284,1.084531862941199,,,,,not_applicable_without_generated_to_hidden_alignment
schelling,irrelevant_indicator,0.2,7,da799b10bc6a8995d04f0edc2adca265b503909241e25f7427774e2ad2e0f355,full_discovery,35,29,0.8285714285714286,0.9620689655172413,0.5781609195402299,1.0620392180758331,,,,,not_applicable_without_generated_to_hidden_alignment
schelling,irrelevant_indicator,0.2,8,04080b34e00e759f1a6344dc4bca1cd7037fd7773a02b9b74b68abb5e2b21e50,full_discovery,35,29,0.8285714285714286,0.9666666666666667,0.5735632183908046,1.0952367031120642,,,,,not_applicable_without_generated_to_hidden_alignment
schelling,irrelevant_indicator,0.2,9,e391b70e085195b0e93708d23422fe6d03d330bddd835ce272d6f215f9bc5002,full_discovery,35,28,0.8,0.9726190476190476,0.5714285714285714,1.047375106965257,,,,,not_applicable_without_generated_to_hidden_alignment
schelling,irrelevant_indicator,0.2,10,ceff7b93da67498338a7e1c41a2f4783e7f51bffe02898be40b3ed7632b1bcf4,full_discovery,35,29,0.8285714285714286,0.9620689655172414,0.5712643678160918,1.1175921903665482,,,,,not_applicable_without_generated_to_hidden_alignment
schelling,irrelevant_indicator,0.2,11,34cbddceb43215d8ef37db3bc17fde0a68241e5f0e7445b9c4bb56dc68d18c69,full_discovery,35,30,0.8571428571428571,0.9711111111111109,0.5677777777777777,1.0664578196237318,,,,,not_applicable_without_generated_to_hidden_alignment
schelling,irrelevant_indicator,0.4,0,f1e0c1415cb6e2d14d6008aa5a33b17ece1e430289e4cb761b6f6ce387b59ef5,full_discovery,41,30,0.7317073170731707,0.9388888888888887,0.5822222222222222,1.0791981883546997,,,,,not_applicable_without_generated_to_hidden_alignment
schelling,irrelevant_indicator,0.4,1,e426e1f02f3740a3fcb9f6986eccd284cd2c216bb93359099587c5b71462a82d,full_discovery,41,28,0.6829268292682927,0.969047619047619,0.6107142857142857,1.0155988994027034,,,,,not_applicable_without_generated_to_hidden_alignment
schelling,irrelevant_indicator,0.4,2,37205f6dc99934efabe4da361760880bab40ec6c87a81aa0e7a2c0cd844d8f61,full_discovery,41,29,0.7073170731707317,0.9758620689655173,0.5540229885057472,1.0947698318766936,,,,,not_applicable_without_generated_to_hidden_alignment
schelling,irrelevant_indicator,0.4,3,cf3b7a50f8784e1cfc7b856219a36978195ad0711777d34fce4e34feeb39ad83,full_discovery,41,30,0.7317073170731707,0.9466666666666665,0.5833333333333334,1.0386132567752777,,,,,not_applicable_without_generated_to_hidden_alignment
schelling,irrelevant_indicator,0.4,4,b27d82c14742e1bf9d4f9282a7103083969d7a57ad030f2efeb70b9fdf8fb63f,full_discovery,41,29,0.7073170731707317,0.964367816091954,0.5919540229885057,1.057347593162154,,,,,not_applicable_without_generated_to_hidden_alignment
schelling,irrelevant_indicator,0.4,5,bff84eca09771e42086e697415fd7a037e93c889f36fafae69db9c1dc5ee0939,full_discovery,41,29,0.7073170731707317,0.9609195402298849,0.6045977011494252,1.1144335106350007,,,,,not_applicable_without_generated_to_hidden_alignment
schelling,irrelevant_indicator,0.4,6,7998d37f3ca061fa495ce7560552c821d7350bb6f513f31fc919f4df1d2128c8,full_discovery,41,32,0.7804878048780488,0.953125,0.5895833333333333,1.0746612263249236,,,,,not_applicable_without_generated_to_hidden_alignment
schelling,irrelevant_indicator,0.4,7,87d0c5e12ed4c4d4d53c7ed83b3c52de8bb33b1d4a7f949cb60d104a0574989b,full_discovery,41,29,0.7073170731707317,0.9643678160919541,0.5505747126436782,1.1363014145545023,,,,,not_applicable_without_generated_to_hidden_alignment
schelling,irrelevant_indicator,0.4,8,5d416569e0be6e904e8d6d1cca70c91fbe221af0c92d54098bdaa5c36a6bbc17,full_discovery,41,29,0.7073170731707317,0.9643678160919539,0.596551724137931,1.131244782338113,,,,,not_applicable_without_generated_to_hidden_alignment
schelling,irrelevant_indicator,0.4,9,227a5ac4a6db440ed0981eb3ed4f9cf5d36e7a867b5b99f09538117e0d83a774,full_discovery,41,33,0.8048780487804879,0.9323232323232323,0.5878787878787879,1.042025174756235,,,,,not_applicable_without_generated_to_hidden_alignment
schelling,irrelevant_indicator,0.4,10,8889b6f62d7301e59d4fbd2400ac8d5dbf566b4bfcd643bbf5ea21a2bc3fb009,full_discovery,41,30,0.7317073170731707,0.9522222222222222,0.5822222222222222,1.0937835757914052,,,,,not_applicable_without_generated_to_hidden_alignment
schelling,irrelevant_indicator,0.4,11,3b5064a9e4a4b8e05ce178440e02d1a3faabe27decc2b46fc740d6915fb7f41e,full_discovery,41,30,0.7317073170731707,0.9633333333333333,0.581111111111111,1.0956128303293498,,,,,not_applicable_without_generated_to_hidden_alignment
schelling,redundant_semantic_indicator,0.0,0,3eeb97f21978ba2c816e7bca7535045e60743d08072a73d9bc7c2984bca66906,full_discovery,29,28,0.9655172413793104,0.9738095238095239,0.5702380952380952,1.1115892889653511,,,,,not_applicable_without_generated_to_hidden_alignment
schelling,redundant_semantic_indicator,0.0,1,3eeb97f21978ba2c816e7bca7535045e60743d08072a73d9bc7c2984bca66906,full_discovery,29,28,0.9655172413793104,0.9726190476190476,0.5630952380952381,1.08951330203191,,,,,not_applicable_without_generated_to_hidden_alignment
schelling,redundant_semantic_indicator,0.0,2,3eeb97f21978ba2c816e7bca7535045e60743d08072a73d9bc7c2984bca66906,full_discovery,29,28,0.9655172413793104,0.9797619047619046,0.5714285714285714,1.0872270665147605,,,,,not_applicable_without_generated_to_hidden_alignment
schelling,redundant_semantic_indicator,0.0,3,3eeb97f21978ba2c816e7bca7535045e60743d08072a73d9bc7c2984bca66906,full_discovery,29,28,0.9655172413793104,0.9642857142857143,0.613095238095238,1.0859145002372055,,,,,not_applicable_without_generated_to_hidden_alignment
schelling,redundant_semantic_indicator,0.0,4,3eeb97f21978ba2c816e7bca7535045e60743d08072a73d9bc7c2984bca66906,full_discovery,29,28,0.9655172413793104,0.9642857142857143,0.5595238095238095,1.123448068086068,,,,,not_applicable_without_generated_to_hidden_alignment
schelling,redundant_semantic_indicator,0.0,5,3eeb97f21978ba2c816e7bca7535045e60743d08072a73d9bc7c2984bca66906,full_discovery,29,28,0.9655172413793104,0.9749999999999999,0.5821428571428572,1.070618553620992,,,,,not_applicable_without_generated_to_hidden_alignment
schelling,redundant_semantic_indicator,0.0,6,3eeb97f21978ba2c816e7bca7535045e60743d08072a73d9bc7c2984bca66906,full_discovery,29,28,0.9655172413793104,0.9714285714285713,0.5464285714285714,1.0654293601265923,,,,,not_applicable_without_generated_to_hidden_alignment
schelling,redundant_semantic_indicator,0.0,7,3eeb97f21978ba2c816e7bca7535045e60743d08072a73d9bc7c2984bca66906,full_discovery,29,28,0.9655172413793104,0.9666666666666666,0.6095238095238095,1.0723630366006633,,,,,not_applicable_without_generated_to_hidden_alignment
schelling,redundant_semantic_indicator,0.0,8,3eeb97f21978ba2c816e7bca7535045e60743d08072a73d9bc7c2984bca66906,full_discovery,29,28,0.9655172413793104,0.9714285714285713,0.5738095238095237,1.1348622165695452,,,,,not_applicable_without_generated_to_hidden_alignment
schelling,redundant_semantic_indicator,0.0,9,3eeb97f21978ba2c816e7bca7535045e60743d08072a73d9bc7c2984bca66906,full_discovery,29,28,0.9655172413793104,0.9773809523809522,0.5761904761904761,1.1109345606908643,,,,,not_applicable_without_generated_to_hidden_alignment
schelling,redundant_semantic_indicator,0.0,10,3eeb97f21978ba2c816e7bca7535045e60743d08072a73d9bc7c2984bca66906,full_discovery,29,28,0.9655172413793104,0.9630952380952381,0.5726190476190477,1.1182250484660736,,,,,not_applicable_without_generated_to_hidden_alignment
schelling,redundant_semantic_indicator,0.0,11,3eeb97f21978ba2c816e7bca7535045e60743d08072a73d9bc7c2984bca66906,full_discovery,29,28,0.9655172413793104,0.9678571428571429,0.5904761904761904,1.123881022104158,,,,,not_applicable_without_generated_to_hidden_alignment
schelling,redundant_semantic_indicator,0.1,0,cf336e467b79df5c3373781ce8a0011f45f78108833e4e6eef707a71ceaf1c33,full_discovery,32,31,0.96875,0.9698924731182794,0.6000000000000001,1.069499246837745,,,,,not_applicable_without_generated_to_hidden_alignment
schelling,redundant_semantic_indicator,0.1,1,035edd73b54fc75adbd30c8ed0a907351199f9f2c595de2fdf66291063a0e897,full_discovery,32,31,0.96875,0.953763440860215,0.6118279569892474,1.0294726275061434,,,,,not_applicable_without_generated_to_hidden_alignment
schelling,redundant_semantic_indicator,0.1,2,d235dafc8b419de727c7baaf83ab5c43725034fc935b996964a470705c3ea447,full_discovery,32,31,0.96875,0.9645161290322579,0.5494623655913979,1.076038147976627,,,,,not_applicable_without_generated_to_hidden_alignment
schelling,redundant_semantic_indicator,0.1,3,9ceca8477cdcd268312366fde84d87e4cd0224a3047a625ca9605c623d247875,full_discovery,32,31,0.96875,0.9623655913978494,0.5806451612903226,1.083282243904004,,,,,not_applicable_without_generated_to_hidden_alignment
schelling,redundant_semantic_indicator,0.1,4,2520dea009d822c8a590a369192f1dc3d286e2b8216494fd960fc1ad8a2c4d69,full_discovery,32,31,0.96875,0.9741935483870968,0.6043010752688173,1.1386460842919441,,,,,not_applicable_without_generated_to_hidden_alignment
schelling,redundant_semantic_indicator,0.1,5,4ecd20f1dc29da541b3d3a2708ca1f2402d68600aca355049956eb213ec4866f,full_discovery,32,31,0.96875,0.9591397849462366,0.556989247311828,1.115876996884335,,,,,not_applicable_without_generated_to_hidden_alignment
schelling,redundant_semantic_indicator,0.1,6,c11c9f3abadcb0a03b73da2e2f81f65d905978482f867e520b2e14b7c36c720e,full_discovery,32,31,0.96875,0.9580645161290321,0.572043010752688,1.1144720518367035,,,,,not_applicable_without_generated_to_hidden_alignment
schelling,redundant_semantic_indicator,0.1,7,6aad74c52b4bb8ce1f2f405645cbb26157ec527b47a1611b6e9dc4e535642a1a,full_discovery,32,31,0.96875,0.970967741935484,0.5774193548387097,1.1130608015456682,,,,,not_applicable_without_generated_to_hidden_alignment
schelling,redundant_semantic_indicator,0.1,8,3e631ea73bb4658f5388be99fea6f461dafc8d08339abf1145129e377ee77e60,full_discovery,32,31,0.96875,0.9634408602150537,0.5612903225806452,1.1813442548473667,,,,,not_applicable_without_generated_to_hidden_alignment
schelling,redundant_semantic_indicator,0.1,9,23bf01b7ed4710a523b03aaa926f6c1a8f72738b8c380fc4e837774a391a49ad,full_discovery,32,31,0.96875,0.9655913978494622,0.5720430107526882,1.0473247789630054,,,,,not_applicable_without_generated_to_hidden_alignment
schelling,redundant_semantic_indicator,0.1,10,faba85330cd90cf40c050ea8c2dbdf4f7864a2c63bc416aedfe3e0771d539951,full_discovery,32,30,0.9375,0.9644444444444443,0.551111111111111,1.0599028414442644,,,,,not_applicable_without_generated_to_hidden_alignment
schelling,redundant_semantic_indicator,0.1,11,66dc0cd434e17d742ffd71be8886fda309d24d4b8a6f49d8ef285060ab726496,full_discovery,32,31,0.96875,0.9655913978494622,0.575268817204301,1.1579765742374144,,,,,not_applicable_without_generated_to_hidden_alignment
schelling,redundant_semantic_indicator,0.2,0,96dd8e0f220d4a69e447cf245bb6f8dfe7db9237468b2cc4b8ab32b888d841ea,full_discovery,35,34,0.9714285714285714,0.9676470588235295,0.5872549019607842,1.0281303515071607,,,,,not_applicable_without_generated_to_hidden_alignment
schelling,redundant_semantic_indicator,0.2,1,19b7c72d972d3e3d6bd4031d02ecaf4823db39173460dc2ab1bd8eb5fe3047be,full_discovery,35,34,0.9714285714285714,0.973529411764706,0.6088235294117645,1.0478256945880962,,,,,not_applicable_without_generated_to_hidden_alignment
schelling,redundant_semantic_indicator,0.2,2,b5211a686de323ecd2e71f66758c9138e21546b00f8fa80d497c49de3d14c7d0,full_discovery,35,34,0.9714285714285714,0.9705882352941176,0.5558823529411764,1.1366881466290417,,,,,not_applicable_without_generated_to_hidden_alignment
schelling,redundant_semantic_indicator,0.2,3,4c7cd50b6ecc9c8212bf0385d583bf84b90896906c7cb2528aa08c7996638729,full_discovery,35,34,0.9714285714285714,0.9598039215686275,0.6009803921568627,1.1066860096286855,,,,,not_applicable_without_generated_to_hidden_alignment
schelling,redundant_semantic_indicator,0.2,4,1b3983b91a1e1f9d9fe3f022f5e1891c18a68a8ca43d2ee3450c00b4f19f3ffa,full_discovery,35,34,0.9714285714285714,0.9725490196078432,0.6029411764705882,1.1480840448994585,,,,,not_applicable_without_generated_to_hidden_alignment
schelling,redundant_semantic_indicator,0.2,5,c8d7c3bf36a3f3a899ba47ffb413848be3a17a84e200f30e295e6b83910457ce,full_discovery,35,34,0.9714285714285714,0.9519607843137255,0.6058823529411764,1.100440019629338,,,,,not_applicable_without_generated_to_hidden_alignment
schelling,redundant_semantic_indicator,0.2,6,e469c157f06059905dd9618f0411ca2676d5ca121f9a9559bfa8a87d528d89df,full_discovery,35,34,0.9714285714285714,0.9705882352941176,0.5725490196078432,1.0933410603907325,,,,,not_applicable_without_generated_to_hidden_alignment
schelling,redundant_semantic_indicator,0.2,7,b383ccf293d651dcc1d7417a34945148ff8e386a5ca8de827b1e4c98dbe2d758,full_discovery,35,33,0.9428571428571428,0.9767676767676768,0.5363636363636364,1.111442538226917,,,,,not_applicable_without_generated_to_hidden_alignment
schelling,redundant_semantic_indicator,0.2,8,8953a79381e83bcfcf595e16b14190bd28de07f4409bd2a56970956c5112ff15,full_discovery,35,34,0.9714285714285714,0.9578431372549019,0.5617647058823528,1.0925756460404883,,,,,not_applicable_without_generated_to_hidden_alignment
schelling,redundant_semantic_indicator,0.2,9,1a8ef5f081338e7f836778ca4a2d90dff2f0b42612fd5ce42027c145557bbf35,full_discovery,35,34,0.9714285714285714,0.9558823529411765,0.5127450980392156,1.1772031826678033,,,,,not_applicable_without_generated_to_hidden_alignment
schelling,redundant_semantic_indicator,0.2,10,c429c9289ce67a913c0de87c9243332282da0820661c9f042d12b97accd8f653,full_discovery,35,33,0.9428571428571428,0.9545454545454546,0.5484848484848486,1.0279465776129237,,,,,not_applicable_without_generated_to_hidden_alignment
schelling,redundant_semantic_indicator,0.2,11,ff967055123ad2ad98638336015040f0a46ce3ed65fa7b65cea01b83407c923c,full_discovery,35,34,0.9714285714285714,0.9764705882352942,0.596078431372549,1.0794233513077929,,,,,not_applicable_without_generated_to_hidden_alignment
schelling,redundant_semantic_indicator,0.4,0,8f502f2629eedbdd33414d22c3d5a896a5a6c3d62bbbe39691432adc07f6dd63,full_discovery,41,39,0.9512195121951219,0.9743589743589746,0.5735042735042736,1.078415388598036,,,,,not_applicable_without_generated_to_hidden_alignment
schelling,redundant_semantic_indicator,0.4,1,43d48e0c9b308f598b60dd372ee887884b8d996e0abf5fb0a971ade370fa8f76,full_discovery,41,39,0.9512195121951219,0.9487179487179487,0.5196581196581196,1.142284013144205,,,,,not_applicable_without_generated_to_hidden_alignment
schelling,redundant_semantic_indicator,0.4,2,4a289b0faab5fae712581d295ad6cc614e09bb9ef05caa9710d7cba9f33505e6,full_discovery,41,40,0.975609756097561,0.9583333333333334,0.5800000000000001,1.1213467854217454,,,,,not_applicable_without_generated_to_hidden_alignment
schelling,redundant_semantic_indicator,0.4,3,e730838a3dc7929b050da6191d51ffe56c1d316be5791bc9c4b08c292acb2280,full_discovery,41,39,0.9512195121951219,0.9692307692307691,0.5923076923076923,1.084231763501924,,,,,not_applicable_without_generated_to_hidden_alignment
schelling,redundant_semantic_indicator,0.4,4,5883ede21e6812d89baa7cf4516eb441f5a61f329e847132a09f19283b199911,full_discovery,41,39,0.9512195121951219,0.9623931623931623,0.5897435897435898,1.0163386683106401,,,,,not_applicable_without_generated_to_hidden_alignment
schelling,redundant_semantic_indicator,0.4,5,9f8980c45a5b73c56e6c512b8f419f8bc1c5c3627df75556815cf5f76a9db8d7,full_discovery,41,40,0.975609756097561,0.9758333333333333,0.5866666666666667,1.0974744204575628,,,,,not_applicable_without_generated_to_hidden_alignment
schelling,redundant_semantic_indicator,0.4,6,7e42f9bef77746ca35731c95d2eec936b84d90da5d2aa77909ae9ec069d186af,full_discovery,41,40,0.975609756097561,0.97,0.5675,1.0519065736952284,,,,,not_applicable_without_generated_to_hidden_alignment
schelling,redundant_semantic_indicator,0.4,7,bcdc3dc49589c823678d78c8c8ddba0e59c22414060127cb989dfb5f916ad9d7,full_discovery,41,39,0.9512195121951219,0.9658119658119659,0.5752136752136752,0.9746003350158361,,,,,not_applicable_without_generated_to_hidden_alignment
schelling,redundant_semantic_indicator,0.4,8,7143803828f7014be7b455f5d901ff2d4c98797d2effab6b55f0195e0b9682e3,full_discovery,41,37,0.9024390243902439,0.97027027027027,0.5378378378378379,1.22086665586352,,,,,not_applicable_without_generated_to_hidden_alignment
schelling,redundant_semantic_indicator,0.4,9,f3bc50a5de176a01936a06d25974b8172c6ba8cbb7adc5917afc1dd5e957bdb1,full_discovery,41,40,0.975609756097561,0.9675,0.5800000000000001,1.1042512234624209,,,,,not_applicable_without_generated_to_hidden_alignment
schelling,redundant_semantic_indicator,0.4,10,6c5234b4f2b2a768eaa602b3ccba5b45b23fe4064e150064aa85eabb42148f54,full_discovery,41,40,0.975609756097561,0.9716666666666667,0.625,0.986049788620814,,,,,not_applicable_without_generated_to_hidden_alignment
schelling,redundant_semantic_indicator,0.4,11,6b1c17c1e74fa27eb19226f1f45a6d9df364672b3752d8335f2316d2764abce1,full_discovery,41,40,0.975609756097561,0.9666666666666668,0.5266666666666666,1.1492090338693421,,,,,not_applicable_without_generated_to_hidden_alignment
schelling,wrong_hypothesis_group_assignment,0.0,0,3eeb97f21978ba2c816e7bca7535045e60743d08072a73d9bc7c2984bca66906,full_discovery,29,28,0.9655172413793104,0.963095238095238,0.5607142857142857,1.0913241613305282,,,,,not_applicable_without_generated_to_hidden_alignment
schelling,wrong_hypothesis_group_assignment,0.0,1,3eeb97f21978ba2c816e7bca7535045e60743d08072a73d9bc7c2984bca66906,full_discovery,29,28,0.9655172413793104,0.9726190476190475,0.5928571428571429,1.0956297213844242,,,,,not_applicable_without_generated_to_hidden_alignment
schelling,wrong_hypothesis_group_assignment,0.0,2,3eeb97f21978ba2c816e7bca7535045e60743d08072a73d9bc7c2984bca66906,full_discovery,29,28,0.9655172413793104,0.9642857142857143,0.5821428571428572,1.1032788675453629,,,,,not_applicable_without_generated_to_hidden_alignment
schelling,wrong_hypothesis_group_assignment,0.0,3,3eeb97f21978ba2c816e7bca7535045e60743d08072a73d9bc7c2984bca66906,full_discovery,29,28,0.9655172413793104,0.969047619047619,0.5797619047619048,1.0927215355867537,,,,,not_applicable_without_generated_to_hidden_alignment
schelling,wrong_hypothesis_group_assignment,0.0,4,3eeb97f21978ba2c816e7bca7535045e60743d08072a73d9bc7c2984bca66906,full_discovery,29,28,0.9655172413793104,0.9571428571428572,0.5380952380952381,1.1114157140402232,,,,,not_applicable_without_generated_to_hidden_alignment
schelling,wrong_hypothesis_group_assignment,0.0,5,3eeb97f21978ba2c816e7bca7535045e60743d08072a73d9bc7c2984bca66906,full_discovery,29,28,0.9655172413793104,0.9654761904761905,0.555952380952381,1.1185517206470967,,,,,not_applicable_without_generated_to_hidden_alignment
schelling,wrong_hypothesis_group_assignment,0.0,6,3eeb97f21978ba2c816e7bca7535045e60743d08072a73d9bc7c2984bca66906,full_discovery,29,28,0.9655172413793104,0.9654761904761905,0.5809523809523809,1.0857022374115266,,,,,not_applicable_without_generated_to_hidden_alignment
schelling,wrong_hypothesis_group_assignment,0.0,7,3eeb97f21978ba2c816e7bca7535045e60743d08072a73d9bc7c2984bca66906,full_discovery,29,28,0.9655172413793104,0.9761904761904762,0.5809523809523809,1.115650569817514,,,,,not_applicable_without_generated_to_hidden_alignment
schelling,wrong_hypothesis_group_assignment,0.0,8,3eeb97f21978ba2c816e7bca7535045e60743d08072a73d9bc7c2984bca66906,full_discovery,29,28,0.9655172413793104,0.9595238095238096,0.5714285714285714,1.1251380654969825,,,,,not_applicable_without_generated_to_hidden_alignment
schelling,wrong_hypothesis_group_assignment,0.0,9,3eeb97f21978ba2c816e7bca7535045e60743d08072a73d9bc7c2984bca66906,full_discovery,29,28,0.9655172413793104,0.9738095238095238,0.5714285714285714,1.149718316822122,,,,,not_applicable_without_generated_to_hidden_alignment
schelling,wrong_hypothesis_group_assignment,0.0,10,3eeb97f21978ba2c816e7bca7535045e60743d08072a73d9bc7c2984bca66906,full_discovery,29,28,0.9655172413793104,0.9690476190476189,0.5964285714285713,1.1071118641352844,,,,,not_applicable_without_generated_to_hidden_alignment
schelling,wrong_hypothesis_group_assignment,0.0,11,3eeb97f21978ba2c816e7bca7535045e60743d08072a73d9bc7c2984bca66906,full_discovery,29,28,0.9655172413793104,0.9607142857142856,0.5916666666666668,1.0911225359644456,,,,,not_applicable_without_generated_to_hidden_alignment
schelling,wrong_hypothesis_group_assignment,0.1,0,9d692cff16d5906f5d1f331c7260844d92125e4a1e9ce2136c8c1cc4130824f6,full_discovery,29,27,0.9310344827586207,0.9740740740740741,0.5864197530864197,1.1137445642817472,,,,,not_applicable_without_generated_to_hidden_alignment
schelling,wrong_hypothesis_group_assignment,0.1,1,9ee42b451f698aa6781e68d2c498c9ec2a6acfb1bd1819de596da0dba6047f22,full_discovery,29,28,0.9655172413793104,0.9738095238095239,0.5666666666666667,1.0969128723362085,,,,,not_applicable_without_generated_to_hidden_alignment
schelling,wrong_hypothesis_group_assignment,0.1,2,9c8cadb5128668d2207905c1365a3ef58ca2b26f1b6e5014d76c55206a8c539c,full_discovery,29,27,0.9310344827586207,0.980246913580247,0.6123456790123456,1.0585281640129682,,,,,not_applicable_without_generated_to_hidden_alignment
schelling,wrong_hypothesis_group_assignment,0.1,3,0c1d34eb15ff812ec7f8c57eafe3661be14d4050e32b5bab9e49f71088e12b55,full_discovery,29,28,0.9655172413793104,0.9738095238095238,0.5511904761904762,1.1076129064598177,,,,,not_applicable_without_generated_to_hidden_alignment
schelling,wrong_hypothesis_group_assignment,0.1,4,85b51aeeaf9cd64d19e962c72ea8f06a8f2e59b4cb69dbf730a225c1414122d3,full_discovery,29,27,0.9310344827586207,0.9777777777777777,0.571604938271605,1.0915900627854758,,,,,not_applicable_without_generated_to_hidden_alignment
schelling,wrong_hypothesis_group_assignment,0.1,5,ad274be595ee50a69de498653f6e11e5b12f4e0746ffe5cb0cde8a68f54cc2de,full_discovery,29,28,0.9655172413793104,0.9678571428571427,0.6142857142857144,1.1114768711318395,,,,,not_applicable_without_generated_to_hidden_alignment
schelling,wrong_hypothesis_group_assignment,0.1,6,d6efcddd331374ad56915d2abadd5ccbef83b427e0aa4b1aeb1ed7412f326b71,full_discovery,29,28,0.9655172413793104,0.969047619047619,0.5690476190476191,1.0854913779022652,,,,,not_applicable_without_generated_to_hidden_alignment
schelling,wrong_hypothesis_group_assignment,0.1,7,937bf74b7b3809977f24cd58b88673fa5edd52bbaac6108fb78aafb54ef21890,full_discovery,29,28,0.9655172413793104,0.9845238095238097,0.5678571428571428,1.1129716787674955,,,,,not_applicable_without_generated_to_hidden_alignment
schelling,wrong_hypothesis_group_assignment,0.1,8,8afd0c6c6f11c1da49e04ae8d00743969f1a0deadf81327c57f64504282ffb8f,full_discovery,29,27,0.9310344827586207,0.971604938271605,0.5962962962962963,1.0725617408755685,,,,,not_applicable_without_generated_to_hidden_alignment
schelling,wrong_hypothesis_group_assignment,0.1,9,a083500ca82fcd5fcda8420865428f00fa30706374405cb7adbd6c83204f2a8d,full_discovery,29,28,0.9655172413793104,0.9666666666666667,0.5821428571428571,1.0904266634223083,,,,,not_applicable_without_generated_to_hidden_alignment
schelling,wrong_hypothesis_group_assignment,0.1,10,8f7b27d6ede8d888c491198fce7cd31517789e51f32ee41023f7ac3bd9cffe01,full_discovery,29,28,0.9655172413793104,0.9821428571428571,0.5654761904761905,1.1145143008208873,,,,,not_applicable_without_generated_to_hidden_alignment
schelling,wrong_hypothesis_group_assignment,0.1,11,82901a5bbbe8cf18732426d97c60c5cc3b2ed6178e5cf6f86bc7ed50d1d7622e,full_discovery,29,28,0.9655172413793104,0.975,0.5654761904761905,1.1146149002632437,,,,,not_applicable_without_generated_to_hidden_alignment
schelling,wrong_hypothesis_group_assignment,0.2,0,7ebac69c9c4250ea4ac7d1b1eff7d589af2267cce4b80fa618ac06738cdb99c2,full_discovery,29,28,0.9655172413793104,0.9797619047619047,0.5607142857142856,1.1020949514049365,,,,,not_applicable_without_generated_to_hidden_alignment
schelling,wrong_hypothesis_group_assignment,0.2,1,062350382f6f53417b81affa0c65cc0ad59b6ad461ac7b2e6da872f99b5dca35,full_discovery,29,28,0.9655172413793104,0.9666666666666667,0.5666666666666665,1.1133051127179523,,,,,not_applicable_without_generated_to_hidden_alignment
schelling,wrong_hypothesis_group_assignment,0.2,2,6050807a6ef3afe40bf0ff24871b43d8e8d4422f6a2edf69b6d59d7e1830b709,full_discovery,29,28,0.9655172413793104,0.9773809523809522,0.5547619047619048,1.0988386855028343,,,,,not_applicable_without_generated_to_hidden_alignment
schelling,wrong_hypothesis_group_assignment,0.2,3,bef5a25b0642a516577474227aecf880cb8db128215b0ae4d833ab4309a6594e,full_discovery,29,27,0.9310344827586207,0.9679012345679012,0.6012345679012346,1.0423184083469528,,,,,not_applicable_without_generated_to_hidden_alignment
schelling,wrong_hypothesis_group_assignment,0.2,4,02fbe59b3d7ffe140da8b2e53eb24a0edcdc8d7d0ec91702f6fd0f3af1adaaf8,full_discovery,29,28,0.9655172413793104,0.9821428571428571,0.555952380952381,1.0867917040705193,,,,,not_applicable_without_generated_to_hidden_alignment
schelling,wrong_hypothesis_group_assignment,0.2,5,c747077d55fddf1eadd20b28e9d759962a3efd7bfed70dfe3853d8ec7704c8b0,full_discovery,29,28,0.9655172413793104,0.969047619047619,0.5642857142857143,1.0551692048897237,,,,,not_applicable_without_generated_to_hidden_alignment
schelling,wrong_hypothesis_group_assignment,0.2,6,04a05bb040291d97c211028bc5b718c4e3a378c3be5b1d8c7708d8da6852ec25,full_discovery,29,27,0.9310344827586207,0.971604938271605,0.562962962962963,1.0811692746338433,,,,,not_applicable_without_generated_to_hidden_alignment
schelling,wrong_hypothesis_group_assignment,0.2,7,3fabd71ac3a03f799e8a6dca58f5c201dcf5245e10a7a304251e85d4b3ef734f,full_discovery,29,28,0.9655172413793104,0.9761904761904762,0.5714285714285714,1.0661464762597606,,,,,not_applicable_without_generated_to_hidden_alignment
schelling,wrong_hypothesis_group_assignment,0.2,8,9ab914686348976f107279f28c1c50813eed9dfb7d7480f48aa4c989288e7415,full_discovery,29,28,0.9655172413793104,0.9666666666666667,0.5642857142857143,1.1192772988588824,,,,,not_applicable_without_generated_to_hidden_alignment
schelling,wrong_hypothesis_group_assignment,0.2,9,43c85d6d84d0eb4f1623412957070476c6c4f2e6e83b015f3cec53353014cbee,full_discovery,29,28,0.9655172413793104,0.9738095238095237,0.6035714285714285,1.0644645515282332,,,,,not_applicable_without_generated_to_hidden_alignment
schelling,wrong_hypothesis_group_assignment,0.2,10,b8aa73cf4d5bd6b94fa16c599ccfeb24ba7933401e8bb1838a7bf79044dc96ee,full_discovery,29,28,0.9655172413793104,0.9666666666666667,0.5964285714285714,1.1254852285728076,,,,,not_applicable_without_generated_to_hidden_alignment
schelling,wrong_hypothesis_group_assignment,0.2,11,9d5d59885a2e87a2e900603c6c40118d30cb52a89c6ba461009330898fb3e6ef,full_discovery,29,28,0.9655172413793104,0.9702380952380951,0.5714285714285714,1.1207615222698493,,,,,not_applicable_without_generated_to_hidden_alignment
schelling,wrong_hypothesis_group_assignment,0.4,0,346a60a9c4972658c4a1f08086a31ce25d443d641b113fde10b734862b2b64e2,full_discovery,28,27,0.9642857142857143,0.9444444444444445,0.5370370370370371,1.0712330097135618,,,,,not_applicable_without_generated_to_hidden_alignment
schelling,wrong_hypothesis_group_assignment,0.4,1,c4350e2c51c39d320f7ffe2d33943a0b03773dc037e988ced102ac4208548b13,full_discovery,29,28,0.9655172413793104,0.9773809523809524,0.5892857142857143,1.1051219888458481,,,,,not_applicable_without_generated_to_hidden_alignment
schelling,wrong_hypothesis_group_assignment,0.4,2,f36cd741fa34e6384ed94ec409fd7c301e298ab77d1fed74702ac54706fe74bc,full_discovery,29,28,0.9655172413793104,0.9749999999999999,0.5892857142857143,1.062350133747342,,,,,not_applicable_without_generated_to_hidden_alignment
schelling,wrong_hypothesis_group_assignment,0.4,3,dbff3d4f7885a5b058c5c3ac792af48e9d6edf402c7b1426bfe7462edac37793,full_discovery,29,28,0.9655172413793104,0.9595238095238096,0.5583333333333332,1.1152829944700073,,,,,not_applicable_without_generated_to_hidden_alignment
schelling,wrong_hypothesis_group_assignment,0.4,4,b62398d48af5fbc38006f9315ea7bcfee83f7f1ec9ebbcfe490ad54a69d8d5b2,full_discovery,29,27,0.9310344827586207,0.9753086419753088,0.5728395061728394,1.0624439696643007,,,,,not_applicable_without_generated_to_hidden_alignment
schelling,wrong_hypothesis_group_assignment,0.4,5,ce1e795fbca1b53b81913a48e7e9c0501ee4c5d2b522c6cfb426a2edc545a446,full_discovery,29,28,0.9655172413793104,0.9738095238095238,0.5499999999999999,1.083374457233371,,,,,not_applicable_without_generated_to_hidden_alignment
schelling,wrong_hypothesis_group_assignment,0.4,6,f154d97d069d2e2b03f9fbe093c2a625da4769e561f08067e84a55c6da556908,full_discovery,29,28,0.9655172413793104,0.9738095238095239,0.5833333333333333,1.0839848108057522,,,,,not_applicable_without_generated_to_hidden_alignment
schelling,wrong_hypothesis_group_assignment,0.4,7,a87f28502095b5ab58c625b681e35f729dcc98750d0b656d5f68f1769cb519cb,full_discovery,29,28,0.9655172413793104,0.9702380952380955,0.605952380952381,1.1190269519250287,,,,,not_applicable_without_generated_to_hidden_alignment
schelling,wrong_hypothesis_group_assignment,0.4,8,a39f26538e064b1ab0cca64179b97839df981a8e6af5d0cba7c2f06f14620590,full_discovery,28,27,0.9642857142857143,0.9629629629629629,0.582716049382716,1.0791701937456555,,,,,not_applicable_without_generated_to_hidden_alignment
schelling,wrong_hypothesis_group_assignment,0.4,9,56a79a7b13439fb3f29c1f0cc28d30c621edb1b901b55cc1ccc9ce4a48752d9b,full_discovery,29,28,0.9655172413793104,0.9726190476190476,0.5583333333333333,1.1094114300708224,,,,,not_applicable_without_generated_to_hidden_alignment
schelling,wrong_hypothesis_group_assignment,0.4,10,91ce2fb85a52fc237d634312fbda6b01e9750e16762ab64dd263271c851ceceb,full_discovery,29,28,0.9655172413793104,0.969047619047619,0.5797619047619048,1.110326274011391,,,,,not_applicable_without_generated_to_hidden_alignment
schelling,wrong_hypothesis_group_assignment,0.4,11,f00e1cf43c568865f117bcda82c496647e62bb21b29aed271a2dfc195f2d51e9,full_discovery,28,27,0.9642857142857143,0.971604938271605,0.5864197530864197,1.0952994698785141,,,,,not_applicable_without_generated_to_hidden_alignment
