parameter	direction	node_id	evaluation_track	scenario	scale	baseline_sd	cumulative_effect_raw	cumulative_effect_standardised	cumulative_effect	cumulative_ci_low_raw	cumulative_ci_high_raw	cumulative_ci_low_standardised	cumulative_ci_high_standardised	ci_width	peak_time	onset_time	onset_ci_low	onset_ci_high	terminal_effect_standardised	significant	effect_sign	paired_seed_sign_consistency	paired	saved_significant	ci_excludes_zero	row	column	code	display_na	display_significance_dot
destination_preference	minus	boundary_fraction	primary_discovery	schelling	micro	0.0864639518203011	0.05428839399744573	0.6278731523892619	0.6278731523892619	0.04419936342592593	0.06502383660600256	0.5111883333505957	0.7520340585535836	0.24084572520298797	25	2	2.0	2.0	0.08051127846824445	True	1	1.0	True	True	True	0	0	Mi01	False	True
destination_preference	minus	local_similarity_entropy	primary_discovery	schelling	micro	0.16259623167181467	0.08912572777095136	0.5481414105023253	0.5481414105023253	0.06299956186011985	0.11451253522390256	0.3874601595151269	0.704275456119029	0.31681529660390206	31	5	4.0	5.0	0.002534093300182021	True	1	0.875	True	True	True	0	1	Mi02	False	True
destination_preference	minus	mean_destination_similarity_movers	primary_discovery	schelling	micro	0.36592709142147856	0.09735029114484033	0.2660373976867192	0.2660373976867192	0.08053529080930175	0.11335324951698446	0.22008562005194743	0.30977003937219566	0.08968441932024823	71	0	0.0	0.0	0.17357792604813582	True	1	1.0	True	True	True	0	2	Mi03	False	True
destination_preference	minus	mean_local_similarity	primary_discovery	schelling	micro	0.029033925723369405	-0.020537368285244908	-0.7073576091955895	-0.7073576091955895	-0.023323267735540866	-0.017722394122560138	-0.8033108563327339	-0.6104029572651066	0.1929078990676273	18	1	1.0	1.0	-0.09553724414881377	True	-1	1.0	True	True	True	0	3	Mi04	False	True
destination_preference	minus	mean_move_distance	primary_discovery	schelling	micro	0.2504695415770918	0.11732951249486386	0.4684382450500519	0.4684382450500519	0.10054805117333467	0.13324969524397656	0.4014382369218617	0.5319995972562747	0.13056136033441296	63	51	26.0	45.0	0.20967564120297857	True	1	1.0	True	True	True	0	4	Mi05	False	True
destination_preference	minus	mean_neighbour_count	primary_discovery	schelling	micro	0.032988165455567514	-0.006385696040868495	-0.19357536112365903	-0.19357536112365903	-0.022902977330779107	0.008392261334610452	-0.6942786000521195	0.25440218389574204	0.9486807839478615	21	8	2.0	8.0	0.25831724557446706	False	-1	0.5833333333333334	True	False	False	0	5	Mi06	False	False
destination_preference	minus	move_distance_std	primary_discovery	schelling	micro	0.0168366801564847	0.009561706904051611	0.5679092799282577	0.5679092799282577	0.008652387957312616	0.010475898551108682	0.5139010705729966	0.6222068990883488	0.1083058285153522	46	5	0.0	4.0	0.1180750673342071	True	1	1.0	True	True	True	0	6	Mi07	False	True
destination_preference	minus	moved_fraction	primary_discovery	schelling	micro	0.0027006126711664885	0.0017085727969348658	0.6326611791378708	0.6326611791378708	0.0016005647349936142	0.0018215996168582374	0.592667268461817	0.6745134673723593	0.08184619891054223	23	1	1.0	1.0	0.05892867208157581	True	1	1.0	True	True	True	0	7	Mi08	False	True
destination_preference	minus	quantile_25_local_similarity	primary_discovery	schelling	micro	0.06742858603852442	-0.03884099494109209	-0.5760315798243316	-0.5760315798243316	-0.054114781442023384	-0.024714580355105042	-0.8025495508849263	-0.3665297139848773	0.436019836900049	30	2	1.0	2.0	-0.3093520002174574	True	-1	0.9166666666666666	True	True	True	0	8	Mi09	False	True
destination_preference	minus	quantile_75_local_similarity	primary_discovery	schelling	micro	0.0	-0.0018678160705443085	NA	NA	-0.0027273514074669485	-0.0010789652447077056	NA	NA	NA	-1	-1	NA	NA	NA	False	0	NA	True	False	False	0	9	Mi10	True	False
destination_preference	minus	relocation_response_fraction	primary_discovery	schelling	micro	0.13816809961797205	0.0321627655616584	0.2327799662193144	0.2327799662193144	0.025873734813566866	0.039041332932005	0.18726272479035652	0.28256401470348325	0.09530128991312672	151	104	30.47500000000001	89.0	0.40439032415645143	True	1	0.9583333333333334	True	True	True	0	10	Mi11	False	True
destination_preference	minus	std_destination_similarity	primary_discovery	schelling	micro	0.024247064045500456	0.009466088194287672	0.3904014183541656	0.3904014183541656	0.00866372688752385	0.0103358830530638	0.3573103478122574	0.4262735906362996	0.0689632428240422	46	0	0.0	0.0	0.10082709369785164	True	1	1.0	True	True	True	0	11	Mi12	False	True
destination_preference	minus	std_local_similarity	primary_discovery	schelling	micro	0.024822544438355097	0.016890879788960533	0.6804652855354031	0.6804652855354031	0.01506808128143693	0.018531729751213012	0.6070321001482085	0.7465684993428116	0.13953639919460303	35	1	1.0	1.0	0.15901393504966113	True	1	1.0	True	True	True	0	12	Mi13	False	True
destination_preference	minus	std_neighbour_count	primary_discovery	schelling	micro	0.051934519970115986	-0.012202987574365795	-0.23496871794304833	-0.23496871794304833	-0.034552492105022176	0.010851107316438798	-0.6653087796884284	0.20893824228437483	0.8742470219728032	16	5	1.0	5.0	-0.029773050098716048	False	-1	0.625	True	False	False	0	13	Mi14	False	False
destination_preference	minus	unhappy_fraction	primary_discovery	schelling	micro	0.024025041696825806	0.017353927203065136	0.7223266216165585	0.7223266216165585	0.016203154932950194	0.01848184067688378	0.6744277548992124	0.7692740312423935	0.0948462763431811	15	1	1.0	1.0	0.06513667219311653	True	1	1.0	True	True	True	0	14	Mi15	False	True
destination_preference	minus	unhappy_local_similarity_mean	primary_discovery	schelling	micro	0.2054922030679523	0.10327142631855989	0.5025564219797186	0.5025564219797186	0.06426971887494959	0.13908122687218483	0.3127598902314403	0.6768199707615833	0.364060080530143	123	85	11.47500000000001	70.0	0.9058230069469113	True	1	0.8333333333333334	True	True	True	0	15	Mi16	False	True
destination_preference	minus	meso_district_boundary_fraction_std	primary_discovery	schelling	meso	0.02251192939332999	0.004702087951700681	0.20887094435778808	0.20887094435778808	-0.004930053961835286	0.014117567378781807	-0.21899739803270707	0.6271149456858491	0.8461123437185563	51	1	1.0	1.0	0.0487161665388498	False	1	0.4166666666666667	True	False	False	0	16	Me01	False	False
destination_preference	minus	meso_district_destination_similarity_std	primary_discovery	schelling	meso	0.002547082688080282	0.0010058010468607936	0.3948835471921246	0.3948835471921246	0.0009190617890021676	0.0010952806882275402	0.36082919227677607	0.4300137931733365	0.06918460089656042	46	37	0.0	21.0	0.10310464590981998	True	1	1.0	True	True	True	0	17	Me02	False	True
destination_preference	minus	meso_district_group_entropy_mean	primary_discovery	schelling	meso	0.047964483704550046	0.011924724794999312	0.24861572300981738	0.24861572300981738	-0.006746317140783272	0.029088426863021426	-0.14065234564681237	0.6064576248167145	0.7471099704635269	30	7	3.0	6.524999999999977	0.11066863486962934	False	1	0.5833333333333334	True	False	False	0	18	Me03	False	False
destination_preference	minus	meso_district_local_similarity_std	primary_discovery	schelling	meso	0.007134236954473445	0.003222259106495989	0.4516613517407082	0.4516613517407082	0.00042119482724477285	0.005896441505747261	0.05903852506338005	0.8264992518996669	0.7674607268362869	52	25	1.0	15.0	0.08327387789818295	False	1	0.625	True	False	True	0	19	Me04	False	False
destination_preference	minus	meso_district_move_distance_std	primary_discovery	schelling	meso	0.00178251365343307	0.0010063864601777015	0.5645883599485648	0.5645883599485648	0.0009101059846622134	0.001097782624903254	0.5105744816649093	0.6158621129150714	0.10528763125016216	45	11	0.0	11.0	0.11964218516109874	True	1	1.0	True	True	True	0	20	Me05	False	True
destination_preference	minus	meso_district_move_fraction_std	primary_discovery	schelling	meso	0.0031904991329334506	0.0019459484052610613	0.6099197411384004	0.6099197411384004	0.0017797475248219929	0.002108820162158932	0.5578273024589837	0.6609687306888603	0.1031414282298766	46	8	1.0	8.0	0.13992575865061205	True	1	1.0	True	True	True	0	21	Me06	False	True
destination_preference	minus	meso_district_neighbour_count_std	primary_discovery	schelling	meso	0.06731763584025327	0.0029011884178304762	0.04309700395175906	0.04309700395175906	-0.02243403238704241	0.026778071605572492	-0.33325639124165074	0.3977868692405902	0.731043260482241	39	-1	1.0	17.0	0.14024522315624327	False	1	0.4583333333333333	True	False	False	0	22	Me07	False	False
destination_preference	minus	meso_district_unhappy_fraction_std	primary_discovery	schelling	meso	0.00932837309202597	0.007477527246033668	0.8015896418664438	0.8015896418664438	0.006411625643998705	0.008455418354890202	0.6873251724332784	0.9064194014836324	0.21909422905035403	26	8	1.0	8.0	0.3109955017704451	True	1	1.0	True	True	True	0	23	Me08	False	True
destination_preference	minus	macro_global_connected_components	primary_discovery	schelling	macro	7.895010372044127	5.4063218390804595	0.684777040727394	0.684777040727394	4.6562931034482755	6.114777298850575	0.5897766923696514	0.7745116232529248	0.18473493088327342	16	1	1.0	1.0	0.039581961932127194	True	1	1.0	True	True	True	0	24	Ma01	False	True
destination_preference	minus	macro_global_moved_fraction	primary_discovery	schelling	macro	0.0027006126711664885	0.0017085727969348658	0.6326611791378708	0.6326611791378708	0.0016005647349936142	0.0018215996168582374	0.592667268461817	0.6745134673723593	0.08184619891054223	23	1	1.0	1.0	0.05892867208157581	True	1	1.0	True	True	True	0	25	Ma02	False	True
destination_preference	minus	macro_global_spatial_neighbor_similarity	primary_discovery	schelling	macro	0.027719029910650412	-0.021055308333926142	-0.7595975906009652	-0.7595975906009652	-0.02315930150941405	-0.01890188237381348	-0.8355018766553447	-0.6819099526477606	0.15359192400758415	17	1	1.0	1.0	-0.13039903785738402	True	-1	1.0	True	True	True	0	26	Ma03	False	True
destination_preference	minus	macro_global_unhappy_fraction	primary_discovery	schelling	macro	0.024025041696825806	0.017353927203065136	0.7223266216165585	0.7223266216165585	0.016203154932950194	0.01848184067688378	0.6744277548992124	0.7692740312423935	0.0948462763431811	15	1	1.0	1.0	0.06513667219311653	True	1	1.0	True	True	True	0	27	Ma04	False	True
destination_preference	plus	boundary_fraction	primary_discovery	schelling	micro	0.0864639518203011	-0.0046847062579821195	-0.05418103335964094	-0.05418103335964094	-0.014838082694763732	0.005965497286079178	-0.171610045370143	0.06899403925554236	0.24060408462568533	15	5	3.0	5.0	0.039377182264344	False	-1	0.5416666666666666	True	False	False	1	0	Mi01	False	False
destination_preference	plus	local_similarity_entropy	primary_discovery	schelling	micro	0.16259623167181467	-0.009828311030441192	-0.06044611815038076	-0.06044611815038076	-0.036353495120350826	0.018896779594691653	-0.22358141235232906	0.11621905009971599	0.33980046245204504	22	6	4.0	6.0	0.03593719688255927	False	-1	0.5	True	False	False	1	1	Mi02	False	False
destination_preference	plus	mean_destination_similarity_movers	primary_discovery	schelling	micro	0.36592709142147856	-0.014066232098682687	-0.03843998552837691	-0.03843998552837691	-0.029294700667115692	0.0019439134175079254	-0.0800561132364309	0.005312297075235968	0.08536841031166686	69	-1	0.0	19.0	-0.003106464533438059	False	-1	0.625	True	False	False	1	2	Mi03	False	False
destination_preference	plus	mean_local_similarity	primary_discovery	schelling	micro	0.029033925723369405	0.0028836928736204388	0.09932149379645738	0.09932149379645738	-0.0002617945556325466	0.005679195267630033	-0.0090168500852032	0.19560548999609964	0.20462234008130284	15	1	1.0	1.0	0.001697182254003576	False	1	0.7083333333333334	True	False	False	1	3	Mi04	False	False
destination_preference	plus	mean_move_distance	primary_discovery	schelling	micro	0.2504695415770918	-0.01944524980333907	-0.07763518742000027	-0.07763518742000027	-0.02966995499168202	-0.009258267017254823	-0.11845733738666955	-0.03696364419785242	0.08149369318881713	44	-1	12.0	55.0	-0.0030036184058820268	False	-1	0.7083333333333334	True	False	True	1	4	Mi05	False	False
destination_preference	plus	mean_neighbour_count	primary_discovery	schelling	micro	0.032988165455567514	-0.0016738505747126511	-0.050740941534539	-0.050740941534539	-0.01307485233077906	0.00992788154533845	-0.39634978636171403	0.300952823784958	0.697302610146672	25	-1	1.0	20.0	0.0660777560835642	False	-1	0.4583333333333333	True	False	False	1	5	Mi06	False	False
destination_preference	plus	move_distance_std	primary_discovery	schelling	micro	0.0168366801564847	-0.0016184530124916622	-0.09612661150828535	-0.09612661150828535	-0.002096942752442823	-0.001117582058564301	-0.12454609417968772	-0.06637781606452034	0.05816827811516738	44	-1	3.0	23.524999999999977	-0.001664083302376539	False	-1	0.8333333333333334	True	False	True	1	6	Mi07	False	False
destination_preference	plus	moved_fraction	primary_discovery	schelling	micro	0.0027006126711664885	-0.000285360791826309	-0.1056652051117911	-0.1056652051117911	-0.0003424529054916986	-0.00022165349616858236	-0.12680563530933195	-0.08207526334120419	0.04473037196812776	22	3	1.0	4.0	-0.0017857173358053274	False	-1	0.9583333333333334	True	False	True	1	7	Mi08	False	False
destination_preference	plus	quantile_25_local_similarity	primary_discovery	schelling	micro	0.06742858603852442	0.0013338986484483738	0.019782390923728854	0.019782390923728854	-0.013171302732187267	0.015745903255803308	-0.19533707446663676	0.23351970107762754	0.42885677554426427	20	6	3.0	6.0	-0.05149479765742271	False	1	0.5416666666666666	True	False	False	1	8	Mi09	False	False
destination_preference	plus	quantile_75_local_similarity	primary_discovery	schelling	micro	0.0	0.0	NA	NA	0.0	0.0	NA	NA	NA	-1	-1	NA	NA	NA	False	0	NA	True	False	False	1	9	Mi10	True	False
destination_preference	plus	relocation_response_fraction	primary_discovery	schelling	micro	0.13816809961797205	-0.005949054545722684	-0.04305664304692272	-0.04305664304692272	-0.012485860490598546	0.0008566339575343949	-0.09036717248859419	0.00619994021704681	0.096567112705641	69	-1	32.900000000000006	114.0	-0.025130418901488438	False	-1	0.75	True	False	False	1	10	Mi11	False	False
destination_preference	plus	std_destination_similarity	primary_discovery	schelling	micro	0.024247064045500456	-0.0017154204732759846	-0.07074755401548569	-0.07074755401548569	-0.0023929220240967264	-0.0009901872069184173	-0.09868914519326237	-0.0408374063375383	0.05785173885572407	45	-1	0.0	44.599999999999966	-0.0017459578807491472	False	-1	0.8333333333333334	True	False	True	1	11	Mi12	False	False
destination_preference	plus	std_local_similarity	primary_discovery	schelling	micro	0.024822544438355097	-0.0036405396508588186	-0.1466626300095795	-0.1466626300095795	-0.005615756833369191	-0.0015224666951288437	-0.22623614784195453	-0.0613340303976401	0.16490211744431443	27	11	1.0	10.0	-0.043647743939902804	False	-1	0.75	True	False	True	1	12	Mi13	False	False
destination_preference	plus	std_neighbour_count	primary_discovery	schelling	micro	0.051934519970115986	0.007391498085729048	0.1423234120577652	0.1423234120577652	-0.008288863119629047	0.020939615164408863	-0.1596021899191251	0.4031926197923439	0.562794809711469	31	-1	1.0	29.0	0.12024056781449173	False	1	0.5416666666666666	True	False	False	1	13	Mi14	False	False
destination_preference	plus	unhappy_fraction	primary_discovery	schelling	micro	0.024025041696825806	-0.0026776021711366533	-0.1114504692614298	-0.1114504692614298	-0.003424010217113665	-0.0017826967592592616	-0.1425183881185957	-0.07420160937721879	0.06831677874137693	15	1	1.0	1.0	-0.0006021880326020019	False	-1	0.9166666666666666	True	False	True	1	14	Mi15	False	False
destination_preference	plus	unhappy_local_similarity_mean	primary_discovery	schelling	micro	0.2054922030679523	-0.0119720312642907	-0.05826027014918802	-0.05826027014918802	-0.050772336865403916	0.025853966759135184	-0.24707670708369645	0.12581483079718495	0.37289153788088136	109	108	29.0	68.57499999999993	-0.019310970827325972	False	-1	0.5	True	False	False	1	15	Mi16	False	False
destination_preference	plus	meso_district_boundary_fraction_std	primary_discovery	schelling	meso	0.02251192939332999	-0.0015506879689023481	-0.06888294387427304	-0.06888294387427304	-0.010100661853578746	0.007187939573474435	-0.44868041637388256	0.3192946925110796	0.7679751088849622	20	-1	1.0	24.0	-0.12782491170535867	False	-1	0.5416666666666666	True	False	False	1	16	Me01	False	False
destination_preference	plus	meso_district_destination_similarity_std	primary_discovery	schelling	meso	0.002547082688080282	-0.00016289001700597308	-0.063951601480493	-0.063951601480493	-0.00023575365179516423	-7.701681718077862e-05	-0.09255830322997878	-0.03023726616383453	0.06232103706614425	45	-1	0.0	54.0	-0.002092973266498974	False	-1	0.7916666666666666	True	False	True	1	17	Me02	False	False
destination_preference	plus	meso_district_group_entropy_mean	primary_discovery	schelling	meso	0.047964483704550046	0.004099062047208054	0.08546036005427086	0.08546036005427086	-0.006537646000571396	0.01516971264214373	-0.13630181116598192	0.3162696952100141	0.45257150637599597	81	-1	9.0	76.17500000000001	0.12584337176779448	False	1	0.6666666666666666	True	False	False	1	18	Me03	False	False
destination_preference	plus	meso_district_local_similarity_std	primary_discovery	schelling	meso	0.007134236954473445	-0.0009465645022634822	-0.13267915101557556	-0.13267915101557556	-0.003040133128930023	0.0013163656832928979	-0.42613290648045277	0.18451387186789264	0.6106467783483454	43	-1	1.0	26.524999999999977	-0.13735365539537683	False	-1	0.625	True	False	False	1	19	Me04	False	False
destination_preference	plus	meso_district_move_distance_std	primary_discovery	schelling	meso	0.00178251365343307	-0.00016101285643865002	-0.09032910133874371	-0.09032910133874371	-0.000207266752565461	-0.00010948328737823255	-0.11627779241200828	-0.06142072862520346	0.05485706378680482	44	-1	3.0	33.0	-0.0020028021866540188	False	-1	0.9166666666666666	True	False	True	1	20	Me05	False	False
destination_preference	plus	meso_district_move_fraction_std	primary_discovery	schelling	meso	0.0031904991329334506	-0.0002962887699049837	-0.09286596158155541	-0.09286596158155541	-0.00038858929122564224	-0.00019370078796575863	-0.12179576769493129	-0.06071175069954139	0.0610840169953899	45	-1	1.0	28.0	-0.004602489903112925	False	-1	0.9166666666666666	True	False	True	1	21	Me06	False	False
destination_preference	plus	meso_district_neighbour_count_std	primary_discovery	schelling	meso	0.06731763584025327	0.012280094882137209	0.18242017457770257	0.18242017457770257	-0.017668757690321227	0.03922123861588394	-0.26246848199258976	0.5826294718512857	0.8450979538438754	39	-1	1.0	26.524999999999977	0.20095978000481698	False	1	0.5833333333333334	True	False	False	1	22	Me07	False	False
destination_preference	plus	meso_district_unhappy_fraction_std	primary_discovery	schelling	meso	0.00932837309202597	-0.0010402289615025768	-0.11151236675897748	-0.11151236675897748	-0.0016436230831644223	-0.0003873401886114423	-0.17619611340046165	-0.041522801970961726	0.13467331142949993	19	-1	1.0	9.524999999999977	-0.00485241958874515	False	-1	0.7916666666666666	True	False	True	1	23	Me08	False	False
destination_preference	plus	macro_global_connected_components	primary_discovery	schelling	macro	7.895010372044127	-0.3784482758620689	-0.047935120795045076	-0.047935120795045076	-1.1144109195402299	0.4157471264367814	-0.14115382590076236	0.05265947818243824	0.1938133040832006	15	4	1.0	4.0	0.03078597039165448	False	-1	0.5	True	False	False	1	24	Ma01	False	False
destination_preference	plus	macro_global_moved_fraction	primary_discovery	schelling	macro	0.0027006126711664885	-0.000285360791826309	-0.1056652051117911	-0.1056652051117911	-0.0003424529054916986	-0.00022165349616858236	-0.12680563530933195	-0.08207526334120419	0.04473037196812776	22	3	1.0	4.0	-0.0017857173358053274	False	-1	0.9583333333333334	True	False	True	1	25	Ma02	False	False
destination_preference	plus	macro_global_spatial_neighbor_similarity	primary_discovery	schelling	macro	0.027719029910650412	0.0031193930576844226	0.11253615540440924	0.11253615540440924	0.000535017605785466	0.005520546114665195	0.019301454903365784	0.19916087007590585	0.17985941517254006	15	1	1.0	1.0	0.015005024289200053	False	1	0.7083333333333334	True	False	True	1	26	Ma03	False	False
destination_preference	plus	macro_global_unhappy_fraction	primary_discovery	schelling	macro	0.024025041696825806	-0.0026776021711366533	-0.1114504692614298	-0.1114504692614298	-0.003424010217113665	-0.0017826967592592616	-0.1425183881185957	-0.07420160937721879	0.06831677874137693	15	1	1.0	1.0	-0.0006021880326020019	False	-1	0.9166666666666666	True	False	True	1	27	Ma04	False	False
move_probability	minus	boundary_fraction	primary_discovery	schelling	micro	0.0864639518203011	0.09097381864623244	1.0521589255520525	1.0521589255520525	0.07802627115261813	0.10289661159003831	0.9024138905284009	1.1900521480198982	0.2876382574914973	24	2	1.0	2.0	0.18294214989666913	True	1	1.0	True	True	True	2	0	Mi01	False	True
move_probability	minus	local_similarity_entropy	primary_discovery	schelling	micro	0.16259623167181467	0.13681801146022057	0.8414586860559905	0.8414586860559905	0.10668929382818995	0.16708578566382234	0.6561609253253319	1.02761167307413	0.37145074774879816	32	5	4.0	5.0	-0.0865837788397077	True	1	1.0	True	True	True	2	1	Mi02	False	True
move_probability	minus	mean_destination_similarity_movers	primary_discovery	schelling	micro	0.36592709142147856	0.1699972215555948	0.4645658262011277	0.4645658262011277	0.1518756378820433	0.18952907779871123	0.415043437456538	0.5179421864133303	0.10289874895679235	81	57	17.0	46.0	0.22441662521425607	True	1	1.0	True	True	True	2	2	Mi03	False	True
move_probability	minus	mean_local_similarity	primary_discovery	schelling	micro	0.029033925723369405	-0.03300303278983324	-1.1367058352453216	-1.1367058352453216	-0.036641515126858634	-0.029537128254171763	-1.2620241394833451	-1.0173315360656627	0.2446926034176824	19	1	1.0	1.0	-0.15057006081953758	True	-1	1.0	True	True	True	2	3	Mi04	False	True
move_probability	minus	mean_move_distance	primary_discovery	schelling	micro	0.2504695415770918	0.11189359997971797	0.4467353566233056	0.4467353566233056	0.09668227975486936	0.1274564776015782	0.38600413905062225	0.5088701676021892	0.12286602855156692	81	62	27.0	45.0	0.21360344832836772	True	1	1.0	True	True	True	2	4	Mi05	False	True
move_probability	minus	mean_neighbour_count	primary_discovery	schelling	micro	0.032988165455567514	-0.02012452107279696	-0.6100527505812083	-0.6100527505812083	-0.02969745769476376	-0.009797513569604092	-0.9002458089027083	-0.29700086180301793	0.6032449470996903	26	11	1.0	10.0	-0.08625193825067347	True	-1	0.7916666666666666	True	True	True	2	5	Mi06	False	True
move_probability	minus	move_distance_std	primary_discovery	schelling	micro	0.0168366801564847	0.006654297915051809	0.39522624728895167	0.39522624728895167	0.005986528180659368	0.007400588100916075	0.3555646436838464	0.43955150493642386	0.08398686125257748	48	0	0.0	0.0	0.12134276309937907	True	1	1.0	True	True	True	2	6	Mi07	False	True
move_probability	minus	moved_fraction	primary_discovery	schelling	micro	0.0027006126711664885	0.0008329342273307789	0.30842417212350776	0.30842417212350776	0.0007626317049808429	0.000914830779054917	0.28239210795505737	0.33874934707307347	0.0563572391180161	39	0	0.0	0.0	0.05535723740996515	True	1	1.0	True	True	True	2	7	Mi08	False	True
move_probability	minus	quantile_25_local_similarity	primary_discovery	schelling	micro	0.06742858603852442	-0.05232801384281838	-0.7760508846043646	-0.7760508846043646	-0.06829655057461612	-0.03833513089573418	-1.0128723526190477	-0.5685293604381964	0.4443429921808514	29	1	1.0	1.0	-0.27329805646892696	True	-1	0.9583333333333334	True	True	True	2	8	Mi09	False	True
move_probability	minus	quantile_75_local_similarity	primary_discovery	schelling	micro	0.0	-0.0062846365716608095	NA	NA	-0.007382812333004227	-0.005227575855458091	NA	NA	NA	-1	-1	NA	NA	NA	False	0	NA	True	False	False	2	9	Mi10	True	False
move_probability	minus	relocation_response_fraction	primary_discovery	schelling	micro	0.13816809961797205	-0.0075517736758670476	-0.05465641994604637	-0.05465641994604637	-0.01392161498585452	-0.002239006545199581	-0.10075853271737176	-0.01620494565236348	0.08455358706500828	69	0	0.0	0.0	0.2455301761006138	False	-1	0.5833333333333334	True	False	True	2	10	Mi11	False	False
move_probability	minus	std_destination_similarity	primary_discovery	schelling	micro	0.024247064045500456	0.009755686196851833	0.4023450500458509	0.4023450500458509	0.008932912140337338	0.01063804066252571	0.3684121147028118	0.4387352069744633	0.07032309227165146	60	0	0.0	0.0	0.12957758552267398	True	1	1.0	True	True	True	2	11	Mi12	False	True
move_probability	minus	std_local_similarity	primary_discovery	schelling	micro	0.024822544438355097	0.024914321117103105	1.003697311489397	1.003697311489397	0.022903195938213206	0.027172067583399424	0.9226772055979816	1.0946527923790887	0.17197558678110714	38	1	1.0	1.0	0.17162530527241382	True	1	1.0	True	True	True	2	12	Mi13	False	True
move_probability	minus	std_neighbour_count	primary_discovery	schelling	micro	0.051934519970115986	-0.019733472813714254	-0.3799683298328209	-0.3799683298328209	-0.034729401986514336	-0.005469992409989648	-0.6687151822429134	-0.10532479000743965	0.5633903922354737	49	5	1.0	5.0	-0.19181687117718937	True	-1	0.5833333333333334	True	True	True	2	13	Mi14	False	True
move_probability	minus	unhappy_fraction	primary_discovery	schelling	micro	0.024025041696825806	0.028330539591315457	1.1792087584621544	1.1792087584621544	0.026430226293103445	0.03026867816091954	1.1001115680309275	1.2598803591220673	0.15976879109113984	15	1	1.0	1.0	0.13268209651664106	True	1	1.0	True	True	True	2	14	Mi15	False	True
move_probability	minus	unhappy_local_similarity_mean	primary_discovery	schelling	micro	0.2054922030679523	0.1375702483649505	0.6694669983145719	0.6694669983145719	0.10001354944087466	0.18645856019146137	0.4867024049949094	0.9073753524838271	0.42067294748891765	134	31	22.0	31.0	1.5891152355304745	True	1	0.875	True	True	True	2	15	Mi16	False	True
move_probability	minus	meso_district_boundary_fraction_std	primary_discovery	schelling	meso	0.02251192939332999	-0.0010121440680054634	-0.044960343039515245	-0.044960343039515245	-0.00856656428949502	0.0065816787620108785	-0.3805344330918695	0.29236404605821786	0.6728984791500874	15	1	1.0	1.0	-0.1737269891295893	False	-1	0.5833333333333334	True	False	False	2	16	Me01	False	False
move_probability	minus	meso_district_destination_similarity_std	primary_discovery	schelling	meso	0.002547082688080282	0.0010203638048179684	0.4006009736523353	0.4006009736523353	0.0009331614528170913	0.0011208371978178497	0.3663648051883264	0.440047432721007	0.07368262753268057	46	0	0.0	0.0	0.13005254882111159	True	1	1.0	True	True	True	2	17	Me02	False	True
move_probability	minus	meso_district_group_entropy_mean	primary_discovery	schelling	meso	0.047964483704550046	0.019959925354335235	0.4161396894686428	0.4161396894686428	0.008785796325306851	0.03273136911859279	0.18317295729534572	0.6824084528921512	0.4992354955968055	33	5	3.0	5.0	0.2513919712657808	True	1	0.75	True	True	True	2	18	Me03	False	True
move_probability	minus	meso_district_local_similarity_std	primary_discovery	schelling	meso	0.007134236954473445	0.0023621110893047932	0.3310951268339437	0.3310951268339437	7.614885971437093e-05	0.004682793627820044	0.010673721688851745	0.656383248510375	0.6457095268215233	30	25	1.0	13.524999999999977	-0.12230599171948943	False	1	0.5833333333333334	True	False	True	2	19	Me04	False	False
move_probability	minus	meso_district_move_distance_std	primary_discovery	schelling	meso	0.00178251365343307	0.0007036354349918661	0.3947433634725235	0.3947433634725235	0.0006316659042014103	0.0007867252075604982	0.3543680593889645	0.4413571845832923	0.08698912519432783	68	0	0.0	0.0	0.12047768447282138	True	1	1.0	True	True	True	2	20	Me05	False	True
move_probability	minus	meso_district_move_fraction_std	primary_discovery	schelling	meso	0.0031904991329334506	0.0013501943433683482	0.4231921988102642	0.4231921988102642	0.001222177181612971	0.0015037731576180255	0.38306770529953443	0.4713284959383162	0.08826079063878178	67	0	0.0	0.0	0.12715785632399745	True	1	1.0	True	True	True	2	21	Me06	False	True
move_probability	minus	meso_district_neighbour_count_std	primary_discovery	schelling	meso	0.06731763584025327	-0.012942409509074278	-0.1922588241183484	-0.1922588241183484	-0.038267693555507375	0.013425027545130174	-0.5684646092788781	0.19942809009199552	0.7678926993708737	77	-1	1.0	14.0	-0.2123338702478502	False	-1	0.5	True	False	False	2	22	Me07	False	False
move_probability	minus	meso_district_unhappy_fraction_std	primary_discovery	schelling	meso	0.00932837309202597	0.009602782956124097	1.0294166904980138	1.0294166904980138	0.008276514797255186	0.011069635112707766	0.8872409707036775	1.186662990802786	0.29942202009910845	28	15	1.0	11.0	0.5460003185296083	True	1	1.0	True	True	True	2	23	Me08	False	True
move_probability	minus	macro_global_connected_components	primary_discovery	schelling	macro	7.895010372044127	9.472988505747127	1.1998703053374757	1.1998703053374757	8.58043103448276	10.328448275862069	1.0868169426180458	1.3082247887139749	0.221407846095929	15	1	1.0	1.0	0.09059871286686894	True	1	1.0	True	True	True	2	24	Ma01	False	True
move_probability	minus	macro_global_moved_fraction	primary_discovery	schelling	macro	0.0027006126711664885	0.0008329342273307789	0.30842417212350776	0.30842417212350776	0.0007626317049808429	0.000914830779054917	0.28239210795505737	0.33874934707307347	0.0563572391180161	39	0	0.0	0.0	0.05535723740996515	True	1	1.0	True	True	True	2	25	Ma02	False	True
move_probability	minus	macro_global_spatial_neighbor_similarity	primary_discovery	schelling	macro	0.027719029910650412	-0.032040725517857825	-1.1559107811903222	-1.1559107811903222	-0.03525391911243385	-0.029335509709580567	-1.2718309127726122	-1.0583166079094655	0.2135143048631467	15	1	1.0	1.0	-0.10095528858165907	True	-1	1.0	True	True	True	2	26	Ma03	False	True
move_probability	minus	macro_global_unhappy_fraction	primary_discovery	schelling	macro	0.024025041696825806	0.028330539591315457	1.1792087584621544	1.1792087584621544	0.026430226293103445	0.03026867816091954	1.1001115680309275	1.2598803591220673	0.15976879109113984	15	1	1.0	1.0	0.13268209651664106	True	1	1.0	True	True	True	2	27	Ma04	False	True
move_probability	plus	boundary_fraction	primary_discovery	schelling	micro	0.0864639518203011	-0.039567369093231164	-0.45761694047323237	-0.45761694047323237	-0.056243135376756064	-0.023475075830140493	-0.6504807401545414	-0.271501305872868	0.37897943428167336	16	1	1.0	1.0	-0.06447595282943581	True	-1	0.875	True	True	True	3	0	Mi01	False	True
move_probability	plus	local_similarity_entropy	primary_discovery	schelling	micro	0.16259623167181467	-0.05789330930448187	-0.35605566444697273	-0.35605566444697273	-0.09845327485229396	-0.018426308969529726	-0.6055077281926972	-0.11332555976279644	0.4921821684299007	16	2	2.0	2.0	-0.06830989672022748	True	-1	0.7083333333333334	True	True	True	3	1	Mi02	False	True
move_probability	plus	mean_destination_similarity_movers	primary_discovery	schelling	micro	0.36592709142147856	-0.11794758317530842	-0.32232536464334965	-0.32232536464334965	-0.1303220671479421	-0.10686682490736037	-0.3561421665766632	-0.29204403667469947	0.06409812990196373	37	34	16.0	30.0	-0.00706014617845034	True	-1	1.0	True	True	True	3	2	Mi03	False	True
move_probability	plus	mean_local_similarity	primary_discovery	schelling	micro	0.029033925723369405	0.013712410303367964	0.47228922585314903	0.47228922585314903	0.00965588454542489	0.017849805136692935	0.33257247529750583	0.614791306789272	0.28221883149176613	15	1	1.0	1.0	0.07499632630229598	True	1	0.9166666666666666	True	True	True	3	3	Mi04	False	True
move_probability	plus	mean_move_distance	primary_discovery	schelling	micro	0.2504695415770918	-0.07898778684760745	-0.31535885102139605	-0.31535885102139605	-0.08747447302960236	-0.0691726594601315	-0.34924195764010163	-0.2761719410056129	0.07307001663448875	43	34	22.0	29.0	-0.00785561657471994	True	-1	1.0	True	True	True	3	4	Mi05	False	True
move_probability	plus	mean_neighbour_count	primary_discovery	schelling	micro	0.032988165455567514	0.02394556194125151	0.7258834072935736	0.7258834072935736	0.005484135536398381	0.04439858716475091	0.16624554474801223	1.3458944003585875	1.1796488556105753	22	4	1.0	4.0	0.6198444375980416	True	1	0.6666666666666666	True	True	True	3	5	Mi06	False	True
move_probability	plus	move_distance_std	primary_discovery	schelling	micro	0.0168366801564847	-0.005310698515192295	-0.31542432747033344	-0.31542432747033344	-0.005743180350211499	-0.004819128539497013	-0.3411112105731542	-0.286227955553394	0.05488325501976021	26	0	0.0	0.0	-0.00435221814107915	True	-1	1.0	True	True	True	3	6	Mi07	False	True
move_probability	plus	moved_fraction	primary_discovery	schelling	micro	0.0027006126711664885	-0.0007527139208173692	-0.2787196878892839	-0.2787196878892839	-0.0008074113984674329	-0.0006928280651340995	-0.29897341706490765	-0.2565447731661731	0.042428643898734575	18	0	0.0	0.0	-0.002678576003707991	True	-1	1.0	True	True	True	3	7	Mi08	False	True
move_probability	plus	quantile_25_local_similarity	primary_discovery	schelling	micro	0.06742858603852442	0.02741644842785665	0.4065997826529038	0.4065997826529038	0.002319235772686614	0.0541772923689207	0.034395438328805414	0.80347661951516	0.7690811811863546	15	1	1.0	1.0	0.08092047524443201	False	1	0.75	True	False	True	3	8	Mi09	False	False
move_probability	plus	quantile_75_local_similarity	primary_discovery	schelling	micro	0.0	0.0	NA	NA	0.0	0.0	NA	NA	NA	-1	-1	NA	NA	NA	False	0	NA	True	False	False	3	9	Mi10	True	False
move_probability	plus	relocation_response_fraction	primary_discovery	schelling	micro	0.13816809961797205	-0.007682845370027415	-0.055605059281195156	-0.055605059281195156	-0.014272578937622493	-0.00039074629786133437	-0.10329865560202005	-0.00282805002704482	0.10047060557497522	69	0	0.0	0.0	-0.037695628352232655	False	-1	0.625	True	False	True	3	10	Mi11	False	False
move_probability	plus	std_destination_similarity	primary_discovery	schelling	micro	0.024247064045500456	-0.00772355379625063	-0.3185356289634536	-0.3185356289634536	-0.008331205411369233	-0.00703254631446506	-0.3435964616472921	-0.2900370247411498	0.05355943690614229	28	0	0.0	0.0	-0.003968085874374739	True	-1	1.0	True	True	True	3	11	Mi12	False	True
move_probability	plus	std_local_similarity	primary_discovery	schelling	micro	0.024822544438355097	-0.013028938316836441	-0.5248832708988725	-0.5248832708988725	-0.015515939169991548	-0.010391072460246844	-0.6250744845486813	-0.41861431595186704	0.20646016859681426	18	5	1.0	5.0	-0.08566404160029821	True	-1	1.0	True	True	True	3	12	Mi13	False	True
move_probability	plus	std_neighbour_count	primary_discovery	schelling	micro	0.051934519970115986	0.021468392412066967	0.4133742340243107	0.4133742340243107	-0.0016987452312624285	0.047310927523390875	-0.03270936618341552	0.9109726546161282	0.9436820207995438	30	13	1.0	13.0	0.3228062645540996	False	1	0.7083333333333334	True	False	False	3	13	Mi14	False	False
move_probability	plus	unhappy_fraction	primary_discovery	schelling	micro	0.024025041696825806	-0.01008660600255428	-0.4198371902882867	-0.4198371902882867	-0.010802203065134101	-0.009341554916985953	-0.44962265628705606	-0.388825752515558	0.060796903771498045	15	1	1.0	1.0	-0.0010036467210033364	True	-1	1.0	True	True	True	3	14	Mi15	False	True
move_probability	plus	unhappy_local_similarity_mean	primary_discovery	schelling	micro	0.2054922030679523	-0.1158507007028315	-0.5637717586030352	-0.5637717586030352	-0.14885124803144906	-0.08642434296693063	-0.7243644567002225	-0.4205723705164219	0.30379208618380066	68	17	14.0	17.0	-0.03379419919960686	True	-1	0.9583333333333334	True	True	True	3	15	Mi16	False	True
move_probability	plus	meso_district_boundary_fraction_std	primary_discovery	schelling	meso	0.02251192939332999	0.0007004057282631555	0.03111264770005352	0.03111264770005352	-0.008202387205098945	0.009282805828874618	-0.36435736190293905	0.412350521658308	0.7767078835612471	24	1	1.0	1.0	0.09704148796484069	False	1	0.4166666666666667	True	False	False	3	16	Me01	False	False
move_probability	plus	meso_district_destination_similarity_std	primary_discovery	schelling	meso	0.002547082688080282	-0.0008004949516023208	-0.31427913799125545	-0.31427913799125545	-0.0008589951054387348	-0.0007440654098485041	-0.33724665063235665	-0.29212456012148585	0.045122090510870794	28	0	0.0	0.0	-0.0040763864898035514	True	-1	1.0	True	True	True	3	17	Me02	False	True
move_probability	plus	meso_district_group_entropy_mean	primary_discovery	schelling	meso	0.047964483704550046	-0.009487793437561967	-0.19780872647362466	-0.19780872647362466	-0.027563774674838854	0.00875715566683961	-0.5746705175568079	0.1825758350862616	0.7572463526430695	15	3	2.0	3.0	-0.09270046528701341	False	-1	0.6666666666666666	True	False	False	3	18	Me03	False	False
move_probability	plus	meso_district_local_similarity_std	primary_discovery	schelling	meso	0.007134236954473445	-0.0014027327431221012	-0.19661987008190593	-0.19661987008190593	-0.004300352544422181	0.0011658758966396968	-0.6027768031626273	0.1634198449083818	0.7661966480710091	24	14	1.0	11.0	-0.007419210639517063	False	-1	0.5833333333333334	True	False	False	3	19	Me04	False	False
move_probability	plus	meso_district_move_distance_std	primary_discovery	schelling	meso	0.00178251365343307	-0.0005550019282228078	-0.31135914563901945	-0.31135914563901945	-0.0005954554342826209	-0.0005102573005562411	-0.33405378586345796	-0.28625716250391703	0.047796623359540935	28	17	0.0	14.0	-0.004383491106362613	True	-1	1.0	True	True	True	3	20	Me05	False	True
move_probability	plus	meso_district_move_fraction_std	primary_discovery	schelling	meso	0.0031904991329334506	-0.0010177498055233944	-0.3189939138418262	-0.3189939138418262	-0.0010983145447524853	-0.0009394848193973374	-0.34424536694440616	-0.2944632736927103	0.04978209325169586	28	0	0.0	0.0	-0.00650260041357239	True	-1	1.0	True	True	True	3	21	Me06	False	True
move_probability	plus	meso_district_neighbour_count_std	primary_discovery	schelling	meso	0.06731763584025327	0.0011403980724966855	0.016940554406914873	0.016940554406914873	-0.04438727285666516	0.04145104193507435	-0.6593706434075829	0.6157530848742055	1.2751237282817884	19	-1	1.0	7.0	-0.030134727841700595	False	1	0.5	True	False	False	3	22	Me07	False	False
move_probability	plus	meso_district_unhappy_fraction_std	primary_discovery	schelling	meso	0.00932837309202597	-0.005062345348721999	-0.5426825555518751	-0.5426825555518751	-0.005500000516279896	-0.004616352969824377	-0.589599114660345	-0.49487224881372976	0.09472686584661522	19	3	1.0	3.0	-0.007451930082715767	True	-1	1.0	True	True	True	3	23	Me08	False	True
move_probability	plus	macro_global_connected_components	primary_discovery	schelling	macro	7.895010372044127	-2.639080459770115	-0.33427194334221255	-0.33427194334221255	-3.4373347701149424	-1.7736997126436782	-0.4353806528597339	-0.2246608464156384	0.21071980644409546	15	1	1.0	1.0	0.04661875516450536	True	-1	0.8333333333333334	True	True	True	3	24	Ma01	False	True
move_probability	plus	macro_global_moved_fraction	primary_discovery	schelling	macro	0.0027006126711664885	-0.0007527139208173692	-0.2787196878892839	-0.2787196878892839	-0.0008074113984674329	-0.0006928280651340995	-0.29897341706490765	-0.2565447731661731	0.042428643898734575	18	0	0.0	0.0	-0.002678576003707991	True	-1	1.0	True	True	True	3	25	Ma02	False	True
move_probability	plus	macro_global_spatial_neighbor_similarity	primary_discovery	schelling	macro	0.027719029910650412	0.01242475997137918	0.4482393507792006	0.4482393507792006	0.009420509392039816	0.015429443314559914	0.33985710980528205	0.5566372042706841	0.21678009446540203	15	1	1.0	1.0	0.048416610188005006	True	1	1.0	True	True	True	3	26	Ma03	False	True
move_probability	plus	macro_global_unhappy_fraction	primary_discovery	schelling	macro	0.024025041696825806	-0.01008660600255428	-0.4198371902882867	-0.4198371902882867	-0.010802203065134101	-0.009341554916985953	-0.44962265628705606	-0.388825752515558	0.060796903771498045	15	1	1.0	1.0	-0.0010036467210033364	True	-1	1.0	True	True	True	3	27	Ma04	False	True
tolerance	minus	boundary_fraction	primary_discovery	schelling	micro	0.0864639518203011	0.23411598020434224	2.707671524092582	2.707671524092582	0.2183965317688378	0.2486511314655173	2.52586803137027	2.8757780118851306	0.34990998051486066	138	3	2.0	3.0	2.9239509957874943	True	1	1.0	True	True	True	4	0	Mi01	False	True
tolerance	minus	local_similarity_entropy	primary_discovery	schelling	micro	0.16259623167181467	0.5770107446497206	3.5487338096147454	3.5487338096147454	0.5464597298410132	0.6078660623415681	3.36083883508439	3.7385003089646576	0.3776614738802677	99	5	4.47500000000001	5.0	3.9737691544787856	True	1	1.0	True	True	True	4	1	Mi02	False	True
tolerance	minus	mean_destination_similarity_movers	primary_discovery	schelling	micro	0.36592709142147856	-0.05724170691106965	-0.15642926761368994	-0.15642926761368994	-0.06752288037217048	-0.04752378268272631	-0.18452550236133494	-0.12987227181818012	0.054653230543154824	69	-1	4.3750000000000515	40.0	-0.00706014617845034	False	-1	1.0	True	False	True	4	2	Mi03	False	False
tolerance	minus	mean_local_similarity	primary_discovery	schelling	micro	0.029033925723369405	-0.09045775522445809	-3.1155881600829702	-3.1155881600829702	-0.09566431056793735	-0.08482909464073934	-3.2949147655543234	-2.9217232092200476	0.3731915563342758	146	1	1.0	1.0	-3.2515598153346588	True	-1	1.0	True	True	True	4	3	Mi04	False	True
tolerance	minus	mean_move_distance	primary_discovery	schelling	micro	0.2504695415770918	-0.04754342226835693	-0.18981718083962548	-0.18981718083962548	-0.05396833596781396	-0.04052059799998588	-0.21546865789748373	-0.16177854498733166	0.05369011291015208	69	-1	23.0	32.0	-0.00785561657471994	False	-1	1.0	True	False	True	4	4	Mi05	False	False
tolerance	minus	mean_neighbour_count	primary_discovery	schelling	micro	0.032988165455567514	-0.07636095146871019	-2.314798365236843	-2.314798365236843	-0.08799740581098349	-0.06592879948914444	-2.667544696582449	-1.9985591371531526	0.6689855594292964	76	3	1.0	3.0	-2.3694430765540457	True	-1	1.0	True	True	True	4	5	Mi06	False	True
tolerance	minus	move_distance_std	primary_discovery	schelling	micro	0.0168366801564847	-0.003642132274181604	-0.21632128426332461	-0.21632128426332461	-0.004058162983299176	-0.003248306489247667	-0.2410310670263676	-0.19293034369347284	0.04810072333289475	17	0	0.0	0.0	-0.00435221814107915	True	-1	1.0	True	True	True	4	6	Mi07	False	True
tolerance	minus	moved_fraction	primary_discovery	schelling	micro	0.0027006126711664885	-0.0005707215836526182	-0.2113304102235822	-0.2113304102235822	-0.0006328124999999999	-0.000506066411238825	-0.23432182880437508	-0.1873894826318197	0.04693234617255537	15	0	0.0	0.0	-0.002678576003707991	True	-1	1.0	True	True	True	4	7	Mi08	False	True
tolerance	minus	quantile_25_local_similarity	primary_discovery	schelling	micro	0.06742858603852442	-0.17834896329233704	-2.6450052384375926	-2.6450052384375926	-0.19584843194561785	-0.16197908285534246	-2.9045312003683788	-2.4022316404914363	0.5022995598769424	121	4	2.0	4.0	-2.92049107887108	True	-1	1.0	True	True	True	4	8	Mi09	False	True
tolerance	minus	quantile_75_local_similarity	primary_discovery	schelling	micro	0.0	-0.001237941284974416	NA	NA	-0.0019097328905401559	-0.0006195799955006309	NA	NA	NA	-1	-1	NA	NA	NA	False	0	NA	True	False	False	4	9	Mi10	True	False
tolerance	minus	relocation_response_fraction	primary_discovery	schelling	micro	0.13816809961797205	-0.013369956379855484	-0.0967658701018741	-0.0967658701018741	-0.0182345121914298	-0.008658444113276967	-0.1319733877924595	-0.06266601434931171	0.0693073734431478	69	-1	26.0	96.72499999999997	-0.037695628352232655	False	-1	0.9166666666666666	True	False	True	4	10	Mi11	False	False
tolerance	minus	std_destination_similarity	primary_discovery	schelling	micro	0.024247064045500456	-0.004635177986915813	-0.19116450462694123	-0.19116450462694123	-0.005194138229193016	-0.00407464966690101	-0.21421720252175833	-0.16804713590291953	0.046170066618838795	17	0	0.0	0.0	-0.003968085874374739	True	-1	1.0	True	True	True	4	11	Mi12	False	True
tolerance	minus	std_local_similarity	primary_discovery	schelling	micro	0.024822544438355097	0.05341582362936146	2.1519076645029522	2.1519076645029522	0.051436638581277484	0.05524402416107811	2.0721742974019635	2.2255584756136693	0.1533841782117058	146	1	1.0	1.0	2.502428428837998	True	1	1.0	True	True	True	4	12	Mi13	False	True
tolerance	minus	std_neighbour_count	primary_discovery	schelling	micro	0.051934519970115986	-0.08731575275745447	-1.6812661945792018	-1.6812661945792018	-0.10735442247695247	-0.06683743720338174	-2.0671110956397794	-1.2869559060494091	0.7801551895903702	138	2	1.0	2.0	-1.825027415370806	True	-1	0.9583333333333334	True	True	True	4	13	Mi14	False	True
tolerance	minus	unhappy_fraction	primary_discovery	schelling	micro	0.024025041696825806	-0.0057143997445721585	-0.23785181381504725	-0.23785181381504725	-0.006348339719029373	-0.005072158365261814	-0.2642384474973926	-0.21111964879261577	0.05311879870477684	15	0	0.0	0.0	-0.0010036467210033364	True	-1	1.0	True	True	True	4	14	Mi15	False	True
tolerance	minus	unhappy_local_similarity_mean	primary_discovery	schelling	micro	0.2054922030679523	-0.11476377472547794	-0.5584823804119118	-0.5584823804119118	-0.14980604225179606	-0.0805750489972375	-0.729010833575316	-0.39210757291162474	0.3369032606636913	69	0	0.0	0.0	-0.03379419919960686	True	-1	0.875	True	True	True	4	15	Mi16	False	True
tolerance	minus	meso_district_boundary_fraction_std	primary_discovery	schelling	meso	0.02251192939332999	0.009205434370348568	0.4089136124012554	0.4089136124012554	-0.000274560885175044	0.018320957180862005	-0.012196239619354569	0.8138332730507886	0.8260295126701431	98	3	1.0	3.0	0.5911717931272243	False	1	0.5833333333333334	True	False	False	4	16	Me01	False	False
tolerance	minus	meso_district_destination_similarity_std	primary_discovery	schelling	meso	0.002547082688080282	-0.0004755700593089293	-0.18671166881800882	-0.18671166881800882	-0.0005419705402570495	-0.0004123758874953956	-0.21278089745312853	-0.16190125645516457	0.050879640997963965	27	0	0.0	0.0	-0.0040763864898035514	True	-1	1.0	True	True	True	4	17	Me02	False	True
tolerance	minus	meso_district_group_entropy_mean	primary_discovery	schelling	meso	0.047964483704550046	0.04604863739997087	0.9600569805696164	0.9600569805696164	0.03394707475964357	0.05895856661404308	0.7077544077978526	1.2292129938730083	0.5214585860751557	138	6	3.0	6.0	1.0651873999191286	True	1	1.0	True	True	True	4	18	Me03	False	True
tolerance	minus	meso_district_local_similarity_std	primary_discovery	schelling	meso	0.007134236954473445	0.009759367496025633	1.3679623424767424	1.3679623424767424	0.006407818045103763	0.013036644488385466	0.8981784717825795	1.8273355050550963	0.9291570332725169	138	31	1.0	12.0	1.6095171175917693	True	1	0.8333333333333334	True	True	True	4	19	Me04	False	True
tolerance	minus	meso_district_move_distance_std	primary_discovery	schelling	meso	0.00178251365343307	-0.000382442862618344	-0.2145525572170345	-0.2145525572170345	-0.0004269482336801289	-0.0003410124147033591	-0.23952031607603058	-0.19130984721860558	0.048210468857425	28	0	0.0	0.0	-0.004383491106362613	True	-1	1.0	True	True	True	4	20	Me05	False	True
tolerance	minus	meso_district_move_fraction_std	primary_discovery	schelling	meso	0.0031904991329334506	-0.0006681202107377968	-0.20940930647534917	-0.20940930647534917	-0.000751692464610564	-0.0005833401109555911	-0.2356034066429703	-0.18283663046140644	0.05276677618156386	20	0	0.0	0.0	-0.00650260041357239	True	-1	1.0	True	True	True	4	21	Me06	False	True
tolerance	minus	meso_district_neighbour_count_std	primary_discovery	schelling	meso	0.06731763584025327	-0.020522523460688877	-0.30486102496809947	-0.30486102496809947	-0.04572938386120187	0.005444073913196186	-0.6793076329911383	0.0808714365150186	0.7601790695061569	83	-1	1.0	8.0	-0.3701467119004375	False	-1	0.625	True	False	False	4	22	Me07	False	False
tolerance	minus	meso_district_unhappy_fraction_std	primary_discovery	schelling	meso	0.00932837309202597	-0.002520030522304366	-0.27014684098114866	-0.27014684098114866	-0.0030158308842972025	-0.002087658285170972	-0.32329655498826254	-0.2237966111106269	0.09949994387763564	18	0	0.0	0.0	-0.007451930082715767	True	-1	1.0	True	True	True	4	23	Me08	False	True
tolerance	minus	macro_global_connected_components	primary_discovery	schelling	macro	7.895010372044127	13.42212643678161	1.7000771125404406	1.7000771125404406	11.796422413793103	15.175905172413794	1.4941617373377618	1.9222147226241755	0.42805298528641367	16	2	1.0	2.0	1.6140644476767418	True	1	1.0	True	True	True	4	24	Ma01	False	True
tolerance	minus	macro_global_moved_fraction	primary_discovery	schelling	macro	0.0027006126711664885	-0.0005707215836526182	-0.2113304102235822	-0.2113304102235822	-0.0006328124999999999	-0.000506066411238825	-0.23432182880437508	-0.1873894826318197	0.04693234617255537	15	0	0.0	0.0	-0.002678576003707991	True	-1	1.0	True	True	True	4	25	Ma02	False	True
tolerance	minus	macro_global_spatial_neighbor_similarity	primary_discovery	schelling	macro	0.027719029910650412	-0.092582317409084	-3.340027328067182	-3.340027328067182	-0.09768858669611286	-0.08683256986281056	-3.5242426236056055	-3.13259771870469	0.3916449049009154	146	1	1.0	1.0	-3.4324988944105175	True	-1	1.0	True	True	True	4	26	Ma03	False	True
tolerance	minus	macro_global_unhappy_fraction	primary_discovery	schelling	macro	0.024025041696825806	-0.0057143997445721585	-0.23785181381504725	-0.23785181381504725	-0.006348339719029373	-0.005072158365261814	-0.2642384474973926	-0.21111964879261577	0.05311879870477684	15	0	0.0	0.0	-0.0010036467210033364	True	-1	1.0	True	True	True	4	27	Ma04	False	True
tolerance	plus	boundary_fraction	primary_discovery	schelling	micro	0.0864639518203011	-0.12983876117496806	-1.5016519421274346	-1.5016519421274346	-0.14241398267879948	-0.11962779374201787	-1.6470908358986402	-1.3835568606746258	0.26353397522401445	153	7	4.0	7.0	-1.800669462908236	True	-1	1.0	True	True	True	5	0	Mi01	False	True
tolerance	plus	local_similarity_entropy	primary_discovery	schelling	micro	0.16259623167181467	-0.46758948395983574	-2.8757707306748745	-2.8757707306748745	-0.49549062054582926	-0.4439238969181377	-3.0473684134693286	-2.7302225417754866	0.317145871693842	136	11	7.0	11.0	-3.698812685458829	True	-1	1.0	True	True	True	5	1	Mi02	False	True
tolerance	plus	mean_destination_similarity_movers	primary_discovery	schelling	micro	0.36592709142147856	0.11692736384651647	0.3195373247504059	0.3195373247504059	0.09743466579166887	0.13355676965085275	0.2662679754406121	0.3649819124679695	0.09871393702735742	81	49	8.0	46.0	0.0919400455297763	True	1	1.0	True	True	True	5	2	Mi03	False	True
tolerance	plus	mean_local_similarity	primary_discovery	schelling	micro	0.029033925723369405	0.03968312257322772	1.3667846005849211	1.3667846005849211	0.03744076524572126	0.042313749327741824	1.289552284539503	1.4573898731745907	0.16783758863508758	153	5	2.0	5.0	1.6054771939653352	True	1	1.0	True	True	True	5	3	Mi04	False	True
tolerance	plus	mean_move_distance	primary_discovery	schelling	micro	0.2504695415770918	0.08396064610788401	0.3352129986713049	0.3352129986713049	0.0687405043071445	0.0976296201401989	0.27444656094436504	0.38978639688271066	0.11533983593834563	63	58	23.0	45.0	0.09773310842166727	True	1	1.0	True	True	True	5	4	Mi05	False	True
tolerance	plus	mean_neighbour_count	primary_discovery	schelling	micro	0.032988165455567514	0.08765325670498081	2.657112194463888	2.657112194463888	0.07266738505747128	0.10302254948914429	2.2028319566709027	3.1230154228463425	0.9201834661754398	155	17	1.0	12.0	3.3044725630816565	True	1	1.0	True	True	True	5	5	Mi06	False	True
tolerance	plus	move_distance_std	primary_discovery	schelling	micro	0.0168366801564847	0.007955192706391119	0.4724917639613859	0.4724917639613859	0.007004882339479291	0.008798744177926485	0.4160489047944133	0.522593771227377	0.10654486643296374	46	0	0.0	0.0	0.05543131284121767	True	1	1.0	True	True	True	5	6	Mi07	False	True
tolerance	plus	moved_fraction	primary_discovery	schelling	micro	0.0027006126711664885	0.001618374840357599	0.5992621073123257	0.5992621073123257	0.0014569264846743296	0.0017744452426564493	0.5394799854971547	0.6570528464157745	0.11757286091861985	15	0	0.0	0.0	0.02410718403337192	True	1	1.0	True	True	True	5	7	Mi08	False	True
tolerance	plus	quantile_25_local_similarity	primary_discovery	schelling	micro	0.06742858603852442	0.11182531424123665	1.658425911190645	1.658425911190645	0.09489051591637063	0.1261196690447757	1.4072742955362614	1.8704184153100725	0.4631441197738111	50	11	8.0	11.0	1.691972354489686	True	1	1.0	True	True	True	5	8	Mi09	False	True
tolerance	plus	quantile_75_local_similarity	primary_discovery	schelling	micro	0.0	0.0	NA	NA	0.0	0.0	NA	NA	NA	-1	-1	NA	NA	NA	False	0	NA	True	False	False	5	9	Mi10	True	False
tolerance	plus	relocation_response_fraction	primary_discovery	schelling	micro	0.13816809961797205	0.021880755789966205	0.15836329695830956	0.15836329695830956	0.014814636550248873	0.027475325783695444	0.10722183044574407	0.1988543365629502	0.09163250611720614	69	-1	40.47500000000001	104.0	0.21360856066265174	False	1	0.9166666666666666	True	False	True	5	10	Mi11	False	False
tolerance	plus	std_destination_similarity	primary_discovery	schelling	micro	0.024247064045500456	0.0108368219969655	0.4469333679586868	0.4469333679586868	0.00968864119277154	0.01186009136114561	0.3995799728408547	0.4891351521524313	0.08955517931157658	15	0	0.0	0.0	0.0525178631753313	True	1	1.0	True	True	True	5	11	Mi12	False	True
tolerance	plus	std_local_similarity	primary_discovery	schelling	micro	0.024822544438355097	-0.04279641882976753	-1.7240947613589404	-1.7240947613589404	-0.0446802455371235	-0.04086074798234107	-1.7999865262839392	-1.646114405548377	0.15387212073556222	153	2	1.0	2.0	-2.4306645081095892	True	-1	1.0	True	True	True	5	12	Mi13	False	True
tolerance	plus	std_neighbour_count	primary_discovery	schelling	micro	0.051934519970115986	0.13414256580517908	2.5829172173415107	2.5829172173415107	0.11313151582974408	0.1534878902275191	2.178349119137751	2.9554117437850334	0.7770626246472823	155	12	1.0	9.0	2.9849021384132137	True	1	1.0	True	True	True	5	13	Mi14	False	True
tolerance	plus	unhappy_fraction	primary_discovery	schelling	micro	0.024025041696825806	0.01636294699872286	0.6810788178937784	0.6810788178937784	0.014373124201787997	0.01826079581736909	0.5982559524001566	0.7600734287084175	0.16181747630826093	15	0	0.0	0.0	0.023987156631979742	True	1	1.0	True	True	True	5	14	Mi15	False	True
tolerance	plus	unhappy_local_similarity_mean	primary_discovery	schelling	micro	0.2054922030679523	0.18653224111506883	0.9077339107284095	0.9077339107284095	0.14286175853616498	0.22375772613015643	0.6952174165407305	1.0888866963782762	0.3936692798375456	104	0	0.0	0.0	0.6629764948665419	True	1	0.9583333333333334	True	True	True	5	15	Mi16	False	True
tolerance	plus	meso_district_boundary_fraction_std	primary_discovery	schelling	meso	0.02251192939332999	-0.027555532403711638	-1.2240413481341144	-1.2240413481341144	-0.03625076226974998	-0.01946265460192595	-1.6102912209955065	-0.8645484916851461	0.7457427293103603	147	35	2.0	24.0	-1.6401198650372093	True	-1	0.9166666666666666	True	True	True	5	16	Me01	False	True
tolerance	plus	meso_district_destination_similarity_std	primary_discovery	schelling	meso	0.002547082688080282	0.0011913635572829088	0.46773650610488465	0.46773650610488465	0.0010726233101763262	0.0013061863826430767	0.42111837012435394	0.5128166387199389	0.09169826859558494	15	0	0.0	0.0	0.052503042011777724	True	1	1.0	True	True	True	5	17	Me02	False	True
tolerance	plus	meso_district_group_entropy_mean	primary_discovery	schelling	meso	0.047964483704550046	-0.01232912730389805	-0.257047013783002	-0.257047013783002	-0.030954338597574085	0.006825449911725776	-0.6453595703905736	0.14230216578101718	0.7876617361715907	153	-1	7.0	83.0	-0.3680457444241087	False	-1	0.5833333333333334	True	False	False	5	18	Me03	False	False
tolerance	plus	meso_district_local_similarity_std	primary_discovery	schelling	meso	0.007134236954473445	-0.010314858099824686	-1.445824993709645	-1.445824993709645	-0.012573699404736748	-0.008147525696546283	-1.7624448816285176	-1.1420318316505405	0.6204130499779772	148	34	2.0	8.0	-1.9531306957089605	True	-1	0.9583333333333334	True	True	True	5	19	Me04	False	True
tolerance	plus	meso_district_move_distance_std	primary_discovery	schelling	meso	0.00178251365343307	0.0008677082758293981	0.4867891329517824	0.4867891329517824	0.0007649033286837669	0.0009591009085103688	0.42911499006506076	0.53806090442178	0.10894591435671924	34	0	0.0	0.0	0.05518481510727732	True	1	1.0	True	True	True	5	20	Me05	False	True
tolerance	plus	meso_district_move_fraction_std	primary_discovery	schelling	meso	0.0031904991329334506	0.0016722603601834602	0.5241375378923637	0.5241375378923637	0.0014802219128762894	0.0018411761446707885	0.46394681559287065	0.5770809105276108	0.11313409493474014	15	0	0.0	0.0	0.0563596641965324	True	1	1.0	True	True	True	5	21	Me06	False	True
tolerance	plus	meso_district_neighbour_count_std	primary_discovery	schelling	meso	0.06731763584025327	0.03729419100779946	0.5540032792639907	0.5540032792639907	0.006745325006579956	0.06572940719530039	0.1002014542309063	0.976406945592656	0.8762054913617496	35	31	1.0	23.049999999999955	0.6312662021645116	True	1	0.75	True	True	True	5	22	Me07	False	True
tolerance	plus	meso_district_unhappy_fraction_std	primary_discovery	schelling	meso	0.00932837309202597	0.007655831877256347	0.820703867837433	0.820703867837433	0.006592283997568595	0.008695114462477366	0.7066917170373231	0.9321147832208895	0.22542306618356633	15	2	1.0	2.0	0.14996263715223845	True	1	1.0	True	True	True	5	23	Me08	False	True
tolerance	plus	macro_global_connected_components	primary_discovery	schelling	macro	7.895010372044127	-1.1362068965517242	-0.14391455400425834	-0.14391455400425834	-1.7802011494252874	-0.4539655172413796	-0.22548433320985858	-0.057500306630229515	0.16798402657962908	26	76	1.0	20.0	-0.23221417666847954	False	-1	0.6666666666666666	True	False	True	5	24	Ma01	False	False
tolerance	plus	macro_global_moved_fraction	primary_discovery	schelling	macro	0.0027006126711664885	0.001618374840357599	0.5992621073123257	0.5992621073123257	0.0014569264846743296	0.0017744452426564493	0.5394799854971547	0.6570528464157745	0.11757286091861985	15	0	0.0	0.0	0.02410718403337192	True	1	1.0	True	True	True	5	25	Ma02	False	True
tolerance	plus	macro_global_spatial_neighbor_similarity	primary_discovery	schelling	macro	0.027719029910650412	0.03203496748572815	1.1557030527038552	1.1557030527038552	0.03036787384455811	0.03391911466733059	1.095560484708375	1.2236761090364827	0.12811562432810764	153	2	1.0	2.0	1.2999270547239619	True	1	1.0	True	True	True	5	26	Ma03	False	True
tolerance	plus	macro_global_unhappy_fraction	primary_discovery	schelling	macro	0.024025041696825806	0.01636294699872286	0.6810788178937784	0.6810788178937784	0.014373124201787997	0.01826079581736909	0.5982559524001566	0.7600734287084175	0.16181747630826093	15	0	0.0	0.0	0.023987156631979742	True	1	1.0	True	True	True	5	27	Ma04	False	True
assimilation_strength	minus	micro_accepted_count	primary_discovery	deffuant	micro	21.49190901251589	-1.5765873015873015	-0.07335724810063034	-0.07335724810063034	-2.431190476190476	-0.8049305555555555	-0.11312119713398486	-0.037452724887621726	0.07566847224636314	30	-1	3.0	25.0	0.004927564960195246	False	-1	0.7916666666666666	True	False	True	0	0	Mi01	False	False
assimilation_strength	minus	micro_accepted_fraction	primary_discovery	deffuant	micro	0.08954962088548292	-0.006569113756613755	-0.07335724810063031	-0.07335724810063031	-0.010129960317460315	-0.0033538773148148134	-0.11312119713398477	-0.0374527248876217	0.07566847224636308	30	-1	3.0	25.0	0.004927564960195286	False	-1	0.7916666666666666	True	False	True	0	1	Mi02	False	False
assimilation_strength	minus	micro_agent_shift_std	primary_discovery	deffuant	micro	0.006435784645178799	-0.0010241101394289187	-0.1591274717677361	-0.1591274717677361	-0.0013248054819303516	-0.0007295836674547037	-0.20584987767152765	-0.11336359242555644	0.09248628524597122	15	0	0.0	0.0	0.17227756628002222	True	-1	0.9583333333333334	True	True	True	0	2	Mi03	False	True
assimilation_strength	minus	micro_backfire_fraction	primary_discovery	deffuant	micro	0.07480579928965946	-0.0011127645502645503	-0.014875378123502913	-0.014875378123502913	-0.002791087962962963	0.00018183697089947028	-0.03731111744632853	0.002430787086377753	0.03974190453270628	18	-1	7.0	20.399999999999977	0.030364116934862007	False	-1	0.5833333333333334	True	False	False	0	3	Mi04	False	False
assimilation_strength	minus	micro_edge_rewired_count	primary_discovery	deffuant	micro	3.677555499265583	0.20793650793650795	0.056542044838761345	0.056542044838761345	0.11623015873015874	0.31350198412698393	0.031605276590216023	0.08524738353767632	0.05364210694746029	40	-1	3.0	53.0	-0.019355399414032092	False	1	0.7916666666666666	True	False	True	0	4	Mi05	False	False
assimilation_strength	minus	micro_extreme_agent_fraction	primary_discovery	deffuant	micro	0.012188124188530679	0.014259259259259258	1.1699305847800245	1.1699305847800245	0.010161541005291009	0.018437500000000002	0.8337247674956632	1.5127430369761194	0.6790182694804563	48	8	2.0	5.524999999999977	-0.2961624197469725	True	1	0.9166666666666666	True	True	True	0	5	Mi06	False	True
assimilation_strength	minus	micro_interaction_distance_std	primary_discovery	deffuant	micro	0.09145138327088546	0.0042839333865909825	0.046843833667356005	0.046843833667356005	0.00021611786894648095	0.0077959829310162146	0.0023631995626170544	0.08524729372243568	0.08288409415981862	91	-1	27.0	108.0	0.06501601909902086	False	1	0.7083333333333334	True	False	True	0	6	Mi07	False	False
assimilation_strength	minus	micro_mean_abs_agent_shift	primary_discovery	deffuant	micro	0.005179132591381664	-0.0004466202640180849	-0.08623456846061121	-0.08623456846061121	-0.0006512822683786227	-0.0002424841452607482	-0.12575122511101358	-0.046819451130533714	0.07893177398047987	15	0	0.0	0.0	0.2061098471699042	False	-1	0.8333333333333334	True	False	True	0	7	Mi08	False	False
assimilation_strength	minus	micro_mean_abs_opinion	primary_discovery	deffuant	micro	0.061372898367936	-0.004965579221922335	-0.08090833827259132	-0.08090833827259132	-0.012572774604426514	0.0011453417756420677	-0.2048587395865127	0.01866201216008476	0.22352075174659747	90	-1	30.0	88.0	-0.11647615270257493	False	-1	0.5833333333333334	True	False	False	0	8	Mi09	False	False
assimilation_strength	minus	micro_mean_interaction_distance	primary_discovery	deffuant	micro	0.09393658525069876	0.027047061697129043	0.2879289429666367	0.2879289429666367	0.024350494499570535	0.030212288722941016	0.25922269193183606	0.32162430263257075	0.06240161070073469	46	3	2.0	3.0	0.18615521526140047	True	1	1.0	True	True	True	0	9	Mi10	False	True
assimilation_strength	minus	micro_median_opinion	primary_discovery	deffuant	micro	0.43596448285522904	0.0416559665299867	0.09554899118655824	0.09554899118655824	-0.03959043894491585	0.13400532633834078	-0.09081115664659009	0.307376705232293	0.3981878618788831	118	-1	19.0	104.0	0.21042035042123042	False	1	0.375	True	False	False	0	10	Mi11	False	False
assimilation_strength	minus	micro_opinion_p25	primary_discovery	deffuant	micro	0.07051284178506201	-0.003572691787802985	-0.05066725006904843	-0.05066725006904843	-0.012634952854039884	0.006291982493998981	-0.17918655005500816	0.0892317248137335	0.26841827486874165	37	-1	14.0	95.20000000000005	-0.04972034932685352	False	-1	0.6666666666666666	True	False	False	0	11	Mi12	False	False
assimilation_strength	minus	micro_opinion_std	primary_discovery	deffuant	micro	0.054090584741157334	0.0014944319805455589	0.027628319932146175	0.027628319932146175	-0.004809267008233638	0.006450821238436865	-0.08891135178603982	0.11925959516441421	0.20817094695045402	18	6	4.0	6.0	-0.11390587198544673	False	1	0.5	True	False	False	0	12	Mi13	False	False
assimilation_strength	minus	micro_rejected_fraction	primary_discovery	deffuant	micro	0.01951843275680681	0.007681878306878307	0.39357044710463995	0.39357044710463995	0.0052903439153439155	0.010476562499999998	0.27104347881102153	0.536752239820404	0.26570876100938245	18	4	1.0	4.0	-0.13898009358180155	True	1	0.875	True	True	True	0	13	Mi14	False	True
assimilation_strength	minus	micro_rewiring_fraction	primary_discovery	deffuant	micro	0.015323147913606642	0.0008664021164021164	0.056542044838761164	0.056542044838761164	0.0004842923280423281	0.0013062582671957662	0.031605276590215926	0.08524738353767608	0.053642106947460154	40	-1	3.0	53.0	-0.019355399414032033	False	1	0.7916666666666666	True	False	True	0	14	Mi15	False	False
assimilation_strength	minus	micro_sign_flip_fraction	primary_discovery	deffuant	micro	0.0016862515785484402	0.0002232142857142857	0.13237306256901069	0.13237306256901069	1.6534391534391524e-06	0.0004613095238095238	0.0009805412042148904	0.2735709959759554	0.27259045477174054	19	4	0.0	4.0	0.05147841322128193	False	1	0.75	True	False	True	0	15	Mi16	False	False
assimilation_strength	minus	meso_neighborhood_abs_opinion_std	primary_discovery	deffuant	meso	0.033676928800425436	0.028454328091091847	0.8449205169425184	0.8449205169425184	0.02541042033555786	0.03178394273327978	0.7545349662418402	0.9437898248274426	0.18925485858560231	48	2	2.0	2.0	0.47198611761584003	True	1	1.0	True	True	True	0	16	Me01	False	True
assimilation_strength	minus	meso_neighborhood_abs_opinion_variance	primary_discovery	deffuant	meso	0.0049005732730677655	0.003944239442243168	0.8048526616099485	0.8048526616099485	0.003357224791488306	0.004584672489342728	0.6850677674668618	0.9355379940014072	0.2504702265345454	31	1	1.0	1.0	0.14390604478038888	True	1	1.0	True	True	True	0	17	Me02	False	True
assimilation_strength	minus	meso_neighborhood_agent_shift_std	primary_discovery	deffuant	meso	0.005749349796939266	-0.0007323985012389162	-0.12738805727715807	-0.12738805727715807	-0.0009815843321453618	-0.00048771096229354116	-0.17072962453387677	-0.08482889013870404	0.08590073439517273	15	0	0.0	0.0	0.17689645660833708	False	-1	0.875	True	False	True	0	18	Me03	False	False
assimilation_strength	minus	meso_neighborhood_agent_shift_variance	primary_discovery	deffuant	meso	0.00014348419791139914	-4.177498791884328e-05	-0.29114695922570616	-0.29114695922570616	-4.9504830307623206e-05	-3.5950892180109935e-05	-0.34501938909114027	-0.2505564564141722	0.09446293267696809	15	0	0.0	0.0	0.06541384781720926	True	-1	1.0	True	True	True	0	19	Me04	False	True
assimilation_strength	minus	meso_neighborhood_interaction_distance_std	primary_discovery	deffuant	meso	0.10350040939166666	0.011547105274324987	0.11156579323883042	0.11156579323883042	0.008663667778821924	0.014289589110807853	0.08370660396169871	0.13806311680114358	0.05435651283944487	91	-1	29.0	88.0	0.12643717027976406	False	1	0.9583333333333334	True	False	True	0	20	Me05	False	False
assimilation_strength	minus	meso_neighborhood_interaction_distance_variance	primary_discovery	deffuant	meso	0.0433023837869502	0.002252509712359779	0.05201814577789146	0.05201814577789146	0.00019628584811219227	0.003973576379965381	0.004532910914972438	0.09176345578376394	0.0872305448687915	91	-1	26.300000000000008	97.0	0.045540951833501396	False	1	0.6666666666666666	True	False	True	0	21	Me06	False	False
assimilation_strength	minus	meso_neighborhood_opinion_std	primary_discovery	deffuant	meso	0.10815710020827826	0.022222525986622454	0.20546525326426568	0.20546525326426568	0.01934735381170652	0.025509764759499058	0.1788819575825285	0.23585843842313517	0.056976480840606664	66	23	10.0	23.0	0.20027738365901263	True	1	1.0	True	True	True	0	22	Me07	False	True
assimilation_strength	minus	meso_neighborhood_opinion_variance	primary_discovery	deffuant	meso	0.046635383424417025	0.006955682485783629	0.1491503226741312	0.1491503226741312	0.005280039409473105	0.008622577351111948	0.11321959897747125	0.18489345895668993	0.07167385997921868	29	7	5.0	7.0	0.08395177824438778	True	1	0.9166666666666666	True	True	True	0	23	Me08	False	True
assimilation_strength	minus	macro_network_assortativity	primary_discovery	deffuant	macro	0.18270830261660898	-0.01575478339866254	-0.08622915966617033	-0.08622915966617033	-0.01940483624913931	-0.012264992275929306	-0.10620664726910625	-0.06712881735684388	0.03907782991226237	33	-1	17.0	44.82499999999999	-0.04836744050517291	False	-1	1.0	True	False	True	0	24	Ma01	False	False
assimilation_strength	minus	macro_network_largest_component_fraction	primary_discovery	deffuant	macro	0.001600556299678277	0.0002083333333333326	0.13016307728457227	0.13016307728457227	0.0	0.0006249999999999977	0.0	0.3904892318537168	0.3904892318537168	78	-1	78.0	78.0	0.3254076932114307	False	1	0.041666666666666664	True	False	False	0	25	Ma02	False	False
assimilation_strength	minus	macro_opinion_global_mean	primary_discovery	deffuant	macro	0.02981141988976378	0.001557965073521657	0.05226067994354771	0.05226067994354771	-0.0014935657139813151	0.004191309050536031	-0.05010045544640946	0.14059407656644973	0.19069453201285919	118	-1	23.65000000000002	114.44999999999999	0.09068314455013417	False	1	0.625	True	False	False	0	26	Ma03	False	False
assimilation_strength	minus	macro_opinion_global_variance	primary_discovery	deffuant	macro	0.05865438030214374	0.0009167411379397862	0.015629542639738377	0.015629542639738377	-0.006256531060392419	0.00664538410758333	-0.1066677548746304	0.11329732022316584	0.21996507509779623	31	9	5.47500000000001	9.0	-0.12321923294684696	False	1	0.5	True	False	False	0	27	Ma04	False	False
assimilation_strength	plus	micro_accepted_count	primary_discovery	deffuant	micro	21.49190901251589	0.8174603174603173	0.03803572390820501	0.03803572390820501	0.11002976190476228	1.5565079365079357	0.005119589974100767	0.07242297255220546	0.0673033825781047	21	-1	3.0	51.0	0.008966552632486439	False	1	0.625	True	False	True	1	0	Mi01	False	False
assimilation_strength	plus	micro_accepted_fraction	primary_discovery	deffuant	micro	0.08954962088548292	0.0034060846560846577	0.03803572390820501	0.03803572390820501	0.00045845734126984453	0.006485449735449733	0.005119589974100785	0.07242297255220544	0.06730338257810466	21	-1	3.0	51.0	0.008966552632486448	False	1	0.625	True	False	True	1	1	Mi02	False	False
assimilation_strength	plus	micro_agent_shift_std	primary_discovery	deffuant	micro	0.006435784645178799	0.0018959548759518103	0.294595761120148	0.294595761120148	0.0013139776065266536	0.002561975825777312	0.20416742929877027	0.39808290162358834	0.19391547232481807	17	0	0.0	0.0	0.050274495592547604	True	1	0.9583333333333334	True	True	True	1	2	Mi03	False	True
assimilation_strength	plus	micro_backfire_fraction	primary_discovery	deffuant	micro	0.07480579928965946	4.298941798941768e-05	0.0005746802841174974	0.0005746802841174974	-0.002360573743386243	0.0022769510582010565	-0.03155602594720955	0.03043816227916174	0.06199418822637129	26	-1	9.0	56.0	-0.003481236336480993	False	1	0.4583333333333333	True	False	False	1	3	Mi04	False	False
assimilation_strength	plus	micro_edge_rewired_count	primary_discovery	deffuant	micro	3.677555499265583	-0.13095238095238096	-0.035608539688532906	-0.035608539688532906	-0.24743055555555551	-0.029722222222222254	-0.0672812566948257	-0.00808205946263975	0.059199197232185946	21	-1	6.0	66.0	-0.01652290193880788	False	-1	0.5833333333333334	True	False	True	1	4	Mi05	False	False
assimilation_strength	plus	micro_extreme_agent_fraction	primary_discovery	deffuant	micro	0.012188124188530679	-0.00449404761904762	-0.36872348439611624	-0.36872348439611624	-0.007886367394179892	-0.0018296130952380957	-0.6470534162755872	-0.1501144119420613	0.4969390043335259	25	10	4.0	10.0	-0.17567951151323422	True	-1	0.8333333333333334	True	True	True	1	5	Mi06	False	True
assimilation_strength	plus	micro_interaction_distance_std	primary_discovery	deffuant	micro	0.09145138327088546	-0.002556468186704146	-0.027954396043761386	-0.027954396043761386	-0.009275938557421174	0.0034888575034953276	-0.10143027066026095	0.038149860381674984	0.13958013104193592	102	-1	21.0	116.0	-0.008857830604024628	False	-1	0.5416666666666666	True	False	False	1	6	Mi07	False	False
assimilation_strength	plus	micro_mean_abs_agent_shift	primary_discovery	deffuant	micro	0.005179132591381664	0.0011016551328328632	0.21271035514056394	0.21271035514056394	0.000725787745929863	0.0014946834138871766	0.14013693087093584	0.2885972481906343	0.14846031731969847	17	0	0.0	0.0	0.018139784027740274	True	1	0.9166666666666666	True	True	True	1	7	Mi08	False	True
assimilation_strength	plus	micro_mean_abs_opinion	primary_discovery	deffuant	micro	0.061372898367936	0.000352728937272429	0.005747307796314068	0.005747307796314068	-0.010370399579404365	0.00875588948116108	-0.16897359999576517	0.14266703567865968	0.31164063567442485	23	-1	13.175000000000011	104.0	0.004731294993490961	False	1	0.5	True	False	False	1	8	Mi09	False	False
assimilation_strength	plus	micro_mean_interaction_distance	primary_discovery	deffuant	micro	0.09393658525069876	-0.008932935236214053	-0.09509537963695147	-0.09509537963695147	-0.011791941147493492	-0.006190097849411404	-0.12553086868149463	-0.06589656024743946	0.059634308434055164	45	-1	3.0	27.0	-0.031685654319364036	False	-1	0.9166666666666666	True	False	True	1	9	Mi10	False	False
assimilation_strength	plus	micro_median_opinion	primary_discovery	deffuant	micro	0.43596448285522904	0.030863525524009238	0.07079366952527215	0.07079366952527215	-0.07871700619666147	0.1496411188470769	-0.180558300715522	0.3432415362532372	0.5237998369687592	113	-1	14.0	104.0	0.09740384719989208	False	1	0.6666666666666666	True	False	False	1	10	Mi11	False	False
assimilation_strength	plus	micro_opinion_p25	primary_discovery	deffuant	micro	0.07051284178506201	-0.0032710308652548563	-0.046389151003524254	-0.046389151003524254	-0.015992163302569043	0.009903657041297902	-0.22679788387080643	0.1404518211233967	0.3672497049942031	30	-1	12.025000000000007	94.0	-0.058658402045362414	False	-1	0.4166666666666667	True	False	False	1	11	Mi12	False	False
assimilation_strength	plus	micro_opinion_std	primary_discovery	deffuant	micro	0.054090584741157334	-0.0014959161598531022	-0.027655758705726573	-0.027655758705726573	-0.011298048053942024	0.006595087238247433	-0.2088727291081655	0.12192671367498185	0.3307994427831474	24	-1	6.0	71.0	0.0037560584664203273	False	-1	0.5416666666666666	True	False	False	1	12	Mi13	False	False
assimilation_strength	plus	micro_rejected_fraction	primary_discovery	deffuant	micro	0.01951843275680681	-0.0034490740740740745	-0.17670855631947457	-0.17670855631947457	-0.005888558201058202	-0.0010579530423280425	-0.3016921632196437	-0.054202765944878155	0.24748939727476554	21	9	1.0	9.0	-0.02779601871636031	False	-1	0.7916666666666666	True	False	True	1	13	Mi14	False	False
assimilation_strength	plus	micro_rewiring_fraction	primary_discovery	deffuant	micro	0.015323147913606642	-0.0005456349206349205	-0.03560853968853279	-0.03560853968853279	-0.0010309606481481478	-0.00012384259259259263	-0.06728125669482549	-0.008082059462639726	0.05919919723218576	17	-1	6.0	66.0	-0.016522901938807833	False	-1	0.5833333333333334	True	False	True	1	14	Mi15	False	False
assimilation_strength	plus	micro_sign_flip_fraction	primary_discovery	deffuant	micro	0.0016862515785484402	0.00011574074074074076	0.06863788429504258	0.06863788429504258	-0.0001546378968253968	0.0004555638227513227	-0.09170511612419793	0.2701636152913086	0.3618687314155066	19	-1	0.0	12.0	0.0	False	1	0.4583333333333333	True	False	False	1	15	Mi16	False	False
assimilation_strength	plus	meso_neighborhood_abs_opinion_std	primary_discovery	deffuant	meso	0.033676928800425436	-0.008585698483212056	-0.25494303634669896	-0.25494303634669896	-0.010862080786717118	-0.006339416169214093	-0.3225377483525131	-0.1882421109948128	0.13429563735770028	38	3	2.0	3.0	-0.06297422808405519	True	-1	0.9166666666666666	True	True	True	1	16	Me01	False	True
assimilation_strength	plus	meso_neighborhood_abs_opinion_variance	primary_discovery	deffuant	meso	0.0049005732730677655	-0.0011725903507415663	-0.23927615921708748	-0.23927615921708748	-0.0016046809149026944	-0.0007662227665599184	-0.32744759143212687	-0.15635370065189574	0.17109389078023113	35	2	1.0	2.0	-0.026362948034378695	True	-1	0.9166666666666666	True	True	True	1	17	Me02	False	True
assimilation_strength	plus	meso_neighborhood_agent_shift_std	primary_discovery	deffuant	meso	0.005749349796939266	0.001504114451853892	0.2616147051366791	0.2616147051366791	0.0010286249952051723	0.0020351965750891507	0.17891153461436163	0.35398725890232163	0.17507572428796	16	0	0.0	0.0	0.0337805010545387	True	1	0.9166666666666666	True	True	True	1	18	Me03	False	True
assimilation_strength	plus	meso_neighborhood_agent_shift_variance	primary_discovery	deffuant	meso	0.00014348419791139914	7.833937272786315e-05	0.5459790964314924	0.5459790964314924	5.5383146081679225e-05	0.0001050931638688098	0.3859877734820532	0.7324371979533549	0.3464494244713017	16	0	0.0	0.0	0.015796393321002775	True	1	1.0	True	True	True	1	19	Me04	False	True
assimilation_strength	plus	meso_neighborhood_interaction_distance_std	primary_discovery	deffuant	meso	0.10350040939166666	-0.004944373149100018	-0.04777153228823957	-0.04777153228823957	-0.010427995097879499	-0.0002067711850751081	-0.10075317729824468	-0.0019977813256046553	0.09875539597264002	45	-1	36.0	114.0	-0.052799226090021835	False	-1	0.5833333333333334	True	False	True	1	20	Me05	False	False
assimilation_strength	plus	meso_neighborhood_interaction_distance_variance	primary_discovery	deffuant	meso	0.0433023837869502	-0.001609784644280714	-0.03717542785175362	-0.03717542785175362	-0.004937883124955538	0.0012194517089662812	-0.11403259343065637	0.028161306660761262	0.14219390009141764	45	-1	20.0	103.0	-0.039883984067276494	False	-1	0.5833333333333334	True	False	False	1	21	Me06	False	False
assimilation_strength	plus	meso_neighborhood_opinion_std	primary_discovery	deffuant	meso	0.10815710020827826	-0.006408152646749404	-0.05924856190124567	-0.05924856190124567	-0.011181886111362485	-0.0018720717484686615	-0.10338559456410641	-0.017308819715613773	0.08607677484849263	53	-1	19.000000000000007	52.0	-0.030073309589574257	False	-1	0.6666666666666666	True	False	True	1	22	Me07	False	False
assimilation_strength	plus	meso_neighborhood_opinion_variance	primary_discovery	deffuant	meso	0.046635383424417025	-0.0024199811260556814	-0.051891524168077165	-0.051891524168077165	-0.005455739678562396	0.0002808369555600342	-0.11698713032786859	0.006021971621937938	0.12300910194980652	24	-1	7.0	48.5	-0.011882303814726667	False	-1	0.625	True	False	False	1	23	Me08	False	False
assimilation_strength	plus	macro_network_assortativity	primary_discovery	deffuant	macro	0.18270830261660898	0.0059357155966623665	0.03248738843093376	0.03248738843093376	0.002035234879097087	0.009802141670776856	0.011139257767435882	0.05364913104877039	0.042509873281334515	38	-1	28.0	52.25	0.005862731096526953	False	1	0.8333333333333334	True	False	True	1	24	Ma01	False	False
assimilation_strength	plus	macro_network_largest_component_fraction	primary_discovery	deffuant	macro	0.001600556299678277	6.283068783068762e-05	0.03925553124455355	0.03925553124455355	-6.94444444444442e-05	0.00025793650793650704	-0.04338769242819076	0.1611542861618514	0.20454197859004217	78	-1	78.0	113.0	0.045195512946032045	False	1	0.041666666666666664	True	False	False	1	25	Ma02	False	False
assimilation_strength	plus	macro_opinion_global_mean	primary_discovery	deffuant	macro	0.02981141988976378	0.003126580824529074	0.1048786282602606	0.1048786282602606	-0.0007189620060664184	0.006967421746913291	-0.024116999751269325	0.233716534558814	0.2578335343100833	110	-1	9.0	109.0	0.14067464157264845	False	1	0.7083333333333334	True	False	False	1	26	Ma03	False	False
assimilation_strength	plus	macro_opinion_global_variance	primary_discovery	deffuant	macro	0.05865438030214374	-0.001262306333297775	-0.021521092317322462	-0.021521092317322462	-0.01181737678347244	0.007342136324575491	-0.2014747529953962	0.12517626623543315	0.32665101923082934	24	-1	9.0	89.0	0.005680724157582077	False	-1	0.5	True	False	False	1	27	Ma04	False	False
backfire_threshold	minus	micro_accepted_count	primary_discovery	deffuant	micro	21.49190901251589	0.43134920634920637	0.02007030674185381	0.02007030674185381	-0.12887896825396822	0.9288392857142858	-0.005996627297226837	0.043218091290697945	0.04921471858792478	51	-1	40.5	81.0	0.02859603271982161	False	1	0.625	True	False	False	2	0	Mi01	False	False
backfire_threshold	minus	micro_accepted_fraction	primary_discovery	deffuant	micro	0.08954962088548292	0.0017972883597883597	0.020070306741853804	0.020070306741853804	-0.0005369957010582009	0.0038701636904761895	-0.005996627297226833	0.04321809129069792	0.04921471858792475	51	-1	40.5	81.0	0.028596032719821612	False	1	0.625	True	False	False	2	1	Mi02	False	False
backfire_threshold	minus	micro_agent_shift_std	primary_discovery	deffuant	micro	0.006435784645178799	-0.0002151590832490622	-0.033431678514948916	-0.033431678514948916	-0.0005361662429629453	0.0002170969893123828	-0.08331015913725458	0.03373279270228773	0.1170429518395423	27	-1	11.0	56.39999999999918	0.03323074407705445	False	-1	0.7083333333333334	True	False	False	2	2	Mi03	False	False
backfire_threshold	minus	micro_backfire_fraction	primary_discovery	deffuant	micro	0.07480579928965946	0.006284722222222222	0.084013836920408	0.084013836920408	0.004041749338624339	0.008974330357142856	0.054029893096577575	0.11996837734990147	0.0659384842533239	15	0	0.0	0.0	0.0071558746916553775	False	1	0.9166666666666666	True	False	True	2	3	Mi04	False	False
backfire_threshold	minus	micro_edge_rewired_count	primary_discovery	deffuant	micro	3.677555499265583	-0.049206349206349205	-0.013380178549630547	-0.013380178549630547	-0.11848214285714283	0.025019841269841258	-0.03221763556819306	0.006803389173824233	0.039021024742017296	77	-1	26.425000000000004	95.0	-0.033517886790153134	False	-1	0.625	True	False	False	2	4	Mi05	False	False
backfire_threshold	minus	micro_extreme_agent_fraction	primary_discovery	deffuant	micro	0.012188124188530679	-0.001119378306878307	-0.09184172146290313	-0.09184172146290313	-0.0032237516534391534	0.0008819444444444437	-0.2644994097182552	0.07236096636382941	0.33686037608208463	114	-1	4.0	43.0	-0.28547920620900563	False	-1	0.5833333333333334	True	False	False	2	5	Mi06	False	False
backfire_threshold	minus	micro_interaction_distance_std	primary_discovery	deffuant	micro	0.09145138327088546	0.010928086306168032	0.11949612914873324	0.11949612914873324	0.005315536843646977	0.015883575908618882	0.05812418198095463	0.1736832767370025	0.11555909475604789	31	11	8.0	11.0	0.05375629341152673	False	1	0.875	True	False	True	2	6	Mi07	False	False
backfire_threshold	minus	micro_mean_abs_agent_shift	primary_discovery	deffuant	micro	0.005179132591381664	-0.00016637341289265574	-0.03212379871670198	-0.03212379871670198	-0.00037825388562231165	0.00010541831289388294	-0.07303421546915888	0.020354434074405493	0.09338864954356438	27	0	0.0	0.0	0.021065021942124326	False	-1	0.7083333333333334	True	False	False	2	7	Mi08	False	False
backfire_threshold	minus	micro_mean_abs_opinion	primary_discovery	deffuant	micro	0.061372898367936	0.02803646609898679	0.45682160765661867	0.45682160765661867	0.021821615873199553	0.03308870679911819	0.3555578513235112	0.539141993926186	0.1835841426026748	70	6	5.0	6.0	0.4708939854535408	True	1	0.9583333333333334	True	True	True	2	8	Mi09	False	True
backfire_threshold	minus	micro_mean_interaction_distance	primary_discovery	deffuant	micro	0.09393658525069876	0.0025803250916642214	0.02746879807029207	0.02746879807029207	-0.0001314083577848828	0.005617630334362191	-0.0013989049892986737	0.05980236900638671	0.06120127399568538	31	-1	10.0	28.0	0.0032671000892017694	False	1	0.625	True	False	False	2	9	Mi10	False	False
backfire_threshold	minus	micro_median_opinion	primary_discovery	deffuant	micro	0.43596448285522904	0.06342836809907033	0.1454897602751117	0.1454897602751117	-0.018685670235152222	0.18151183433983328	-0.04286053330027158	0.4163454627107961	0.45920599601106765	119	-1	15.0	109.125	0.19358434983275352	False	1	0.5416666666666666	True	False	False	2	10	Mi11	False	False
backfire_threshold	minus	micro_opinion_p25	primary_discovery	deffuant	micro	0.07051284178506201	-0.032630651320020354	-0.46276182456928133	-0.46276182456928133	-0.03933750114026702	-0.025251467384117116	-0.5578771205984862	-0.35811161123088625	0.1997655093675999	119	7	4.0	7.0	-0.5188224628772877	True	-1	0.9583333333333334	True	True	True	2	11	Mi12	False	True
backfire_threshold	minus	micro_opinion_std	primary_discovery	deffuant	micro	0.054090584741157334	0.02641865899638524	0.4884151118500181	0.4884151118500181	0.02071372204829776	0.0312975815600819	0.38294505684159785	0.5786142211228064	0.1956691642812085	70	6	5.0	6.0	0.5134228702278872	True	1	0.9166666666666666	True	True	True	2	12	Mi13	False	True
backfire_threshold	minus	micro_rejected_fraction	primary_discovery	deffuant	micro	0.01951843275680681	-0.008082010582010581	-0.41407067271792514	-0.41407067271792514	-0.009798445767195768	-0.006373842592592593	-0.5020098636648314	-0.3265550401514586	0.17545482351337277	15	0	0.0	0.0	-0.15862261347469617	True	-1	1.0	True	True	True	2	13	Mi14	False	True
backfire_threshold	minus	micro_rewiring_fraction	primary_discovery	deffuant	micro	0.015323147913606642	-0.000205026455026455	-0.013380178549630509	-0.013380178549630509	-0.0004936755952380952	0.00010424933862433858	-0.03221763556819297	0.006803389173824212	0.039021024742017185	77	-1	26.425000000000004	95.0	-0.03351788679015303	False	-1	0.625	True	False	False	2	14	Mi15	False	False
backfire_threshold	minus	micro_sign_flip_fraction	primary_discovery	deffuant	micro	0.0016862515785484402	-0.00015046296296296295	-0.08922924958355534	-0.08922924958355534	-0.0003373015873015873	7.361937830687828e-05	-0.20003040565983837	0.04365859711766814	0.24368900277750652	26	-1	0.0	26.0	0.0	False	-1	0.5416666666666666	True	False	False	2	15	Mi16	False	False
backfire_threshold	minus	meso_neighborhood_abs_opinion_std	primary_discovery	deffuant	meso	0.033676928800425436	-0.002942682092121935	-0.08737976403848204	-0.08737976403848204	-0.004796244625148157	-0.000681299005371403	-0.14241929997748387	-0.02023043756183599	0.12218886241564789	37	35	8.0	19.0	-0.018492640078092676	False	-1	0.7916666666666666	True	False	True	2	16	Me01	False	False
backfire_threshold	minus	meso_neighborhood_abs_opinion_variance	primary_discovery	deffuant	meso	0.0049005732730677655	-0.0005276062887953368	-0.107662156934765	-0.107662156934765	-0.0008791475459026311	-0.00013478796091638583	-0.1793968780620402	-0.027504529247046303	0.1518923488149939	22	13	6.0	12.524999999999977	-0.03964509564444558	False	-1	0.75	True	False	True	2	17	Me02	False	False
backfire_threshold	minus	meso_neighborhood_agent_shift_std	primary_discovery	deffuant	meso	0.005749349796939266	-0.0002486020838118939	-0.04324003454168681	-0.04324003454168681	-0.0005080643458240387	8.420012567053556e-05	-0.08836900932597855	0.014645156173200747	0.1030141654991793	27	-1	12.0	40.0	0.024649309359885768	False	-1	0.7916666666666666	True	False	False	2	18	Me03	False	False
backfire_threshold	minus	meso_neighborhood_agent_shift_variance	primary_discovery	deffuant	meso	0.00014348419791139914	-8.244468011226815e-06	-0.05745906609393834	-0.05745906609393834	-1.557827505183436e-05	9.231062376363256e-07	-0.10857136380588665	0.006433504532717532	0.11500486833860418	27	23	5.0	22.0	0.01417931628370945	False	-1	0.7916666666666666	True	False	False	2	19	Me04	False	False
backfire_threshold	minus	meso_neighborhood_interaction_distance_std	primary_discovery	deffuant	meso	0.10350040939166666	0.008307521634852488	0.08026559202693713	0.08026559202693713	0.0033117244898205295	0.012789683613879499	0.031997211501727386	0.12357133357299802	0.09157412207127064	31	11	8.0	11.0	0.026303723350821682	False	1	0.7916666666666666	True	False	True	2	20	Me05	False	False
backfire_threshold	minus	meso_neighborhood_interaction_distance_variance	primary_discovery	deffuant	meso	0.0433023837869502	0.007035761540116307	0.16247977420209916	0.16247977420209916	0.004353279048270019	0.009298781613895857	0.10053208778732273	0.21474064013764943	0.1142085523503267	31	8	6.0	8.0	0.05398134071942876	True	1	0.9166666666666666	True	True	True	2	21	Me06	False	True
backfire_threshold	minus	meso_neighborhood_opinion_std	primary_discovery	deffuant	meso	0.10815710020827826	0.008493823786037259	0.07853228100310282	0.07853228100310282	0.00406184948497982	0.012585017933852983	0.03755508863641788	0.11635868481697452	0.07880359618055664	28	13	10.0	13.0	0.0587518397331959	False	1	0.7916666666666666	True	False	True	2	22	Me07	False	False
backfire_threshold	minus	meso_neighborhood_opinion_variance	primary_discovery	deffuant	meso	0.046635383424417025	0.007160480590883253	0.153541797345537	0.153541797345537	0.004767880475157284	0.009244979742596237	0.10223740269841869	0.1982395997146625	0.09600219701624382	33	7	6.0	7.0	0.08192833133037421	True	1	0.9166666666666666	True	True	True	2	23	Me08	False	True
backfire_threshold	minus	macro_network_assortativity	primary_discovery	deffuant	macro	0.18270830261660898	0.002259514889108914	0.012366788245251392	0.012366788245251392	-0.0013506563154035056	0.005405251331106313	-0.007392418932585089	0.02958404874708169	0.03697646767966678	48	-1	NA	NA	-0.01157003620181206	False	1	0.5833333333333334	True	False	False	2	24	Ma01	False	False
backfire_threshold	minus	macro_network_largest_component_fraction	primary_discovery	deffuant	macro	0.001600556299678277	0.0001636904761904756	0.10227098929502106	0.10227098929502106	-0.00013392857142857095	0.0006249999999999977	-0.0836762639686536	0.3904892318537168	0.47416549582237044	78	-1	78.0	111.0	0.2033798082571442	False	1	0.041666666666666664	True	False	False	2	25	Ma02	False	False
backfire_threshold	minus	macro_opinion_global_mean	primary_discovery	deffuant	macro	0.02981141988976378	-0.0013848774610067498	-0.04645459579341504	-0.04645459579341504	-0.0029876906572595566	0.00047037836423854186	-0.10021966978786635	0.01577846227982095	0.1159981320676873	69	-1	40.500000000000014	113.75	-0.05047848574488809	False	-1	0.6666666666666666	True	False	False	2	26	Ma03	False	False
backfire_threshold	minus	macro_opinion_global_variance	primary_discovery	deffuant	macro	0.05865438030214374	0.02920830986566014	0.49797320703416603	0.49797320703416603	0.022814232075202563	0.03430438295080666	0.388960414510913	0.5848562848008281	0.19589587028991506	119	8	7.0	8.0	0.5596214604078046	True	1	0.9166666666666666	True	True	True	2	27	Ma04	False	True
backfire_threshold	plus	micro_accepted_count	primary_discovery	deffuant	micro	21.49190901251589	-0.5845238095238096	-0.02719738898873106	-0.02719738898873106	-1.1508928571428572	-0.013085317460318008	-0.053550052555714364	-0.0006088485416859786	0.05294120401402839	15	-1	12.475000000000005	92.62499999999996	-0.03610854979028322	False	-1	0.5833333333333334	True	False	True	3	0	Mi01	False	False
backfire_threshold	plus	micro_accepted_fraction	primary_discovery	deffuant	micro	0.08954962088548292	-0.0024355158730158728	-0.027197388988731048	-0.027197388988731048	-0.004795386904761905	-5.4522156084658826e-05	-0.05355005255571434	-0.0006088485416859836	0.05294120401402836	15	-1	12.475000000000005	92.62499999999996	-0.03610854979028318	False	-1	0.5833333333333334	True	False	True	3	1	Mi02	False	False
backfire_threshold	plus	micro_agent_shift_std	primary_discovery	deffuant	micro	0.006435784645178799	-0.00031006230329651204	-0.04817785559819612	-0.04817785559819612	-0.0008700523299898668	0.00015676041432073764	-0.13518978305802135	0.024357622724087053	0.1595474057821084	85	-1	6.0	96.0	-0.09698279884016259	False	-1	0.4583333333333333	True	False	False	3	2	Mi03	False	False
backfire_threshold	plus	micro_backfire_fraction	primary_discovery	deffuant	micro	0.07480579928965946	-0.03643683862433863	-0.48708574696528045	-0.48708574696528045	-0.04282948908730159	-0.030628844246031746	-0.5725423629451412	-0.4094447828494177	0.16309758009572345	15	0	0.0	0.0	-0.05695689450520294	True	-1	1.0	True	True	True	3	3	Mi04	False	True
backfire_threshold	plus	micro_edge_rewired_count	primary_discovery	deffuant	micro	3.677555499265583	0.07658730158730158	0.02082560048450561	0.02082560048450561	0.0005853174603174621	0.16269841269841268	0.00015915938194117001	0.04424091294635907	0.044081753564417896	21	-1	10.750000000000007	66.5	0.01463457028865841	False	1	0.6666666666666666	True	False	True	3	4	Mi05	False	False
backfire_threshold	plus	micro_extreme_agent_fraction	primary_discovery	deffuant	micro	0.012188124188530679	0.0005753968253968254	0.047209629348730124	0.047209629348730124	-0.001403811177248677	0.0025224454365079365	-0.11517860792472868	0.2069592824531292	0.3221378903778579	44	-1	7.0	17.0	0.2736089689445979	False	1	0.5416666666666666	True	False	False	3	5	Mi06	False	False
backfire_threshold	plus	micro_interaction_distance_std	primary_discovery	deffuant	micro	0.09145138327088546	-0.03909981852482324	-0.4275475900567498	-0.4275475900567498	-0.04377027559568108	-0.03440957720933338	-0.47861797197785877	-0.37626087193683866	0.10235710004102011	42	7	5.0	7.0	-0.2418858106209457	True	-1	1.0	True	True	True	3	6	Mi07	False	True
backfire_threshold	plus	micro_mean_abs_agent_shift	primary_discovery	deffuant	micro	0.005179132591381664	-0.0005838955862777933	-0.11274003435429032	-0.11274003435429032	-0.0010253051051527327	-0.00023331500950420382	-0.19796849898357338	-0.04504905124314671	0.15291944774042668	17	0	0.0	0.0	-0.06655195948332383	False	-1	0.75	True	False	True	3	7	Mi08	False	False
backfire_threshold	plus	micro_mean_abs_opinion	primary_discovery	deffuant	micro	0.061372898367936	-0.09519577337607561	-1.55110441102795	-1.55110441102795	-0.10379232255121597	-0.08778533464831696	-1.6911751817385539	-1.430359930567985	0.2608152511705688	119	4	3.0	4.0	-1.8609465222525585	True	-1	1.0	True	True	True	3	8	Mi09	False	True
backfire_threshold	plus	micro_mean_interaction_distance	primary_discovery	deffuant	micro	0.09393658525069876	-0.012640437153944126	-0.13456351559096189	-0.13456351559096189	-0.015495372532117586	-0.009751204062065682	-0.1649556718584501	-0.10380624371262362	0.06114942814582647	42	7	4.0	7.0	-0.032260864669426625	True	-1	0.9583333333333334	True	True	True	3	9	Mi10	False	True
backfire_threshold	plus	micro_median_opinion	primary_discovery	deffuant	micro	0.43596448285522904	-0.005668471825242344	-0.013002141339859262	-0.013002141339859262	-0.06843198562195019	0.07382101086524029	-0.15696688219593896	0.16932803879290798	0.32629492098884694	26	-1	23.0	93.10000000000002	0.021365504934241622	False	-1	0.5833333333333334	True	False	False	3	10	Mi11	False	False
backfire_threshold	plus	micro_opinion_p25	primary_discovery	deffuant	micro	0.07051284178506201	0.09812998718153391	1.391661216557613	1.391661216557613	0.08979177889162822	0.10776371641868043	1.2734102983018678	1.5282849717951652	0.2548746734932974	119	4	3.0	4.0	1.6534560485832455	True	1	1.0	True	True	True	3	11	Mi12	False	True
backfire_threshold	plus	micro_opinion_std	primary_discovery	deffuant	micro	0.054090584741157334	-0.0918553312501264	-1.6981759707292274	-1.6981759707292274	-0.09974763694500166	-0.08495884506475358	-1.8440850181659074	-1.5706771422662897	0.2734078758996177	119	4	3.0	4.0	-2.058197506987272	True	-1	1.0	True	True	True	3	12	Mi13	False	True
backfire_threshold	plus	micro_rejected_fraction	primary_discovery	deffuant	micro	0.01951843275680681	0.038872354497354496	1.991571504827827	1.991571504827827	0.032849371693121694	0.0454546130952381	1.682992282342233	2.328804451750173	0.6458121694079402	17	0	0.0	0.0	0.38395567186865703	True	1	1.0	True	True	True	3	13	Mi14	False	True
backfire_threshold	plus	micro_rewiring_fraction	primary_discovery	deffuant	micro	0.015323147913606642	0.0003191137566137566	0.020825600484505543	0.020825600484505543	2.438822751322803e-06	0.000677910052910053	0.00015915938194116996	0.04424091294635893	0.04408175356441776	21	-1	10.750000000000007	66.5	0.01463457028865837	False	1	0.6666666666666666	True	False	True	3	14	Mi15	False	False
backfire_threshold	plus	micro_sign_flip_fraction	primary_discovery	deffuant	micro	0.0016862515785484402	0.00034887566137566144	0.20689419408934265	0.20689419408934265	0.00018650793650793666	0.0005217013888888888	0.1106050478354401	0.3093852634599044	0.1987802156244643	27	-1	3.4750000000000103	19.0	0.0	False	1	0.7916666666666666	True	False	True	3	15	Mi16	False	False
backfire_threshold	plus	meso_neighborhood_abs_opinion_std	primary_discovery	deffuant	meso	0.033676928800425436	0.0022213421153771122	0.06596035311120918	0.06596035311120918	6.790398995345998e-05	0.004402095361372442	0.00201633558558351	0.13071546361783534	0.12869912803225184	46	-1	24.0	55.0	0.036327223475526645	False	1	0.8333333333333334	True	False	True	3	16	Me01	False	False
backfire_threshold	plus	meso_neighborhood_abs_opinion_variance	primary_discovery	deffuant	meso	0.0049005732730677655	0.0006468034002134102	0.13198525237201697	0.13198525237201697	0.00025200392954404454	0.0010382135520491352	0.05142335712619389	0.21185553081205374	0.16043217368585985	47	-1	8.0	61.549999999999955	0.13454720199044898	False	1	0.9166666666666666	True	False	True	3	17	Me02	False	False
backfire_threshold	plus	meso_neighborhood_agent_shift_std	primary_discovery	deffuant	meso	0.005749349796939266	-0.0003683267162882353	-0.06406406451114148	-0.06406406451114148	-0.0008980754530430814	5.307977269917632e-05	-0.1562046987506626	0.009232308795584843	0.16543700754624743	20	-1	2.0	75.47499999999997	-0.09275036168657669	False	-1	0.5	True	False	False	3	18	Me03	False	False
backfire_threshold	plus	meso_neighborhood_agent_shift_variance	primary_discovery	deffuant	meso	0.00014348419791139914	-2.912849526255087e-07	-0.002030083848016319	-0.002030083848016319	-9.416191424758734e-06	7.674915198842663e-06	-0.06562528530544662	0.05348961983661704	0.11911490514206366	20	-1	0.0	24.5	-0.020236120694776833	False	-1	0.4166666666666667	True	False	False	3	19	Me04	False	False
backfire_threshold	plus	meso_neighborhood_interaction_distance_std	primary_discovery	deffuant	meso	0.10350040939166666	-0.027106572655310357	-0.26189821677645314	-0.26189821677645314	-0.030692896704829116	-0.02325694062423958	-0.29654855362630433	-0.22470385152034109	0.07184470210596325	42	7	5.0	7.0	-0.10127027681990118	True	-1	1.0	True	True	True	3	20	Me05	False	True
backfire_threshold	plus	meso_neighborhood_interaction_distance_variance	primary_discovery	deffuant	meso	0.0433023837869502	-0.020545211368054088	-0.47445913068290907	-0.47445913068290907	-0.022361905259534232	-0.018604744732264793	-0.5164128000332701	-0.4296471257518069	0.08676567428146315	42	5	4.0	5.0	-0.19013079808403677	True	-1	1.0	True	True	True	3	21	Me06	False	True
backfire_threshold	plus	meso_neighborhood_opinion_std	primary_discovery	deffuant	meso	0.10815710020827826	-0.02538590665801003	-0.23471326994829153	-0.23471326994829153	-0.029111752610472122	-0.02124041030714318	-0.2691617337596106	-0.19638479828176325	0.07277693547784736	38	6	5.0	6.0	-0.056907440816986454	True	-1	1.0	True	True	True	3	22	Me07	False	True
backfire_threshold	plus	meso_neighborhood_opinion_variance	primary_discovery	deffuant	meso	0.046635383424417025	-0.020118730773780312	-0.43140485392142586	-0.43140485392142586	-0.022035060260722893	-0.018007002356640742	-0.4724966032805454	-0.38612317588907746	0.08637342739146792	38	4	4.0	4.0	-0.13201539440980062	True	-1	1.0	True	True	True	3	23	Me08	False	True
backfire_threshold	plus	macro_network_assortativity	primary_discovery	deffuant	macro	0.18270830261660898	-0.007726069255115708	-0.04228636107100136	-0.04228636107100136	-0.011572282732584016	-0.004260465968574752	-0.06333747600330476	-0.023318403748267633	0.04001907225503713	52	-1	44.050000000000004	67.3	-0.04836199831690426	False	-1	0.7916666666666666	True	False	True	3	24	Ma01	False	False
backfire_threshold	plus	macro_network_largest_component_fraction	primary_discovery	deffuant	macro	0.001600556299678277	0.0002083333333333326	0.13016307728457227	0.13016307728457227	0.0	0.0006249999999999977	0.0	0.3904892318537168	0.3904892318537168	78	-1	78.0	78.0	0.3254076932114307	False	1	0.041666666666666664	True	False	False	3	25	Ma02	False	False
backfire_threshold	plus	macro_opinion_global_mean	primary_discovery	deffuant	macro	0.02981141988976378	-0.0024118094974777174	-0.08090220145152664	-0.08090220145152664	-0.004403918531563413	-0.0006119082893685186	-0.14772588987200733	-0.020525969297377444	0.1271999205746299	56	-1	22.0	61.0	-0.07072141495657952	False	-1	0.6666666666666666	True	False	True	3	26	Ma03	False	False
backfire_threshold	plus	macro_opinion_global_variance	primary_discovery	deffuant	macro	0.05865438030214374	-0.09145259337706697	-1.5591775568332877	-1.5591775568332877	-0.09757010565050654	-0.08530654693162809	-1.6634751769245186	-1.4543934569284034	0.20908171999611525	119	5	4.0	5.0	-1.9751876157697403	True	-1	1.0	True	True	True	3	27	Ma04	False	True
confidence_bound	minus	micro_accepted_count	primary_discovery	deffuant	micro	21.49190901251589	-17.867857142857144	-0.8313759904925956	-0.8313759904925956	-19.04951388888889	-16.91451388888889	-0.88635746027937	-0.7870177506818338	0.09933970959753624	17	0	0.0	0.0	-0.4257093006594912	True	-1	1.0	True	True	True	4	0	Mi01	False	True
confidence_bound	minus	micro_accepted_fraction	primary_discovery	deffuant	micro	0.08954962088548292	-0.07444940476190477	-0.8313759904925954	-0.8313759904925954	-0.07937297453703702	-0.0704771412037037	-0.8863574602793697	-0.7870177506818334	0.09933970959753624	17	0	0.0	0.0	-0.4257093006594909	True	-1	1.0	True	True	True	4	1	Mi02	False	True
confidence_bound	minus	micro_agent_shift_std	primary_discovery	deffuant	micro	0.006435784645178799	0.0005965885155582948	0.09269864491274014	0.09269864491274014	0.00023991396331684743	0.0009621600889820709	0.03727812171225659	0.14950159802237137	0.11222347631011478	15	0	0.0	0.0	0.2662977380767782	False	1	0.625	True	False	True	4	2	Mi03	False	False
confidence_bound	minus	micro_backfire_fraction	primary_discovery	deffuant	micro	0.07480579928965946	0.011577380952380955	0.15476582113041223	0.15476582113041223	0.009089657738095239	0.014046792328042328	0.1215100677274859	0.18777678283539234	0.06626671510790644	91	-1	7.47500000000001	48.0	0.1611038815715927	False	1	1.0	True	False	True	4	3	Mi04	False	False
confidence_bound	minus	micro_edge_rewired_count	primary_discovery	deffuant	micro	3.677555499265583	2.6515873015873015	0.7210189763599298	0.7210189763599298	2.482123015873016	2.835734126984127	0.6749382888629966	0.7710921364886076	0.09615384762561108	23	0	0.0	0.0	0.3568946818782503	True	1	1.0	True	True	True	4	4	Mi05	False	True
confidence_bound	minus	micro_extreme_agent_fraction	primary_discovery	deffuant	micro	0.012188124188530679	0.06546130952380952	5.370909297544753	5.370909297544753	0.05056357473544975	0.08500260416666665	4.148593659968717	6.974215461855581	2.8256218018868644	113	2	1.0	2.0	6.523288888655261	True	1	1.0	True	True	True	4	5	Mi06	False	True
confidence_bound	minus	micro_interaction_distance_std	primary_discovery	deffuant	micro	0.09145138327088546	0.0458241717956428	0.5010768580712264	0.5010768580712264	0.04037825598673422	0.051148539428462425	0.4415270118673981	0.5592976027159353	0.1177705908485372	94	25	11.0	24.0	0.6495670325678005	True	1	1.0	True	True	True	4	6	Mi07	False	True
confidence_bound	minus	micro_mean_abs_agent_shift	primary_discovery	deffuant	micro	0.005179132591381664	0.00031746901518425204	0.061297719180338495	0.061297719180338495	4.223488759085725e-05	0.0005954498311796935	0.00815481875500508	0.11497095713875949	0.10681613838375441	15	0	0.0	0.0	0.20509411256621382	False	1	0.5833333333333334	True	False	True	4	7	Mi08	False	False
confidence_bound	minus	micro_mean_abs_opinion	primary_discovery	deffuant	micro	0.061372898367936	0.014157013604328991	0.23067207156253935	0.23067207156253935	0.007082531136648841	0.021834614684283177	0.11540160763124524	0.3557696518320304	0.24036804420078517	119	76	5.0	50.499999999999545	0.3285024452567777	True	1	0.75	True	True	True	4	8	Mi09	False	True
confidence_bound	minus	micro_mean_interaction_distance	primary_discovery	deffuant	micro	0.09393658525069876	0.04309098312339288	0.4587241808757609	0.4587241808757609	0.04050962696564735	0.04579498501731515	0.43124440661255586	0.48750957781887755	0.056265171206321685	39	3	2.0	3.0	0.3134138051755007	True	1	1.0	True	True	True	4	9	Mi10	False	True
confidence_bound	minus	micro_median_opinion	primary_discovery	deffuant	micro	0.43596448285522904	-0.01648625369977838	-0.037815588994328665	-0.037815588994328665	-0.14683801436576308	0.11687031984116084	-0.3368118737656977	0.2680730298847992	0.6048849036504969	35	-1	12.0	97.77499999999998	0.005683193552089496	False	-1	0.4583333333333333	True	False	False	4	10	Mi11	False	False
confidence_bound	minus	micro_opinion_p25	primary_discovery	deffuant	micro	0.07051284178506201	-0.03223680478653737	-0.4571763663249022	-0.4571763663249022	-0.05295441414710016	-0.0151520120879517	-0.7509896468010233	-0.21488301569433585	0.5361066311066874	119	41	7.0	39.52499999999998	-0.7022575083327268	True	-1	0.7083333333333334	True	True	True	4	11	Mi12	False	True
confidence_bound	minus	micro_opinion_std	primary_discovery	deffuant	micro	0.054090584741157334	0.03107522041315124	0.5745033181256444	0.5745033181256444	0.023782619922643616	0.038987326959946327	0.43968132414267486	0.7207784339273561	0.2810971097846812	119	3	2.0	3.0	0.6476065143099573	True	1	0.875	True	True	True	4	12	Mi13	False	True
confidence_bound	minus	micro_rejected_fraction	primary_discovery	deffuant	micro	0.01951843275680681	0.06287202380952382	3.2211614832444972	3.2211614832444972	0.05841389715608466	0.0675530753968254	2.992755508800446	3.4609887094171077	0.4682332006166616	17	0	0.0	0.0	1.3356913527168341	True	1	1.0	True	True	True	4	13	Mi14	False	True
confidence_bound	minus	micro_rewiring_fraction	primary_discovery	deffuant	micro	0.015323147913606642	0.011048280423280423	0.7210189763599276	0.7210189763599276	0.010342179232804232	0.011815558862433862	0.6749382888629947	0.7710921364886055	0.09615384762561086	23	0	0.0	0.0	0.35689468187824924	True	1	1.0	True	True	True	4	14	Mi15	False	True
confidence_bound	minus	micro_sign_flip_fraction	primary_discovery	deffuant	micro	0.0016862515785484402	0.00018683862433862427	0.110801156076283	0.110801156076283	-9.858630952380942e-05	0.0005236028439153436	-0.058464769301313	0.31051288584475134	0.36897765514606434	16	0	0.0	0.0	0.08579735536880322	False	1	0.625	True	False	False	4	15	Mi16	False	False
confidence_bound	minus	meso_neighborhood_abs_opinion_std	primary_discovery	deffuant	meso	0.033676928800425436	0.042903767702693156	1.2739810080945135	1.2739810080945135	0.03904006498990371	0.046787481001685775	1.1592525322383471	1.389303676678935	0.23005114444058794	47	1	1.0	1.0	0.8698696877504277	True	1	1.0	True	True	True	4	16	Me01	False	True
confidence_bound	minus	meso_neighborhood_abs_opinion_variance	primary_discovery	deffuant	meso	0.0049005732730677655	0.008717550103265546	1.7788837381893383	1.7788837381893383	0.007761693802758657	0.009832379690802777	1.5838338435657806	2.0063733655078466	0.422539521942066	34	1	1.0	1.0	0.9373650242339187	True	1	1.0	True	True	True	4	17	Me02	False	True
confidence_bound	minus	meso_neighborhood_agent_shift_std	primary_discovery	deffuant	meso	0.005749349796939266	0.0005343368621369988	0.09293865932830514	0.09293865932830514	0.00022988779289068615	0.0008429836711475256	0.03998500717647579	0.14662243573982886	0.10663742856335306	15	0	0.0	0.0	0.23070490665905755	False	1	0.5833333333333334	True	False	True	4	18	Me03	False	False
confidence_bound	minus	meso_neighborhood_agent_shift_variance	primary_discovery	deffuant	meso	0.00014348419791139914	-5.7859609085279576e-06	-0.04032472559870852	-0.04032472559870852	-1.4544217071185794e-05	2.2521993098539407e-06	-0.10136459124346768	0.01569649719368166	0.11706108843714934	15	0	0.0	0.0	0.10276002483852975	False	-1	0.5	True	False	False	4	19	Me04	False	False
confidence_bound	minus	meso_neighborhood_interaction_distance_std	primary_discovery	deffuant	meso	0.10350040939166666	0.044294737828033774	0.42796678861832765	0.42796678861832765	0.03964657904775453	0.04912260914980186	0.38305721958764233	0.47461270383880205	0.09155548425115972	91	28	11.0	26.524999999999977	0.4732383209737292	True	1	1.0	True	True	True	4	20	Me05	False	True
confidence_bound	minus	meso_neighborhood_interaction_distance_variance	primary_discovery	deffuant	meso	0.0433023837869502	0.020139273855444475	0.4650846464834515	0.4650846464834515	0.017335005738698294	0.023210879167989605	0.4003245138648106	0.5360185084079491	0.13569399454313846	91	18	8.0	18.0	0.4343898164376044	True	1	1.0	True	True	True	4	21	Me06	False	True
confidence_bound	minus	meso_neighborhood_opinion_std	primary_discovery	deffuant	meso	0.10815710020827826	0.0508780045531819	0.4704083639003456	0.4704083639003456	0.04555491243223301	0.05667525945012495	0.42119206547242716	0.5240086812699798	0.10281661579755264	76	7	5.0	7.0	0.5133978629327515	True	1	1.0	True	True	True	4	22	Me07	False	True
confidence_bound	minus	meso_neighborhood_opinion_variance	primary_discovery	deffuant	meso	0.046635383424417025	0.025218808343400418	0.5407655409175115	0.5407655409175115	0.021926735691331828	0.028656637616909692	0.47017380540826825	0.6144827277630114	0.14430892235474313	65	4	3.0	4.0	0.474404074967993	True	1	1.0	True	True	True	4	23	Me08	False	True
confidence_bound	minus	macro_network_assortativity	primary_discovery	deffuant	macro	0.18270830261660898	-0.04093449124013273	-0.22404286315345368	-0.22404286315345368	-0.04567377980766433	-0.036342634959365676	-0.24998196115644053	-0.19891069228324149	0.051071268873199044	53	16	9.0	16.0	-0.17539036335322092	True	-1	1.0	True	True	True	4	24	Ma01	False	True
confidence_bound	minus	macro_network_largest_component_fraction	primary_discovery	deffuant	macro	0.001600556299678277	0.0002083333333333326	0.13016307728457227	0.13016307728457227	0.0	0.0008333333333333304	0.0	0.5206523091382892	0.5206523091382892	78	-1	78.0	78.0	0.3254076932114307	False	1	0.041666666666666664	True	False	False	4	25	Ma02	False	False
confidence_bound	minus	macro_opinion_global_mean	primary_discovery	deffuant	macro	0.02981141988976378	-0.0005032773719738278	-0.016882032920097045	-0.016882032920097045	-0.005721198028329899	0.004131988768118697	-0.19191296655730114	0.13860422560877353	0.33051719216607467	64	-1	10.0	98.0	-0.0032233095385881343	False	-1	0.5	True	False	False	4	26	Ma03	False	False
confidence_bound	minus	macro_opinion_global_variance	primary_discovery	deffuant	macro	0.05865438030214374	0.034360789821024924	0.585817966945072	0.585817966945072	0.026166665789833857	0.0433482072162368	0.4461161409436543	0.7390446713943456	0.2929285304506913	119	4	3.0	4.0	0.7077138035530721	True	1	0.875	True	True	True	4	27	Ma04	False	True
confidence_bound	plus	micro_accepted_count	primary_discovery	deffuant	micro	21.49190901251589	13.785317460317458	0.6414189382753077	0.6414189382753077	11.820257936507938	15.645396825396826	0.5499864125436399	0.7279668277157545	0.1779804151721146	17	0	0.0	0.0	0.22343679803114855	True	1	1.0	True	True	True	5	0	Mi01	False	True
confidence_bound	plus	micro_accepted_fraction	primary_discovery	deffuant	micro	0.08954962088548292	0.05743882275132276	0.6414189382753075	0.6414189382753075	0.04925107473544974	0.06518915343915345	0.5499864125436397	0.7279668277157543	0.1779804151721146	17	0	0.0	0.0	0.2234367980311486	True	1	1.0	True	True	True	5	1	Mi02	False	True
confidence_bound	plus	micro_agent_shift_std	primary_discovery	deffuant	micro	0.006435784645178799	0.009352357351726534	1.4531805937186866	1.4531805937186866	0.007571422924191876	0.010947413790848851	1.1764568489506264	1.7010223918927774	0.524565542942151	44	0	0.0	0.0	0.7190476843950228	True	1	1.0	True	True	True	5	2	Mi03	False	True
confidence_bound	plus	micro_backfire_fraction	primary_discovery	deffuant	micro	0.07480579928965946	-0.05171461640211641	-0.6913182787054989	-0.6913182787054989	-0.058316964285714284	-0.044897238756613764	-0.7795781188020211	-0.6001839320339966	0.17939418676802454	28	1	1.0	1.0	-0.2070368610112725	True	-1	1.0	True	True	True	5	3	Mi04	False	True
confidence_bound	plus	micro_edge_rewired_count	primary_discovery	deffuant	micro	3.677555499265583	-2.0666666666666664	-0.561967499084483	-0.561967499084483	-2.3591666666666664	-1.776359126984127	-0.6415040281887787	-0.48302714325830576	0.15847688493047296	18	0	0.0	0.0	-0.2147977252045025	True	-1	1.0	True	True	True	5	4	Mi05	False	True
confidence_bound	plus	micro_extreme_agent_fraction	primary_discovery	deffuant	micro	0.012188124188530679	-0.00985945767195767	-0.8089397120875796	-0.8089397120875796	-0.012671213624338627	-0.007100487764550267	-1.039636077573163	-0.5825742874553245	0.45706179011783854	25	1	1.0	1.0	-0.48133812107173296	True	-1	1.0	True	True	True	5	5	Mi06	False	True
confidence_bound	plus	micro_interaction_distance_std	primary_discovery	deffuant	micro	0.09145138327088546	-0.13322486262856278	-1.456783460934006	-1.456783460934006	-0.14757208552417211	-0.11912067557781167	-1.6136670681847771	-1.302557395167745	0.3111096730170322	53	3	2.0	3.0	-1.1164957814906968	True	-1	1.0	True	True	True	5	6	Mi07	False	True
confidence_bound	plus	micro_mean_abs_agent_shift	primary_discovery	deffuant	micro	0.005179132591381664	0.006389237863355472	1.2336501818832526	1.2336501818832526	0.005157309845554442	0.007513944696390417	0.995786409125046	1.4508114175130402	0.4550250083879942	39	0	0.0	0.0	0.6402787159451805	True	1	1.0	True	True	True	5	7	Mi08	False	True
confidence_bound	plus	micro_mean_abs_opinion	primary_discovery	deffuant	micro	0.061372898367936	-0.3364639228454435	-5.482288303027701	-5.482288303027701	-0.3680140975085065	-0.302325059229174	-5.996361705165514	-4.926035225136481	1.070326480029033	119	2	1.0	2.0	-7.609098178649172	True	-1	1.0	True	True	True	5	8	Mi09	False	True
confidence_bound	plus	micro_mean_interaction_distance	primary_discovery	deffuant	micro	0.09393658525069876	-0.03330205884782435	-0.35451638740058017	-0.35451638740058017	-0.0424867513291316	-0.024800889163623593	-0.4522918436490171	-0.2640173591304684	0.18827448451854867	20	2	1.0	2.0	-0.08173334110708218	True	-1	0.9583333333333334	True	True	True	5	9	Mi10	False	True
confidence_bound	plus	micro_median_opinion	primary_discovery	deffuant	micro	0.43596448285522904	-0.07799150384711004	-0.178894168938548	-0.178894168938548	-0.21977598981134733	0.06188590256437644	-0.5041144369651058	0.14195170707272256	0.6460661440378284	48	-1	7.85000000000001	78.0	-0.18969014097117917	False	-1	0.5833333333333334	True	False	False	5	10	Mi11	False	False
confidence_bound	plus	micro_opinion_p25	primary_discovery	deffuant	micro	0.07051284178506201	0.34283554654491183	4.862029920591582	4.862029920591582	0.30040514382662636	0.3860695002989965	4.260289845391915	5.475165807042888	1.2148759616509732	119	3	2.0	3.0	6.719962807261912	True	1	1.0	True	True	True	5	11	Mi12	False	True
confidence_bound	plus	micro_opinion_std	primary_discovery	deffuant	micro	0.054090584741157334	-0.31411393694117634	-5.807183236127382	-5.807183236127382	-0.3437464406870542	-0.28164464150147056	-6.355014321475781	-5.206906947840188	1.1481073736355931	119	2	1.0	2.0	-8.30791013516746	True	-1	1.0	True	True	True	5	12	Mi13	False	True
confidence_bound	plus	micro_rejected_fraction	primary_discovery	deffuant	micro	0.01951843275680681	-0.0057242063492063495	-0.293271822616501	-0.293271822616501	-0.008385582010582008	-0.002822958002645503	-0.4296237364476737	-0.14463036237686813	0.2849933740708056	15	0	0.0	0.0	-0.23163348930300262	True	-1	0.75	True	True	True	5	13	Mi14	False	True
confidence_bound	plus	micro_rewiring_fraction	primary_discovery	deffuant	micro	0.015323147913606642	-0.008611111111111111	-0.5619674990844813	-0.5619674990844813	-0.00982986111111111	-0.007401496362433863	-0.6415040281887768	-0.48302714325830426	0.15847688493047257	18	0	0.0	0.0	-0.21479772520450183	True	-1	1.0	True	True	True	5	14	Mi15	False	True
confidence_bound	plus	micro_sign_flip_fraction	primary_discovery	deffuant	micro	0.0016862515785484402	0.022924933862433865	13.595203796439504	13.595203796439504	0.019067336309523814	0.026928654100529102	11.307527626415844	15.969535295385661	4.662007668969817	56	0	0.0	0.0	11.235163685544782	True	1	1.0	True	True	True	5	15	Mi16	False	True
confidence_bound	plus	meso_neighborhood_abs_opinion_std	primary_discovery	deffuant	meso	0.033676928800425436	0.018325058139263755	0.5441427942512459	0.5441427942512459	0.011223943898139233	0.024299371169882632	0.3332828823154872	0.7215435621782608	0.3882606798627736	46	13	8.0	13.0	0.317554089425468	True	1	0.7916666666666666	True	True	True	5	16	Me01	False	True
confidence_bound	plus	meso_neighborhood_abs_opinion_variance	primary_discovery	deffuant	meso	0.0049005732730677655	0.002647657214883999	0.5402749979139813	0.5402749979139813	0.001740491755476299	0.0033735036218917273	0.3551608472097691	0.6883895891183991	0.33322874190863	28	13	2.0	13.0	0.20948737802568526	True	1	0.9166666666666666	True	True	True	5	17	Me02	False	True
confidence_bound	plus	meso_neighborhood_agent_shift_std	primary_discovery	deffuant	meso	0.005749349796939266	0.007912940817449003	1.3763192529460546	1.3763192529460546	0.006370478868514844	0.009299307972619382	1.1080346636599223	1.617453851489429	0.5094191878295067	44	0	0.0	0.0	0.666313920111384	True	1	1.0	True	True	True	5	18	Me03	False	True
confidence_bound	plus	meso_neighborhood_agent_shift_variance	primary_discovery	deffuant	meso	0.00014348419791139914	0.0003248445282096838	2.2639742420295916	2.2639742420295916	0.00027724559017632656	0.00036898075227988073	1.932237794907035	2.5715776207476497	0.6393398258406147	15	0	0.0	0.0	0.6187736824572263	True	1	1.0	True	True	True	5	19	Me04	False	True
confidence_bound	plus	meso_neighborhood_interaction_distance_std	primary_discovery	deffuant	meso	0.10350040939166666	-0.09089684530645879	-0.8782269156297401	-0.8782269156297401	-0.10229602460063585	-0.07947017360702284	-0.9883634779986891	-0.7678247272075176	0.22053875079117147	42	3	2.0	3.0	-0.4298548403386362	True	-1	1.0	True	True	True	5	20	Me05	False	True
confidence_bound	plus	meso_neighborhood_interaction_distance_variance	primary_discovery	deffuant	meso	0.0433023837869502	-0.05023422819472841	-1.160079972545697	-1.160079972545697	-0.054207418676244574	-0.04590704109391102	-1.2518345166157054	-1.060150436977693	0.19168407963801237	42	3	2.0	3.0	-0.5413157134478291	True	-1	1.0	True	True	True	5	21	Me06	False	True
confidence_bound	plus	meso_neighborhood_opinion_std	primary_discovery	deffuant	meso	0.10815710020827826	-0.08087635231271731	-0.7477673879659644	-0.7477673879659644	-0.09351053613524714	-0.06778353051912363	-0.864580651248728	-0.6267136451383478	0.23786700611038014	40	2	2.0	2.0	-0.3167869070888178	True	-1	1.0	True	True	True	5	22	Me07	False	True
confidence_bound	plus	meso_neighborhood_opinion_variance	primary_discovery	deffuant	meso	0.046635383424417025	-0.0487263550116769	-1.044836590453872	-1.044836590453872	-0.05292782078759382	-0.04422492257372337	-1.1349283934456138	-0.948312618580689	0.18661577486492475	40	2	1.0	2.0	-0.4370872277442655	True	-1	1.0	True	True	True	5	23	Me08	False	True
confidence_bound	plus	macro_network_assortativity	primary_discovery	deffuant	macro	0.18270830261660898	-0.15747547124187547	-0.8618955405235112	-0.8618955405235112	-0.2266076720870884	-0.10081555254061252	-1.2402702495824554	-0.5517841887687043	0.6884860608137511	119	41	7.0	41.0	-1.7736562396031461	True	-1	0.9166666666666666	True	True	True	5	24	Ma01	False	True
confidence_bound	plus	macro_network_largest_component_fraction	primary_discovery	deffuant	macro	0.001600556299678277	0.0002083333333333326	0.13016307728457227	0.13016307728457227	0.0	0.0006249999999999977	0.0	0.3904892318537168	0.3904892318537168	78	-1	78.0	78.0	0.3254076932114307	False	1	0.041666666666666664	True	False	False	5	25	Ma02	False	False
confidence_bound	plus	macro_opinion_global_mean	primary_discovery	deffuant	macro	0.02981141988976378	-0.0012898599791495845	-0.043267311114975726	-0.043267311114975726	-0.007023493493658885	0.004658431920246512	-0.23559741601138942	0.1562633359119556	0.391860751923345	26	-1	7.0	104.0	-0.041389975624084176	False	-1	0.5833333333333334	True	False	False	5	26	Ma03	False	False
confidence_bound	plus	macro_opinion_global_variance	primary_discovery	deffuant	macro	0.05865438030214374	-0.22771607372384994	-3.882337048841469	-3.882337048841469	-0.24334591405854206	-0.21149421567899987	-4.148810588484695	-3.605770184418265	0.5430404040664301	119	2	2.0	2.0	-5.316351064018767	True	-1	1.0	True	True	True	5	27	Ma04	False	True
